Id,R,Nome,Squadra,Qt.A,Qt.I,Diff.,FVM,Player,Nation,Pos,Squad,Age,Born,MP,Starts,Min,90s,Gls,Ast,G+A,G-PK,PK,PKatt,xG,xAG,npxG,npxG+xAG,Sh,SoT,SoT%,Sh/90,SoT/90,Cmp,Att,Cmp%,PrgP,KP,PPA,PrgC,PrgR,SCA,SCA90,GCA,GCA90,Tkl,Int,Blocks,Tkl+Int,Clr,Err,Touches,Carries,Mis,Dis,CrdY,CrdR,MP_stats_keeper,Starts_stats_keeper,Min_stats_keeper,90s_stats_keeper,GA,GA90,SoTA,Saves,Save%,W,D,L,CS,CS%,PKA,PKsv,PKm,PSxG,PSxG/SoT,PSxG+/-,/90,PlayerScore,Score
2423,C,pulisic,Milan,28,28,0,218,christian pulisic,us USA,"FW,MF",Milan,25.0,1998.0,34,29,2478,27.5,11,9,20,8,3,4,12.0,6.4,8.9,15.2,53,20,37.7,1.92,0.73,825,1078,76.5,105,69,35,121,191,125,4.54,14,0.51,43,5,25,48,13,2,1367,859,57,40,1,0,,,,,,,,,,,,,,,,,,,,,,100.0,100.0
2167,C,orsolini,Bologna,30,30,0,218,riccardo orsolini,it ITA,FW,Bologna,27.0,1997.0,30,23,1878,20.9,15,4,19,12,3,3,10.1,3.7,7.8,11.5,72,25,34.7,3.45,1.2,425,646,65.8,69,30,29,61,186,59,2.83,5,0.24,16,8,31,24,10,1,916,589,48,25,2,0,,,,,,,,,,,,,,,,,,,,,,89.42020530101432,95.0
6875,C,paz,Como,21,20,1,132,nicolas paz,ar ARG,"MF,FW",Como,19.0,2004.0,35,30,2687,29.9,6,8,14,6,0,1,9.3,6.0,8.5,14.5,109,37,33.9,3.65,1.24,992,1231,80.6,163,54,38,77,171,144,4.82,16,0.54,51,21,29,72,16,0,1683,1093,101,45,6,0,,,,,,,,,,,,,,,,,,,,,,85.63768782826901,94.23076923076923
632,C,zaccagni,Lazio,26,26,0,206,mattia zaccagni,it ITA,FW,Lazio,29.0,1995.0,34,33,2686,29.8,8,6,14,6,2,2,6.4,4.6,4.9,9.5,46,14,30.4,1.54,0.47,872,1151,75.8,114,55,39,91,264,107,3.59,9,0.3,38,29,31,67,22,2,1458,911,49,40,10,0,,,,,,,,,,,,,,,,,,,,,,87.85284864140796,90.76923076923077
6431,D,paz,Sassuolo,1,1,0,5,nicolas paz,ar ARG,"MF,FW",Como,19.0,2004.0,35,30,2687,29.9,6,8,14,6,0,1,9.3,6.0,8.5,14.5,109,37,33.9,3.65,1.24,992,1231,80.6,163,54,38,77,171,144,4.82,16,0.54,51,21,29,72,16,0,1683,1093,101,45,6,0,,,,,,,,,,,,,,,,,,,,,,49.7917926840386,76.53846153846153
7164,D,perez,Lecce,1,1,0,1,ayoze perez,es ESP,FW,Villarreal,31.0,1993.0,30,22,1970,21.9,19,2,21,19,0,0,12.7,3.0,12.7,15.7,75,31,41.3,3.43,1.42,314,414,75.8,73,32,21,59,124,72,3.26,5,0.23,27,8,12,35,15,0,705,429,62,34,4,0,,,,,,,,,,,,,,,,,,,,,,46.63166794098096,76.15384615384615
2379,C,rabiot,Milan,23,23,0,145,adrien rabiot,fr FRA,MF,Marseille,29.0,1995.0,29,27,2485,27.6,9,4,13,9,0,0,7.3,3.8,7.3,11.1,48,22,45.8,1.74,0.8,1309,1543,84.8,168,28,24,79,174,66,2.39,11,0.4,49,21,38,70,32,0,1822,1096,52,31,4,0,,,,,,,,,,,,,,,,,,,,,,71.03409605867569,71.15384615384616
2531,A,lukaku,Napoli,30,31,-1,120,romelu lukaku,be BEL,FW,Napoli,31.0,1993.0,36,35,2843,31.6,14,10,24,11,3,4,13.0,4.0,9.8,13.8,60,20,33.3,1.9,0.63,353,497,71.0,36,35,11,31,219,76,2.4,16,0.51,4,1,21,5,17,0,725,380,55,53,4,0,,,,,,,,,,,,,,,,,,,,,,66.02908530852048,69.61538461538461
22,C,de roon,Atalanta,12,12,0,32,marten de roon,nl NED,"MF,DF",Atalanta,33.0,1991.0,36,34,3058,34.0,4,4,8,4,0,0,0.9,2.3,0.9,3.2,14,4,28.6,0.41,0.12,1950,2258,86.4,242,25,27,37,32,73,2.15,14,0.41,74,47,17,121,67,1,2538,1475,24,9,5,0,,,,,,,,,,,,,,,,,,,,,,68.18540474284472,68.84615384615384
2517,C,de bruyne,Napoli,23,23,0,139,kevin de bruyne,be BEL,"MF,FW",Manchester City,33.0,1991.0,28,19,1702,18.9,4,7,11,4,0,0,5.1,8.0,5.1,13.1,57,15,26.3,3.01,0.79,908,1196,75.9,157,57,59,51,150,113,5.97,11,0.58,17,7,28,24,10,1,1368,812,26,28,2,0,,,,,,,,,,,,,,,,,,,,,,69.24824274389478,68.84615384615384
5687,C,vlasic,Torino,14,15,-1,39,nikola vlasic,hr CRO,"MF,FW",Torino,26.0,1997.0,30,23,2117,23.5,5,4,9,3,2,2,3.4,2.4,1.8,4.2,30,10,33.3,1.28,0.43,613,768,79.8,94,32,24,53,110,70,2.98,8,0.34,37,9,19,46,15,0,983,607,44,42,0,0,,,,,,,,,,,,,,,,,,,,,,60.82788672111283,68.07692307692308
5791,C,frendrup,Genoa,9,9,0,21,morten frendrup,dk DEN,MF,Genoa,23.0,2001.0,35,35,3103,34.5,2,0,2,2,0,0,1.6,0.9,1.6,2.5,30,9,30.0,0.87,0.26,1067,1250,85.4,106,14,11,24,29,53,1.54,4,0.12,102,47,23,149,57,0,1647,737,41,24,5,0,,,,,,,,,,,,,,,,,,,,,,55.62184707030823,68.07692307692308
4892,C,saelemaekers,Milan,12,12,0,40,alexis saelemaekers,be BEL,"DF,FW",Roma,25.0,1999.0,22,17,1389,15.4,7,3,10,7,0,0,2.5,2.6,2.5,5.1,25,12,48.0,1.62,0.78,630,773,81.5,53,24,22,39,136,55,3.57,10,0.65,33,9,20,42,8,1,945,582,39,14,4,0,,,,,,,,,,,,,,,,,,,,,,67.17197553316578,67.3076923076923
7202,D,ndiaye,Parma,4,4,0,10,iliman ndiaye,sn SEN,FW,Everton,24.0,2000.0,33,29,2430,27.0,9,0,9,7,2,2,6.2,1.9,4.7,6.5,35,15,42.9,1.3,0.56,602,736,81.8,59,18,14,86,122,65,2.41,8,0.3,53,20,22,73,24,1,1084,621,55,44,3,0,,,,,,,,,,,,,,,,,,,,,,43.36761837647703,65.76923076923077
536,C,politano,Napoli,16,15,1,65,matteo politano,it ITA,"FW,MF",Napoli,30.0,1993.0,37,34,2804,31.2,3,4,7,3,0,0,3.1,4.8,3.1,7.9,56,14,25.0,1.8,0.45,873,1261,69.2,129,56,55,135,278,105,3.37,10,0.32,29,13,57,42,50,1,1561,920,47,24,3,0,,,,,,,,,,,,,,,,,,,,,,65.74515943568173,65.38461538461539
2097,A,kean,Fiorentina,31,33,-2,364,moise kean,it ITA,FW,Fiorentina,24.0,2000.0,31,30,2615,29.1,17,3,20,16,1,2,19.4,1.9,17.9,19.7,98,45,45.9,3.37,1.55,228,326,69.9,26,19,10,42,143,57,1.9,7,0.23,7,5,15,12,26,1,700,454,97,53,5,0,,,,,,,,,,,,,,,,,,,,,,55.36313298983411,63.84615384615384
6549,C,pierotti,Lecce,10,10,0,20,santiago pierotti,ar ARG,FW,Lecce,23.0,2001.0,36,22,1937,21.5,4,2,6,4,0,0,3.1,2.4,3.1,5.5,32,7,21.9,1.49,0.33,311,436,71.3,38,25,9,43,85,50,2.32,2,0.09,46,14,24,60,32,0,730,353,60,33,6,1,,,,,,,,,,,,,,,,,,,,,,50.28075672308918,63.46153846153846
5301,C,luis henrique,Inter,6,7,-1,14,luis henrique,br BRA,"DF,FW",Marseille,22.0,2001.0,33,29,2613,29.0,7,7,14,7,0,0,4.2,4.2,4.2,8.3,30,14,46.7,1.03,0.48,1156,1427,81.0,143,53,47,84,280,105,3.62,15,0.52,16,10,31,26,30,0,1643,1015,30,19,0,0,,,,,,,,,,,,,,,,,,,,,,65.57771853159069,63.46153846153846
5513,D,dumfries,Inter,21,20,1,107,denzel dumfries,nl NED,"DF,FW",Inter,28.0,1996.0,28,19,1865,20.7,7,2,9,7,0,0,5.4,3.2,5.4,8.6,36,19,52.8,1.74,0.92,603,831,72.6,51,21,21,55,173,55,2.53,4,0.18,25,6,27,31,26,1,1047,534,27,14,4,0,,,,,,,,,,,,,,,,,,,,,,53.61758028013621,63.07692307692307
6815,C,fadera,Sassuolo,6,6,0,13,alieu fadera,gm GAM,"FW,DF",Como,22.0,2001.0,28,20,1644,18.3,1,3,4,1,0,0,1.7,4.0,1.7,5.7,28,9,32.1,1.53,0.49,441,591,74.6,36,23,24,74,160,54,2.95,7,0.38,64,12,28,76,10,0,844,544,41,33,2,1,,,,,,,,,,,,,,,,,,,,,,52.567834777001664,62.69230769230769
4220,C,zambo anguissa,Napoli,16,15,1,63,andre frank zambo anguissa,cm CMR,MF,Napoli,28.0,1995.0,35,32,2852,31.7,6,4,10,6,0,0,4.4,2.4,4.4,6.8,44,12,27.3,1.39,0.38,1275,1509,84.5,144,26,21,24,119,75,2.37,9,0.28,42,35,25,77,40,1,1825,915,48,35,5,0,,,,,,,,,,,,,,,,,,,,,,62.24207612746871,61.92307692307693
254,D,dimarco,Inter,19,19,0,94,federico dimarco,it ITA,"DF,FW",Inter,26.0,1997.0,32,28,2140,23.8,4,7,11,4,0,0,3.3,6.1,3.3,9.5,55,20,36.4,2.31,0.84,973,1275,76.3,83,48,40,47,232,96,4.0,14,0.58,25,14,29,39,33,2,1475,789,18,10,3,0,,,,,,,,,,,,,,,,,,,,,,52.63234901704787,61.92307692307693
4730,A,lookman,Atalanta,28,29,-1,123,ademola lookman,ng NGA,"MF,FW",Atalanta,26.0,1997.0,31,28,2247,25.0,15,5,20,14,1,1,10.3,7.1,9.5,16.7,81,32,39.5,3.24,1.28,684,944,72.5,73,61,43,142,316,135,5.41,15,0.6,32,3,35,35,5,1,1274,827,72,51,4,0,,,,,,,,,,,,,,,,,,,,,,55.72041511370011,61.15384615384616
4686,C,fofana,Milan,11,11,0,31,malick fofana,be BEL,FW,Lyon,19.0,2005.0,29,16,1589,17.7,5,4,9,5,0,0,3.8,3.7,3.8,7.6,31,15,48.4,1.76,0.85,494,638,77.4,45,25,32,112,205,55,3.12,11,0.62,22,8,32,30,6,0,828,587,36,18,2,0,,,,,,,,,,,,,,,,,,,,,,60.99258269234993,61.15384615384616
2160,D,gosens,Fiorentina,18,18,0,83,robin gosens,de GER,DF,Fiorentina,30.0,1994.0,31,28,2434,27.0,5,5,10,5,0,0,1.8,2.4,1.8,4.1,23,8,34.8,0.85,0.3,1020,1334,76.5,102,27,32,31,91,66,2.36,14,0.5,56,18,29,74,91,0,1606,781,31,5,6,0,,,,,,,,,,,,,,,,,,,,,,46.912815609052366,60.38461538461538
2765,C,odgaard,Bologna,15,16,-1,67,jens odgaard,dk DEN,"MF,FW",Bologna,25.0,1999.0,29,24,1952,21.7,6,1,7,6,0,0,3.6,1.8,3.6,5.4,49,22,44.9,2.26,1.01,374,500,74.8,50,16,15,35,99,45,2.08,6,0.28,20,9,22,29,12,1,759,454,56,33,1,0,,,,,,,,,,,,,,,,,,,,,,54.53101075414784,58.07692307692308
2194,C,calhanoglu,Inter,22,23,-1,143,hakan calhanoglu,tr TUR,MF,Inter,30.0,1994.0,28,25,1879,20.9,5,6,11,2,3,4,4.4,5.6,1.3,6.9,41,12,29.3,1.96,0.57,1464,1690,86.6,173,49,28,52,51,99,4.58,14,0.65,43,17,12,60,24,0,1881,1150,21,9,5,0,,,,,,,,,,,,,,,,,,,,,,59.57455037999853,57.692307692307686
5685,C,koopmeiners,Juventus,14,14,0,35,teun koopmeiners,nl NED,"MF,FW",Juventus,26.0,1998.0,28,23,1994,22.2,3,3,6,3,0,0,3.9,2.9,3.9,6.8,42,10,23.8,1.9,0.45,761,953,79.9,89,38,18,32,127,63,2.84,3,0.14,32,8,12,40,26,2,1170,591,40,16,3,0,,,,,,,,,,,,,,,,,,,,,,56.66931344737615,57.692307692307686
6884,C,conceicao,Juventus,18,18,0,81,francisco conceicao,pt POR,"FW,MF",Juventus,21.0,2002.0,26,12,1340,14.9,3,3,6,3,0,0,2.3,4.3,2.3,6.6,40,13,32.5,2.69,0.87,427,545,78.3,35,28,20,95,143,64,4.3,9,0.6,23,6,21,29,6,0,739,548,35,22,5,1,,,,,,,,,,,,,,,,,,,,,,56.28886575381846,57.30769230769231
788,C,freuler,Bologna,11,11,0,23,remo freuler,ch SUI,MF,Bologna,32.0,1992.0,37,37,3204,35.6,1,2,3,1,0,0,1.3,1.5,1.3,2.7,17,4,23.5,0.48,0.11,1704,1944,87.7,208,36,24,39,56,74,2.08,3,0.08,79,38,16,117,57,1,2245,1216,32,14,6,0,,,,,,,,,,,,,,,,,,,,,,52.71386520483189,56.15384615384615
2816,D,di lorenzo,Napoli,14,14,0,53,giovanni di lorenzo,it ITA,DF,Napoli,30.0,1993.0,37,37,3330,37.0,3,2,5,3,0,0,2.8,3.9,2.8,6.7,21,6,28.6,0.57,0.16,1870,2236,83.6,224,37,54,50,163,80,2.16,8,0.22,66,31,48,97,85,1,2541,1202,28,14,6,0,,,,,,,,,,,,,,,,,,,,,,47.44813574142134,55.38461538461539
6831,C,neres,Napoli,13,13,0,30,david neres,br BRA,FW,Napoli,27.0,1997.0,28,13,1283,14.3,2,4,6,2,0,0,2.7,3.5,2.7,6.2,29,7,24.1,2.03,0.49,420,555,75.7,32,26,21,73,143,59,4.14,9,0.63,21,7,20,28,4,0,724,443,38,23,1,0,,,,,,,,,,,,,,,,,,,,,,55.62514098973297,55.38461538461539
6485,D,kristensen,Udinese,7,5,2,12,rasmus kristensen,dk DEN,DF,Eint Frankfurt,27.0,1997.0,30,28,2513,27.9,5,3,8,5,0,0,2.5,3.1,2.5,5.6,24,8,33.3,0.86,0.29,1263,1626,77.7,172,20,35,51,162,60,2.15,10,0.36,59,20,38,79,97,1,1955,1084,37,15,4,0,,,,,,,,,,,,,,,,,,,,,,37.13833430154602,54.61538461538461
7222,D,cham,Verona,2,1,1,1,hicham boudaoui,dz ALG,MF,Nice,24.0,1999.0,29,27,2435,27.1,2,3,5,2,0,0,2.7,3.0,2.7,5.8,39,18,46.2,1.44,0.67,943,1134,83.2,124,22,32,54,75,65,2.4,7,0.26,76,22,27,98,45,1,1467,770,38,26,9,0,,,,,,,,,,,,,,,,,,,,,,31.610546930366546,54.61538461538461
827,C,locatelli,Juventus,13,12,1,50,manuel locatelli,it ITA,MF,Juventus,26.0,1998.0,36,34,2822,31.4,2,2,4,1,1,1,1.8,2.5,1.0,3.5,24,7,29.2,0.77,0.22,2134,2431,87.8,294,29,31,33,33,98,3.13,8,0.26,72,23,14,95,77,0,2752,1559,25,8,9,0,,,,,,,,,,,,,,,,,,,,,,53.24528420535691,54.230769230769226
6634,C,tete morente,Lecce,9,9,0,19,tete morente,es ESP,"FW,MF",Lecce,27.0,1996.0,31,23,2021,22.5,3,2,5,3,0,0,2.9,1.6,2.9,4.5,41,13,31.7,1.83,0.58,545,729,74.8,102,25,23,48,144,61,2.72,4,0.18,27,14,29,41,31,1,983,560,43,15,5,0,,,,,,,,,,,,,,,,,,,,,,42.33033320490375,53.46153846153846
6271,C,el aynaoui,Roma,9,9,0,22,neil el aynaoui,fr FRA,MF,Lens,23.0,2001.0,24,17,1588,17.6,8,1,9,5,3,3,4.0,2.0,1.6,3.6,16,7,43.8,0.91,0.4,816,966,84.5,75,22,7,11,29,42,2.38,2,0.11,39,30,17,69,29,0,1196,582,25,21,4,0,,,,,,,,,,,,,,,,,,,,,,50.84401694472006,53.07692307692308
4433,D,zortea,Bologna,16,16,0,40,nadir zortea,it ITA,"DF,MF",Cagliari,25.0,1999.0,35,33,2713,30.1,6,2,8,6,0,0,3.1,2.4,3.1,5.5,33,10,30.3,1.09,0.33,557,827,67.4,63,28,31,69,144,57,1.89,3,0.1,30,19,41,49,47,2,1115,661,57,31,2,0,,,,,,,,,,,,,,,,,,,,,,39.800029146196124,53.07692307692308
5761,C,zhegrova,Juventus,19,19,0,80,edon zhegrova,xk KVX,"FW,MF",Lille,25.0,1999.0,12,12,978,10.9,4,1,5,4,0,0,2.3,2.2,2.3,4.5,23,9,39.1,2.12,0.83,316,416,76.0,54,16,26,37,81,38,3.5,3,0.28,5,4,8,9,1,0,524,360,23,29,1,0,,,,,,,,,,,,,,,,,,,,,,51.72349343112616,52.69230769230769
7140,D,coppola,Pisa,1,1,0,4,diego coppola,it ITA,DF,Hellas Verona,20.0,2003.0,34,33,2927,32.5,2,0,2,2,0,0,0.7,0.1,0.7,0.8,10,4,40.0,0.31,0.12,920,1135,81.1,48,3,0,4,3,10,0.31,1,0.03,66,72,6,138,194,2,1576,749,10,5,10,0,,,,,,,,,,,,,,,,,,,,,,34.78923740109092,52.69230769230769
4459,C,rovella,Lazio,8,8,0,22,nicolo rovella,it ITA,MF,Lazio,22.0,2001.0,33,31,2718,30.2,0,3,3,0,0,0,1.5,2.2,1.5,3.7,28,8,28.6,0.93,0.26,1862,2078,89.6,159,31,24,45,42,71,2.35,3,0.1,84,47,11,131,46,3,2354,1451,22,14,13,0,,,,,,,,,,,,,,,,,,,,,,50.84072302529531,52.69230769230769
6844,C,rowe,Bologna,14,14,0,49,jon rowe,eng ENG,"FW,MF",Marseille,21.0,2003.0,28,6,807,9.0,3,3,6,3,0,0,3.5,4.5,3.5,8.0,36,15,41.7,4.01,1.67,233,291,80.1,31,18,14,30,96,38,4.24,7,0.78,15,2,8,17,4,0,438,294,35,13,2,0,,,,,,,,,,,,,,,,,,,,,,49.07957410619996,52.307692307692314
5307,D,valenti,Parma,4,4,0,11,valentin atangana edoa,fr FRA,MF,Reims,18.0,2005.0,34,33,2854,31.7,1,0,1,1,0,0,2.5,1.1,2.5,3.6,33,6,18.2,1.04,0.19,908,1056,86.0,93,12,8,41,38,49,1.55,1,0.03,69,37,14,106,64,0,1433,735,57,23,7,0,,,,,,,,,,,,,,,,,,,,,,34.48759423437668,52.307692307692314
6486,C,suslov,Verona,8,9,-1,14,tomas suslov,sk SVK,"MF,FW",Hellas Verona,22.0,2002.0,31,27,2080,23.1,0,1,1,0,0,0,1.6,1.9,1.6,3.5,32,7,21.9,1.38,0.3,387,529,73.2,82,27,22,39,77,74,3.2,4,0.17,54,18,20,72,17,1,811,462,54,34,7,1,,,,,,,,,,,,,,,,,,,,,,40.22606767906446,51.53846153846153
6218,C,oristanio,Parma,12,12,0,38,gaetano oristanio,it ITA,"FW,MF",Venezia,21.0,2002.0,37,29,2315,25.7,3,3,6,3,0,0,4.1,2.6,4.1,6.8,44,12,27.3,1.71,0.47,307,443,69.3,64,33,22,72,131,69,2.68,7,0.27,17,6,20,23,6,1,758,543,80,72,3,0,,,,,,,,,,,,,,,,,,,,,,43.84992803285136,51.153846153846146
5273,D,estupinan,Milan,12,11,1,39,pervis estupinan,ec ECU,DF,Brighton,26.0,1998.0,30,26,2402,26.7,1,1,2,1,0,0,1.2,2.1,1.2,3.3,28,9,32.1,1.05,0.34,1338,1610,83.1,132,26,34,59,112,58,2.17,4,0.15,65,37,28,102,65,2,1915,1023,34,27,5,0,,,,,,,,,,,,,,,,,,,,,,40.955433769261944,50.76923076923077
6398,C,isaksen,Lazio,13,14,-1,38,gustav isaksen,dk DEN,FW,Lazio,23.0,2001.0,37,29,2210,24.6,4,2,6,4,0,0,5.2,2.1,5.2,7.3,54,24,44.4,2.2,0.98,610,796,76.6,46,35,24,95,249,93,3.79,9,0.37,16,10,32,26,21,1,1084,698,46,31,5,0,,,,,,,,,,,,,,,,,,,,,,48.97142375175427,50.76923076923077
6984,C,ondrejka,Parma,12,13,-1,15,jacob ondrejka,se SWE,"MF,FW",Parma,21.0,2002.0,12,3,422,4.7,5,0,5,5,0,0,1.3,0.6,1.3,1.9,14,10,71.4,2.99,2.13,95,127,74.8,11,7,3,13,21,14,2.99,1,0.21,12,7,3,19,2,0,192,107,10,3,0,0,,,,,,,,,,,,,,,,,,,,,,42.8551643665793,50.0
770,D,pezzella,Cremonese,6,5,1,13,giuseppe pezzella,it ITA,"DF,FW",Empoli,26.0,1997.0,35,34,2878,32.0,0,3,3,0,0,0,0.6,4.6,0.6,5.2,15,3,20.0,0.47,0.09,829,1246,66.5,80,36,30,77,143,59,1.85,5,0.16,55,15,60,70,110,2,1579,673,46,32,7,0,,,,,,,,,,,,,,,,,,,,,,31.631795206049635,49.23076923076923
5520,D,cambiaso,Juventus,14,15,-1,56,andrea cambiaso,it ITA,"DF,FW",Juventus,24.0,2000.0,33,25,2221,24.7,2,3,5,2,0,0,0.7,2.6,0.7,3.3,17,6,35.3,0.69,0.24,1476,1667,88.5,111,34,31,78,122,85,3.45,9,0.36,46,16,39,62,34,5,1911,1195,45,21,4,0,,,,,,,,,,,,,,,,,,,,,,39.900685002152706,48.84615384615385
1870,C,barella,Inter,14,14,0,55,nicolo barella,it ITA,MF,Inter,27.0,1997.0,32,28,2456,27.3,3,6,9,3,0,0,2.2,4.5,2.2,6.7,42,9,21.4,1.54,0.33,1484,1808,82.1,235,55,54,63,133,112,4.07,15,0.54,50,12,28,62,16,1,2064,1393,29,42,4,0,,,,,,,,,,,,,,,,,,,,,,50.36969254755722,48.84615384615385
393,D,luperto,Cagliari,9,7,2,18,sebastiano luperto,it ITA,DF,Cagliari,27.0,1996.0,36,36,3240,36.0,1,3,4,1,0,0,2.2,1.3,2.2,3.4,21,5,23.8,0.58,0.14,1315,1568,83.9,96,8,6,22,11,30,0.83,5,0.14,48,33,12,81,161,1,1913,1060,12,3,4,0,,,,,,,,,,,,,,,,,,,,,,30.73143643500764,47.69230769230769
5562,C,thuram,Juventus,16,16,0,57,khephren thuram,fr FRA,MF,Juventus,23.0,2001.0,35,26,2326,25.8,4,5,9,4,0,0,3.5,3.6,3.5,7.1,36,10,27.8,1.39,0.39,1228,1389,88.4,123,25,19,74,52,56,2.17,10,0.39,44,14,17,58,39,2,1661,1067,28,23,5,0,,,,,,,,,,,,,,,,,,,,,,46.77767341487615,47.69230769230769
6435,A,krstovic,Atalanta,20,20,0,148,nikola krstovic,me MNE,FW,Lecce,24.0,2000.0,37,37,3057,34.0,11,5,16,9,2,3,12.1,2.9,9.7,12.6,134,38,28.4,3.95,1.12,434,654,66.4,56,30,15,42,149,87,2.56,7,0.21,18,7,28,25,24,0,1051,571,86,40,6,0,,,,,,,,,,,,,,,,,,,,,,43.03343527847595,47.30769230769231
6883,D,jean,Lecce,3,3,0,3,jean eudes aholou,ci CIV,MF,Angers,30.0,1994.0,26,26,1959,21.8,2,0,2,2,0,0,1.8,1.0,1.8,2.8,27,7,25.9,1.24,0.32,644,764,84.3,68,10,7,15,16,33,1.52,1,0.05,56,33,9,89,32,0,1032,495,32,15,7,0,,,,,,,,,,,,,,,,,,,,,,28.982373538448027,47.30769230769231
4510,A,leao,Milan,23,24,-1,210,rafael leao,pt POR,FW,Milan,25.0,1999.0,34,25,2323,25.8,8,8,16,8,0,0,7.6,8.4,7.6,15.9,66,29,43.9,2.56,1.12,630,849,74.2,93,58,51,123,262,113,4.38,16,0.62,16,6,27,22,4,0,1135,780,53,36,5,0,,,,,,,,,,,,,,,,,,,,,,42.446427228669215,46.92307692307692
2606,C,modric,Milan,13,12,1,42,luka modric,hr CRO,MF,Real Madrid,38.0,1985.0,35,17,1827,20.3,2,6,8,2,0,0,1.6,7.0,1.6,8.5,22,6,27.3,1.08,0.3,1724,1969,87.6,208,66,34,62,63,122,6.01,15,0.74,31,27,15,58,17,0,2124,1419,23,13,7,0,,,,,,,,,,,,,,,,,,,,,,46.702736747963264,46.92307692307692
5862,D,valeri,Parma,10,10,0,27,emanuele valeri,it ITA,DF,Parma,25.0,1998.0,35,34,2873,31.9,2,6,8,1,1,1,1.8,4.7,1.0,5.8,26,4,15.4,0.81,0.13,783,1193,65.6,93,36,31,79,109,75,2.35,10,0.31,51,29,26,80,103,4,1528,740,42,5,1,0,,,,,,,,,,,,,,,,,,,,,,30.93558457753654,46.92307692307692
4772,D,angelino,Roma,15,15,0,52,angelino,es ESP,DF,Roma,27.0,1997.0,38,36,3177,35.3,2,1,3,2,0,0,1.4,3.7,1.4,5.1,24,6,25.0,0.68,0.17,1544,1969,78.4,172,50,58,66,172,89,2.52,7,0.2,46,28,25,74,98,0,2266,1202,27,9,1,0,,,,,,,,,,,,,,,,,,,,,,37.4398194266717,46.92307692307692
2120,D,bastoni,Inter,17,16,1,76,alessandro bastoni,it ITA,DF,Inter,25.0,1999.0,32,30,2333,25.9,1,5,6,1,0,0,0.8,2.3,0.8,3.2,12,2,16.7,0.46,0.08,1966,2225,88.4,162,27,49,62,83,71,2.66,11,0.41,46,21,18,67,52,1,2446,1633,26,5,6,1,,,,,,,,,,,,,,,,,,,,,,39.82434259689946,46.92307692307692
6629,C,dele bashiru,Lazio,11,11,0,31,fisayo dele bashiru,ng NGA,"MF,FW",Lazio,23.0,2001.0,20,12,947,10.5,3,1,4,3,0,0,1.1,0.8,1.1,1.9,16,5,31.3,1.52,0.48,315,359,87.7,26,10,4,23,57,24,2.28,1,0.09,10,4,7,14,5,0,436,257,16,17,0,0,,,,,,,,,,,,,,,,,,,,,,44.858965349963974,46.53846153846154
4404,C,thorsby,Genoa,5,5,0,12,morten thorsby,no NOR,"MF,FW",Genoa,28.0,1996.0,30,22,1898,21.1,0,1,1,0,0,0,2.8,2.1,2.8,4.9,15,6,40.0,0.71,0.28,353,530,66.6,58,27,10,24,76,55,2.61,2,0.09,49,5,20,54,28,1,753,295,45,28,6,0,,,,,,,,,,,,,,,,,,,,,,37.95985111484201,46.53846153846154
6675,A,dovbyk,Roma,20,21,-1,70,artem dovbyk,ua UKR,FW,Roma,27.0,1997.0,32,27,2418,26.9,12,2,14,10,2,2,11.9,2.4,10.3,12.7,61,25,41.0,2.27,0.93,321,433,74.1,16,25,4,24,175,52,1.94,6,0.22,4,2,11,6,12,0,654,355,79,33,0,0,,,,,,,,,,,,,,,,,,,,,,41.09973821658552,46.53846153846154
2841,A,vlahovic,Juventus,26,24,2,126,dusan vlahovic,rs SRB,FW,Juventus,24.0,2000.0,29,21,1784,19.8,10,4,14,6,4,4,12.3,1.3,9.2,10.5,73,25,34.2,3.68,1.26,253,366,69.1,22,15,7,27,117,41,2.07,8,0.4,4,1,12,5,9,3,564,308,51,28,3,0,,,,,,,,,,,,,,,,,,,,,,41.84967050824179,46.15384615384615
5813,C,miretti,Juventus,4,5,-1,9,fabio miretti,it ITA,"MF,FW",Genoa,20.0,2003.0,25,22,1677,18.6,3,3,6,3,0,0,3.1,2.0,3.1,5.1,24,6,25.0,1.29,0.32,422,567,74.4,54,22,13,33,100,53,2.84,6,0.32,28,7,14,35,13,2,847,461,63,36,2,0,,,,,,,,,,,,,,,,,,,,,,45.25588264064538,46.15384615384615
4479,C,elmas,Napoli,11,11,0,25,elif elmas,mk MKD,"FW,MF",Torino,24.0,1999.0,13,12,1021,11.3,4,0,4,4,0,0,1.4,0.4,1.4,1.8,19,9,47.4,1.67,0.79,270,336,80.4,34,9,15,42,58,29,2.56,3,0.26,10,6,4,16,5,2,444,303,22,10,0,0,,,,,,,,,,,,,,,,,,,,,,45.11589106509384,45.0
4210,D,mina,Cagliari,7,7,0,21,mario lemina,ga GAB,"MF,DF",Wolves,30.0,1993.0,17,15,1364,15.2,1,3,4,1,0,0,1.4,1.1,1.4,2.5,18,5,27.8,1.19,0.33,493,613,80.4,48,10,13,8,21,26,1.71,5,0.33,51,27,7,78,50,3,809,382,21,11,4,0,,,,,,,,,,,,,,,,,,,,,,28.996597281418502,45.0
779,C,cristante,Roma,10,9,1,23,bryan cristante,it ITA,MF,Roma,29.0,1995.0,30,23,2045,22.7,4,2,6,4,0,0,2.1,1.4,2.1,3.5,30,7,23.3,1.32,0.31,1067,1296,82.3,145,18,17,25,41,51,2.24,5,0.22,48,19,19,67,36,1,1497,833,23,13,8,0,,,,,,,,,,,,,,,,,,,,,,42.6794886639264,44.61538461538462
7120,A,lang,Napoli,18,19,-1,47,anthony elanga,se SWE,"FW,MF",Nott'ham Forest,22.0,2002.0,38,31,2501,27.8,6,11,17,6,0,0,4.5,5.7,4.5,10.1,44,24,54.5,1.58,0.86,540,827,65.3,63,50,26,102,229,102,3.67,18,0.65,19,6,24,25,25,0,1115,600,79,43,1,0,,,,,,,,,,,,,,,,,,,,,,42.18884439325007,44.61538461538462
6020,C,ellertsson,Genoa,6,5,1,13,mikael ellertsson,is ISL,"DF,MF",Venezia,22.0,2002.0,36,29,2470,27.4,2,2,4,2,0,0,1.1,1.6,1.1,2.7,21,4,19.0,0.77,0.15,431,607,71.0,36,20,8,33,92,46,1.68,5,0.18,58,17,20,75,79,0,938,460,48,19,2,0,,,,,,,,,,,,,,,,,,,,,,35.75210162040873,43.84615384615385
5840,D,olivera,Napoli,10,10,0,21,mathias olivera,uy URU,DF,Napoli,26.0,1997.0,32,26,2370,26.3,0,2,2,0,0,0,1.1,1.7,1.1,2.8,16,2,12.5,0.61,0.08,1350,1580,85.4,126,25,11,46,62,42,1.59,5,0.19,63,28,32,91,74,1,1884,957,27,13,4,0,,,,,,,,,,,,,,,,,,,,,,37.51097973141581,43.84615384615385
6908,C,atta,Udinese,8,6,2,32,arthur atta,fr FRA,"MF,FW",Udinese,21.0,2003.0,27,12,1251,13.9,0,1,1,0,0,0,1.3,1.4,1.3,2.8,26,7,26.9,1.87,0.5,509,633,80.4,57,18,8,31,77,46,3.31,2,0.14,20,7,22,27,15,1,813,515,34,22,5,0,,,,,,,,,,,,,,,,,,,,,,37.94283253114751,43.46153846153846
5589,C,kone,Roma,14,14,0,41,jonathan ikone,fr FRA,FW,Como,26.0,1998.0,13,5,540,6.0,2,0,2,2,0,0,1.8,0.2,1.8,1.9,16,5,31.3,2.67,0.83,136,168,81.0,17,2,7,23,55,14,2.33,3,0.5,15,0,3,15,1,1,257,168,9,14,1,0,,,,,,,,,,,,,,,,,,,,,,41.56614389836363,43.46153846153846
6314,A,openda,Juventus,22,22,0,147,lois openda,be BEL,"FW,MF",RB Leipzig,24.0,2000.0,33,28,2453,27.3,9,5,14,9,0,1,9.0,3.4,8.2,11.6,77,31,40.3,2.83,1.14,377,591,63.8,47,28,20,58,229,66,2.42,10,0.37,9,5,36,14,12,0,904,521,82,27,5,1,,,,,,,,,,,,,,,,,,,,,,39.038992353448876,43.07692307692308
787,D,djimsiti,Atalanta,8,8,0,15,berat djimsiti,al ALB,DF,Atalanta,31.0,1993.0,34,32,2640,29.3,1,2,3,1,0,0,2.7,1.3,2.7,3.9,20,4,20.0,0.68,0.14,1483,1691,87.7,109,11,12,32,42,30,1.02,7,0.24,53,40,15,93,141,2,2023,1097,10,1,6,0,,,,,,,,,,,,,,,,,,,,,,34.78766530318366,43.07692307692308
5718,D,viti,Fiorentina,4,4,0,9,viti,es ESP,DF,Las Palmas,26.0,1997.0,29,23,1982,22.0,0,2,2,0,0,0,0.1,1.4,0.1,1.4,3,2,66.7,0.14,0.09,757,934,81.0,44,12,13,43,65,29,1.32,3,0.14,71,27,18,98,61,0,1186,491,28,6,5,0,,,,,,,,,,,,,,,,,,,,,,33.421782556068166,43.07692307692308
5885,D,dodo,Fiorentina,12,11,1,44,dodo,br BRA,DF,Fiorentina,25.0,1998.0,34,34,3025,33.6,0,4,4,0,0,0,1.4,4.2,1.4,5.6,25,5,20.0,0.74,0.15,1341,1728,77.6,128,36,40,143,193,75,2.17,11,0.32,44,34,45,78,58,2,2083,1278,73,26,8,0,,,,,,,,,,,,,,,,,,,,,,33.121981821557405,42.69230769230769
4349,C,nicolussi caviglia,Fiorentina,9,9,0,23,hans nicolussi caviglia,it ITA,MF,Venezia,24.0,2000.0,35,33,2861,31.8,4,2,6,4,0,0,2.4,2.1,2.4,4.5,53,20,37.7,1.67,0.63,1119,1411,79.3,140,29,15,20,22,66,2.08,4,0.13,47,28,28,75,55,2,1739,901,40,37,7,1,,,,,,,,,,,,,,,,,,,,,,39.878010193183385,41.92307692307693
2670,C,bailey,Roma,15,16,-1,51,leon bailey,jm JAM,"FW,MF",Aston Villa,26.0,1997.0,24,14,1139,12.7,1,2,3,1,0,0,1.7,1.5,1.7,3.3,28,6,21.4,2.21,0.47,277,390,71.0,35,16,20,58,121,38,3.01,4,0.32,7,3,24,10,12,0,545,348,35,25,3,0,,,,,,,,,,,,,,,,,,,,,,39.710569289092334,41.53846153846154
5995,A,de ketelaere,Atalanta,21,22,-1,142,charles de ketelaere,be BEL,"MF,FW",Atalanta,23.0,2001.0,36,25,2070,23.0,7,7,14,7,0,0,7.3,6.0,7.3,13.2,48,20,41.7,2.09,0.87,754,995,75.8,140,39,53,108,211,88,3.83,14,0.61,13,3,26,16,9,1,1238,832,52,50,1,0,,,,,,,,,,,,,,,,,,,,,,37.74719368046587,41.53846153846154
6226,A,castellanos,Lazio,22,21,1,198,valentin castellanos,ar ARG,FW,Lazio,25.0,1998.0,29,28,2384,26.5,10,3,13,8,2,3,13.4,3.6,11.3,14.9,105,36,34.3,3.96,1.36,366,541,67.7,66,26,14,27,149,73,2.76,14,0.53,13,6,20,19,25,0,835,423,55,29,9,1,,,,,,,,,,,,,,,,,,,,,,35.71918738009634,41.53846153846154
5559,C,da cunha,Como,12,12,0,33,lucas da cunha,fr FRA,MF,Como,23.0,2001.0,36,30,2613,29.0,3,2,5,3,0,0,2.0,3.8,2.0,5.8,37,14,37.8,1.27,0.48,1439,1702,84.5,154,55,29,63,85,110,3.79,7,0.24,45,17,30,62,30,1,1929,1200,20,16,4,0,,,,,,,,,,,,,,,,,,,,,,37.22695404283693,41.15384615384615
4502,D,gallo,Lecce,6,5,1,15,antonino gallo,it ITA,DF,Lecce,24.0,2000.0,31,31,2609,29.0,0,2,2,0,0,0,0.3,2.7,0.3,3.0,9,3,33.3,0.31,0.1,822,1241,66.2,107,44,28,57,110,72,2.48,3,0.1,65,20,32,85,133,0,1587,662,37,14,3,1,,,,,,,,,,,,,,,,,,,,,,25.21719073257434,41.15384615384615
2117,C,kastanos,Verona,4,4,0,10,grigoris kastanos,cy CYP,"MF,FW",Hellas Verona,26.0,1998.0,27,8,872,9.7,1,1,2,1,0,0,1.0,1.7,1.0,2.7,22,5,22.7,2.27,0.52,224,323,69.3,34,12,7,12,27,24,2.47,2,0.21,23,7,8,30,8,0,438,239,8,10,4,0,,,,,,,,,,,,,,,,,,,,,,32.08843974023952,41.15384615384615
2296,D,mancini,Roma,11,11,0,30,gianluca mancini,it ITA,DF,Roma,28.0,1996.0,37,36,3143,34.9,2,0,2,2,0,0,1.7,0.9,1.7,2.6,22,5,22.7,0.63,0.14,1689,1965,86.0,139,14,17,45,23,41,1.17,2,0.06,42,35,19,77,103,0,2240,1341,10,8,8,0,,,,,,,,,,,,,,,,,,,,,,32.50586084754211,40.76923076923077
6640,C,felici,Cagliari,6,6,0,8,mattia felici,it ITA,"MF,FW",Cagliari,23.0,2001.0,20,9,925,10.3,0,3,3,0,0,0,0.6,1.0,0.6,1.6,10,6,60.0,0.97,0.58,188,277,67.9,19,10,3,39,75,31,3.02,4,0.39,17,7,14,24,7,1,422,259,26,10,1,0,,,,,,,,,,,,,,,,,,,,,,33.822688317366136,40.76923076923077
4186,C,guendouzi,Lazio,12,11,1,23,matteo guendouzi,fr FRA,MF,Lazio,25.0,1999.0,37,37,3270,36.3,1,3,4,1,0,0,1.4,3.2,1.4,4.6,27,8,29.6,0.74,0.22,1961,2183,89.8,316,43,33,89,64,118,3.25,7,0.19,37,32,23,69,50,2,2437,1549,28,18,7,0,,,,,,,,,,,,,,,,,,,,,,38.877207674632636,40.38461538461539
5850,C,lovric,Udinese,9,9,0,25,sandi lovric,si SVN,MF,Udinese,26.0,1998.0,36,31,2308,25.6,2,3,5,2,0,0,2.6,3.4,2.6,6.0,49,12,24.5,1.91,0.47,749,952,78.7,120,32,21,60,71,81,3.16,10,0.39,46,22,17,68,27,1,1258,670,53,28,5,0,,,,,,,,,,,,,,,,,,,,,,34.89925098268596,40.0
4870,C,adopo,Cagliari,6,5,1,14,michel ndary adopo,fr FRA,MF,Cagliari,24.0,2000.0,35,27,2409,26.8,1,1,2,1,0,0,1.1,2.3,1.1,3.4,20,4,20.0,0.75,0.15,813,979,83.0,106,19,14,20,61,50,1.87,5,0.19,55,27,14,82,25,0,1222,656,39,26,5,1,,,,,,,,,,,,,,,,,,,,,,33.18037402954147,40.0
2077,C,pasalic,Atalanta,11,9,2,28,mario pasalic,hr CRO,MF,Atalanta,29.0,1995.0,34,23,1967,21.9,3,4,7,3,0,1,6.6,3.3,5.8,9.1,45,11,24.4,2.06,0.5,1198,1373,87.3,149,32,24,44,68,71,3.25,9,0.41,26,12,12,38,28,1,1580,1048,24,22,1,0,,,,,,,,,,,,,,,,,,,,,,39.44595776197141,40.0
6572,A,castro,Bologna,20,19,1,128,santiago castro,ar ARG,FW,Bologna,19.0,2004.0,36,27,2294,25.5,8,4,12,8,0,1,7.7,2.9,6.9,9.8,62,20,32.3,2.43,0.78,354,461,76.8,39,28,8,17,136,69,2.71,11,0.43,18,3,10,21,20,0,722,428,70,64,7,0,,,,,,,,,,,,,,,,,,,,,,32.85262904677965,39.23076923076923
6202,D,beukema,Napoli,9,10,-1,18,sam beukema,nl NED,DF,Bologna,25.0,1998.0,35,33,3012,33.5,0,1,1,0,0,0,1.5,0.9,1.5,2.4,15,4,26.7,0.45,0.12,1826,2114,86.4,153,10,11,27,9,36,1.08,6,0.18,54,30,12,84,111,0,2419,1519,12,8,1,0,,,,,,,,,,,,,,,,,,,,,,33.53611732741359,39.23076923076923
6680,C,karlstrom,Udinese,7,6,1,14,jesper karlstrom,se SWE,MF,Udinese,29.0,1995.0,37,36,3186,35.4,0,3,3,0,0,0,0.7,1.1,0.7,1.8,13,2,15.4,0.37,0.06,1331,1600,83.2,135,21,21,23,46,59,1.67,3,0.08,61,35,20,96,82,5,1882,1002,34,18,9,0,,,,,,,,,,,,,,,,,,,,,,34.222899527472286,39.23076923076923
5688,C,harroui,Verona,7,7,0,14,abdou harroui,nl NED,"MF,FW",Hellas Verona,26.0,1998.0,10,5,463,5.1,1,2,3,1,0,0,2.2,0.4,2.2,2.6,15,4,26.7,2.92,0.78,160,202,79.2,21,4,3,23,34,15,2.92,3,0.58,9,2,6,11,5,0,283,175,12,10,1,0,,,,,,,,,,,,,,,,,,,,,,30.2800779760562,38.84615384615385
309,A,dybala,Roma,26,26,0,218,paulo dybala,ar ARG,"FW,MF",Roma,30.0,1993.0,24,16,1417,15.7,6,3,9,3,3,3,6.4,5.0,4.0,9.0,47,15,31.9,2.99,0.95,596,729,81.8,79,40,26,41,122,84,5.34,8,0.51,17,2,16,19,2,0,909,595,40,28,2,0,,,,,,,,,,,,,,,,,,,,,,34.25969826367193,38.84615384615385
5800,C,gudmundsson,Fiorentina,24,24,0,156,gabriel gudmundsson,se SWE,DF,Lille,25.0,1999.0,30,20,1785,19.8,2,0,2,2,0,0,0.7,1.4,0.7,2.1,18,5,27.8,0.91,0.25,866,1055,82.1,91,16,18,71,115,30,1.51,0,0.0,36,17,25,53,41,3,1267,728,20,19,3,0,,,,,,,,,,,,,,,,,,,,,,36.92446244233146,38.84615384615385
5022,D,pavlovic,Milan,9,7,2,21,aleksandar pavlovic,de GER,MF,Bayern Munich,20.0,2004.0,21,18,1451,16.1,1,0,1,1,0,0,0.6,0.2,0.6,0.8,9,4,44.4,0.56,0.25,1437,1541,93.3,128,7,13,15,33,30,1.86,3,0.19,38,5,9,43,14,0,1648,1035,13,2,2,0,,,,,,,,,,,,,,,,,,,,,,30.98038104991519,38.46153846153847
4385,D,lazaro,Torino,6,7,-1,19,valentino lazaro,at AUT,"DF,FW",Torino,28.0,1996.0,33,26,2307,25.6,0,6,6,0,0,0,1.0,3.3,1.0,4.4,16,2,12.5,0.62,0.08,880,1172,75.1,76,33,23,35,131,52,2.03,8,0.31,26,11,27,37,38,1,1368,726,33,12,6,0,,,,,,,,,,,,,,,,,,,,,,27.863139644216776,38.46153846153847
5295,C,musah,Atalanta,6,6,0,9,yunus musah,us USA,"MF,FW",Milan,21.0,2002.0,29,19,1571,17.5,0,2,2,0,0,0,1.9,1.8,1.9,3.8,22,5,22.7,1.26,0.29,631,724,87.2,84,23,17,51,74,45,2.58,4,0.23,27,7,11,34,9,3,888,581,46,13,5,0,,,,,,,,,,,,,,,,,,,,,,37.91318725632483,38.46153846153847
4871,A,thuram,Inter,31,29,2,337,khephren thuram,fr FRA,MF,Juventus,23.0,2001.0,35,26,2326,25.8,4,5,9,4,0,0,3.5,3.6,3.5,7.1,36,10,27.8,1.39,0.39,1228,1389,88.4,123,25,19,74,52,56,2.17,10,0.39,44,14,17,58,39,2,1661,1067,28,23,5,0,,,,,,,,,,,,,,,,,,,,,,36.740036226459296,38.46153846153847
6252,C,folorunsho,Cagliari,9,9,0,27,michael folorunsho,it ITA,"FW,MF",Fiorentina,26.0,1998.0,14,6,650,7.2,0,0,0,0,0,0,1.1,0.6,1.1,1.7,9,3,33.3,1.25,0.42,178,252,70.6,21,3,6,13,33,14,1.94,1,0.14,19,4,11,23,10,0,342,190,12,9,5,0,,,,,,,,,,,,,,,,,,,,,,31.574588309979777,38.07692307692307
4409,D,rrahmani,Napoli,11,11,0,32,amir rrahmani,xk KVX,DF,Napoli,30.0,1994.0,38,38,3406,37.8,1,3,4,1,0,0,2.9,1.1,2.9,4.0,28,3,10.7,0.74,0.08,2531,2781,91.0,188,11,9,30,2,42,1.11,4,0.11,39,27,11,66,179,2,3152,1859,9,6,2,0,,,,,,,,,,,,,,,,,,,,,,32.54240172641305,38.07692307692307
2724,D,buongiorno,Napoli,13,13,0,42,alessandro buongiorno,it ITA,DF,Napoli,25.0,1999.0,22,22,1924,21.4,1,0,1,1,0,0,0.8,0.6,0.8,1.4,8,4,50.0,0.37,0.19,1161,1279,90.8,82,5,3,27,8,19,0.89,2,0.09,39,35,8,74,73,2,1489,902,13,8,2,0,,,,,,,,,,,,,,,,,,,,,,32.54240172641305,38.07692307692307
4970,C,messias,Genoa,7,8,-1,12,junior messias,br BRA,"MF,FW",Genoa,33.0,1991.0,17,8,847,9.4,1,1,2,1,0,1,2.4,0.7,1.4,2.1,17,5,29.4,1.81,0.53,149,234,63.7,32,8,8,32,49,23,2.44,3,0.32,13,6,8,19,20,0,397,226,34,5,1,0,,,,,,,,,,,,,,,,,,,,,,31.021209846623137,38.07692307692307
4427,C,malinovskyi,Genoa,8,8,0,19,ruslan malinovskyi,ua UKR,"MF,FW",Genoa,31.0,1993.0,9,4,383,4.3,0,2,2,0,0,0,0.2,1.5,0.2,1.7,9,3,33.3,2.11,0.7,164,201,81.6,32,8,9,3,10,17,3.98,2,0.47,12,1,4,13,4,0,242,151,7,5,2,0,,,,,,,,,,,,,,,,,,,,,,30.705817061704092,37.69230769230769
2529,C,mkhitaryan,Inter,9,9,0,35,henrikh mkhitaryan,am ARM,MF,Inter,35.0,1989.0,31,29,2328,25.9,1,4,5,1,0,0,1.5,2.7,1.5,4.2,23,2,8.7,0.89,0.08,1326,1518,87.4,199,29,53,72,93,101,3.8,12,0.45,43,16,26,59,41,0,1747,1036,27,15,4,0,,,,,,,,,,,,,,,,,,,,,,38.76356745447904,37.69230769230769
2499,A,vardy,Cremonese,15,15,0,55,jamie vardy,eng ENG,FW,Leicester City,37.0,1987.0,35,35,2823,31.4,9,4,13,8,1,2,11.2,3.0,9.6,12.6,56,23,41.1,1.79,0.73,258,389,66.3,22,19,10,29,120,47,1.5,10,0.32,19,5,15,24,24,0,586,285,34,14,5,0,,,,,,,,,,,,,,,,,,,,,,26.903336440930037,37.69230769230769
1933,C,mandragora,Fiorentina,15,14,1,30,rolando mandragora,it ITA,MF,Fiorentina,27.0,1997.0,28,22,1856,20.6,4,2,6,3,1,1,2.7,4.8,1.9,6.6,37,14,37.8,1.79,0.68,724,931,77.8,92,31,16,11,34,56,2.61,5,0.23,23,15,17,38,54,1,1119,580,11,4,7,0,,,,,,,,,,,,,,,,,,,,,,35.816882035761985,37.69230769230769
5555,D,kamara,Udinese,7,7,0,19,boubacar kamara,fr FRA,MF,Aston Villa,24.0,1999.0,26,20,1726,19.2,1,0,1,1,0,0,0.8,0.9,0.8,1.7,10,3,30.0,0.52,0.16,825,931,88.6,85,11,10,19,7,27,1.41,2,0.1,50,19,8,69,51,3,1113,591,12,17,2,0,,,,,,,,,,,,,,,,,,,,,,25.617668117987524,37.69230769230769
5823,C,baldanzi,Roma,7,8,-1,16,tommaso baldanzi,it ITA,"MF,FW",Roma,21.0,2003.0,31,5,832,9.2,1,1,2,1,0,0,1.4,1.0,1.4,2.4,20,4,20.0,2.16,0.43,305,363,84.0,23,10,6,39,57,36,3.89,4,0.43,12,6,14,18,8,0,472,292,16,9,2,0,,,,,,,,,,,,,,,,,,,,,,35.62830514869551,37.30769230769231
5701,D,obert,Cagliari,4,4,0,10,robert andrich,de GER,"MF,DF",Leverkusen,29.0,1994.0,23,19,1598,17.8,2,2,4,2,0,0,1.3,0.3,1.3,1.6,21,5,23.8,1.18,0.28,865,978,88.4,65,9,8,8,17,33,1.86,4,0.23,24,29,6,53,23,0,1114,526,7,1,7,0,,,,,,,,,,,,,,,,,,,,,,24.03991398544953,37.30769230769231
4665,D,maripan,Torino,7,7,0,13,guillermo maripan,cl CHI,DF,Torino,30.0,1994.0,28,27,2340,26.0,1,1,2,1,0,0,0.9,1.0,0.9,2.0,12,5,41.7,0.46,0.19,1151,1333,86.3,96,5,5,14,9,19,0.73,2,0.08,40,41,9,81,138,1,1636,962,19,5,4,1,,,,,,,,,,,,,,,,,,,,,,26.744804091646817,36.92307692307693
4896,C,maldini,Atalanta,8,9,-1,24,daniel maldini,it ITA,"MF,FW",Monza,22.0,2001.0,20,16,1306,14.5,3,0,3,3,0,0,4.8,0.9,4.8,5.7,39,13,33.3,2.69,0.9,261,382,68.3,34,12,8,41,66,40,2.75,5,0.34,14,4,14,18,12,2,584,388,36,31,5,0,,,,,,,,,,,,,,,,,,,,,,36.38041675067825,36.92307692307693
6672,D,idzes,Sassuolo,7,7,0,17,jay idzes,id IDN,DF,Venezia,24.0,2000.0,35,35,3127,34.7,1,0,1,1,0,0,1.8,0.7,1.8,2.5,15,3,20.0,0.43,0.09,1457,1694,86.0,84,8,4,15,15,24,0.69,0,0.0,45,32,12,77,156,0,2078,1051,31,7,5,0,,,,,,,,,,,,,,,,,,,,,,23.766169318105447,36.53846153846153
6434,A,yildiz,Juventus,25,24,1,220,kenan yildiz,tr TUR,"FW,MF",Juventus,19.0,2005.0,35,28,2402,26.7,7,4,11,7,0,0,4.3,5.0,4.3,9.3,61,22,36.1,2.29,0.82,896,1124,79.7,121,57,52,115,223,130,4.87,10,0.37,54,5,24,59,13,3,1485,964,86,41,2,1,,,,,,,,,,,,,,,,,,,,,,33.06630127451392,36.53846153846153
4359,A,piccoli,Fiorentina,17,17,0,80,roberto piccoli,it ITA,FW,Cagliari,23.0,2001.0,37,37,3127,34.7,10,1,11,9,1,1,12.7,0.9,12.0,12.9,97,28,28.9,2.79,0.81,343,517,66.3,37,13,7,30,165,57,1.64,8,0.23,13,3,17,16,31,0,919,511,114,46,6,0,,,,,,,,,,,,,,,,,,,,,,31.571760197342375,36.53846153846153
6106,C,carboni,Genoa,11,11,0,29,andrea carboni,it ITA,DF,Monza,23.0,2001.0,26,25,2191,24.3,0,1,1,0,0,0,0.3,0.3,0.3,0.6,8,1,12.5,0.33,0.04,989,1157,85.5,51,4,3,9,32,11,0.45,2,0.08,60,27,16,87,106,4,1412,822,15,5,5,0,,,,,,,,,,,,,,,,,,,,,,29.75963870694698,36.53846153846153
6684,C,ekkelenkamp,Udinese,10,10,0,21,jurgen ekkelenkamp,nl NED,MF,Udinese,24.0,2000.0,34,20,1892,21.0,3,2,5,3,0,0,2.8,1.3,2.8,4.1,27,9,33.3,1.28,0.43,550,690,79.7,72,15,11,34,86,38,1.81,6,0.29,36,12,17,48,26,0,868,457,23,7,2,0,,,,,,,,,,,,,,,,,,,,,,31.85566943422442,36.53846153846153
2839,C,sottil,Lecce,10,11,-1,22,riccardo sottil,it ITA,"FW,MF",Fiorentina,25.0,1999.0,18,8,833,9.3,1,1,2,1,0,0,0.9,0.9,0.9,1.7,22,6,27.3,2.38,0.65,196,278,70.5,18,12,12,71,100,35,3.78,4,0.43,5,4,8,9,3,0,356,272,21,8,1,0,,,,,,,,,,,,,,,,,,,,,,28.87577032797456,36.53846153846153
4378,D,ranieri,Fiorentina,8,7,1,16,luca ranieri,it ITA,DF,Fiorentina,25.0,1999.0,35,34,2981,33.1,0,3,3,0,0,0,1.1,1.7,1.1,2.7,10,4,40.0,0.3,0.12,1538,1800,85.4,80,16,11,25,11,28,0.82,6,0.18,42,27,14,69,154,1,2124,1234,10,3,7,0,,,,,,,,,,,,,,,,,,,,,,28.325170069385248,36.53846153846153
6215,A,lucca,Napoli,14,15,-1,72,lorenzo lucca,it ITA,FW,Udinese,23.0,2000.0,33,27,2353,26.1,12,1,13,11,1,1,7.6,1.6,6.8,8.4,64,25,39.1,2.45,0.96,240,375,64.0,18,14,1,15,98,33,1.26,4,0.15,10,7,10,17,27,0,641,350,73,29,10,0,,,,,,,,,,,,,,,,,,,,,,34.48661271293192,36.53846153846153
4423,C,hernani,Parma,6,7,-1,18,hernani,br BRA,MF,Parma,30.0,1994.0,25,15,1327,14.7,3,3,6,0,3,3,2.8,1.5,0.5,2.0,17,3,17.6,1.15,0.2,463,615,75.3,78,25,14,29,40,43,2.92,5,0.34,47,19,20,66,12,1,782,419,23,12,7,0,,,,,,,,,,,,,,,,,,,,,,30.91800037131455,36.15384615384615
6665,D,coulibaly,Sassuolo,3,3,0,6,lassana coulibaly,ml MLI,MF,Lecce,28.0,1996.0,38,30,2667,29.6,1,0,1,1,0,0,0.8,0.9,0.8,1.7,9,3,33.3,0.3,0.1,775,955,81.2,93,12,7,21,49,46,1.55,2,0.07,48,18,23,66,46,1,1229,623,33,19,3,0,,,,,,,,,,,,,,,,,,,,,,23.515922939586858,36.15384615384615
5427,D,gutierrez,Napoli,7,8,-1,18,miguel gutierrez,es ESP,"DF,MF",Girona,23.0,2001.0,29,29,2458,27.3,1,5,6,1,0,0,1.6,4.1,1.6,5.8,28,9,32.1,1.03,0.33,1241,1502,82.6,103,41,51,63,199,74,2.71,8,0.29,37,16,41,53,34,3,1741,989,37,25,4,0,,,,,,,,,,,,,,,,,,,,,,30.886209058078784,36.15384615384615
6537,D,goglichidze,Udinese,4,4,0,10,saba goglichidze,ge GEO,DF,Empoli,20.0,2004.0,33,29,2539,28.2,0,1,1,0,0,0,0.3,0.3,0.3,0.6,6,0,0.0,0.21,0.0,724,929,77.9,45,3,1,12,9,13,0.46,2,0.07,64,33,13,97,97,3,1200,564,19,5,3,1,,,,,,,,,,,,,,,,,,,,,,24.308501506219518,35.76923076923077
6917,C,masini,Genoa,6,5,1,14,patrizio masini,it ITA,MF,Genoa,23.0,2001.0,26,16,1538,17.1,1,0,1,1,0,0,0.4,0.2,0.4,0.6,8,1,12.5,0.47,0.06,499,649,76.9,44,6,4,16,27,24,1.4,3,0.18,54,15,24,69,37,0,878,391,25,12,3,0,,,,,,,,,,,,,,,,,,,,,,29.128853137108894,35.76923076923077
5527,D,zanoli,Udinese,3,3,0,8,alessandro zanoli,it ITA,"FW,DF",Genoa,23.0,2000.0,31,19,1711,19.0,1,0,1,1,0,0,0.4,1.6,0.4,2.0,11,3,27.3,0.58,0.16,339,507,66.9,27,19,21,65,90,32,1.68,1,0.05,29,12,24,41,40,0,720,364,32,9,3,0,,,,,,,,,,,,,,,,,,,,,,24.308501506219518,35.76923076923077
5998,C,zerbin,Cremonese,5,3,2,28,alessio zerbin,it ITA,DF,Venezia,25.0,1999.0,18,17,1518,16.9,1,1,2,1,0,0,1.9,2.1,1.9,3.9,16,6,37.5,0.95,0.36,400,612,65.4,54,24,21,53,70,42,2.49,2,0.12,51,15,26,66,25,1,864,383,37,19,4,0,,,,,,,,,,,,,,,,,,,,,,30.018211381789218,35.76923076923077
6394,C,ramadani,Lecce,7,6,1,11,ylber ramadani,al ALB,MF,Lecce,28.0,1996.0,29,21,1807,20.1,1,1,2,1,0,0,0.6,1.1,0.6,1.7,17,6,35.3,0.85,0.3,696,848,82.1,60,16,4,9,7,35,1.74,4,0.2,51,24,10,75,26,3,1038,537,21,22,4,0,,,,,,,,,,,,,,,,,,,,,,27.95841376818393,35.38461538461539
5620,D,tavares,Lazio,12,12,0,43,nuno tavares,pt POR,DF,Lazio,24.0,2000.0,23,22,1686,18.7,0,8,8,0,0,0,1.1,4.8,1.1,5.9,28,5,17.9,1.49,0.27,820,1042,78.7,111,33,44,98,100,63,3.37,11,0.59,28,21,29,49,44,2,1302,736,45,32,4,1,,,,,,,,,,,,,,,,,,,,,,27.01527147552285,35.38461538461539
5319,C,sohm,Fiorentina,11,12,-1,34,simon sohm,ch SUI,MF,Parma,23.0,2001.0,37,36,2989,33.2,4,0,4,4,0,0,3.1,2.1,3.1,5.2,34,13,38.2,1.02,0.39,1050,1233,85.2,140,20,24,69,67,78,2.35,3,0.09,28,26,14,54,36,0,1467,876,33,23,6,0,,,,,,,,,,,,,,,,,,,,,,33.23252775376655,35.0
2188,D,marusic,Lazio,8,8,0,23,adam marusic,me MNE,DF,Lazio,31.0,1992.0,35,26,2337,26.0,4,0,4,4,0,0,2.0,0.6,2.0,2.6,23,10,43.5,0.89,0.39,1053,1240,84.9,84,13,16,23,108,33,1.27,3,0.12,32,16,15,48,61,0,1433,683,12,13,1,0,,,,,,,,,,,,,,,,,,,,,,26.42489464448628,34.61538461538461
6538,C,onana,Genoa,2,2,0,4,amadou onana,be BEL,MF,Aston Villa,22.0,2001.0,26,20,1617,18.0,3,0,3,3,0,0,2.1,0.7,2.1,2.8,17,6,35.3,0.95,0.33,703,802,87.7,75,10,12,29,16,32,1.78,4,0.22,55,26,11,81,41,3,998,553,11,9,4,0,,,,,,,,,,,,,,,,,,,,,,28.18267478235178,34.61538461538461
4317,D,n'dicka,Roma,11,10,1,26,obite n'dicka,ci CIV,DF,Roma,24.0,1999.0,38,38,3420,38.0,0,1,1,0,0,0,1.0,0.7,1.0,1.8,18,5,27.8,0.47,0.13,2295,2492,92.1,107,8,3,29,5,33,0.87,3,0.08,32,33,9,65,150,2,2823,1734,20,3,2,0,,,,,,,,,,,,,,,,,,,,,,27.57190226841251,34.61538461538461
5734,A,soule,Roma,20,20,0,153,matias soule,ar ARG,"MF,DF",Roma,21.0,2003.0,27,22,1781,19.8,5,5,10,5,0,0,3.0,5.2,3.0,8.3,42,13,31.0,2.12,0.66,785,955,82.2,89,51,34,84,191,90,4.55,8,0.4,26,9,15,35,25,0,1271,794,56,32,3,0,,,,,,,,,,,,,,,,,,,,,,30.497676289569455,34.61538461538461
5504,C,coulibaly,Lecce,8,7,1,14,lassana coulibaly,ml MLI,MF,Lecce,28.0,1996.0,38,30,2667,29.6,1,0,1,1,0,0,0.8,0.9,0.8,1.7,9,3,33.3,0.3,0.1,775,955,81.2,93,12,7,21,49,46,1.55,2,0.07,48,18,23,66,46,1,1229,623,33,19,3,0,,,,,,,,,,,,,,,,,,,,,,27.346842728323516,34.61538461538461
791,D,sabelli,Genoa,4,5,-1,11,stefano sabelli,it ITA,DF,Genoa,31.0,1993.0,34,23,2058,22.9,0,2,2,0,0,0,0.1,1.9,0.1,2.1,6,1,16.7,0.26,0.04,825,1204,68.5,88,18,31,36,43,38,1.66,2,0.09,58,22,28,80,65,0,1428,641,22,4,3,0,,,,,,,,,,,,,,,,,,,,,,22.56812673804157,34.61538461538461
6717,C,kone,Sassuolo,5,6,-1,12,jonathan ikone,fr FRA,FW,Como,26.0,1998.0,13,5,540,6.0,2,0,2,2,0,0,1.8,0.2,1.8,1.9,16,5,31.3,2.67,0.83,136,168,81.0,17,2,7,23,55,14,2.33,3,0.5,15,0,3,15,1,1,257,168,9,14,1,0,,,,,,,,,,,,,,,,,,,,,,28.599081096296235,34.23076923076923
6898,C,keita,Parma,6,6,0,10,keita balde,sn SEN,FW,Monza,29.0,1995.0,11,8,638,7.1,2,0,2,2,0,0,1.1,0.2,1.1,1.2,14,5,35.7,1.97,0.71,199,223,89.2,35,4,8,19,29,21,2.97,0,0.0,1,2,4,3,0,0,289,216,20,15,2,0,,,,,,,,,,,,,,,,,,,,,,28.92847303877043,33.84615384615385
5835,D,baschirotto,Cremonese,9,8,1,23,federico baschirotto,it ITA,DF,Lecce,27.0,1996.0,38,38,3420,38.0,2,0,2,2,0,0,1.2,0.2,1.2,1.4,22,8,36.4,0.58,0.21,1409,1635,86.2,71,4,5,13,5,17,0.45,1,0.03,37,23,5,60,237,2,2043,940,13,1,3,0,,,,,,,,,,,,,,,,,,,,,,21.747541538320263,33.84615384615385
1852,D,spinazzola,Napoli,7,7,0,10,leonardo spinazzola,it ITA,"DF,FW",Napoli,31.0,1993.0,27,17,1517,16.9,1,1,2,1,0,0,0.8,3.5,0.8,4.2,12,4,33.3,0.71,0.24,710,895,79.3,88,26,34,83,81,47,2.79,3,0.18,17,9,26,26,31,1,1051,603,17,18,1,0,,,,,,,,,,,,,,,,,,,,,,28.898777856077686,33.84615384615385
554,D,zappacosta,Atalanta,13,13,0,30,davide zappacosta,it ITA,DF,Atalanta,32.0,1992.0,30,26,2067,23.0,4,2,6,4,0,0,2.2,2.1,2.2,4.3,39,12,30.8,1.7,0.52,986,1192,82.7,107,23,37,67,139,53,2.31,6,0.26,26,11,23,37,32,2,1416,780,26,17,3,0,,,,,,,,,,,,,,,,,,,,,,26.979371080984503,33.46153846153846
2038,A,pinamonti,Sassuolo,16,16,0,82,andrea pinamonti,it ITA,FW,Genoa,25.0,1999.0,36,33,2850,31.7,10,1,11,10,0,1,7.7,1.7,7.0,8.7,78,29,37.2,2.46,0.92,419,667,62.8,46,15,9,20,132,48,1.52,5,0.16,10,1,28,11,28,2,952,491,67,34,4,0,,,,,,,,,,,,,,,,,,,,,,24.108370947231414,33.46153846153846
5422,C,zalewski,Atalanta,7,6,1,25,nicola zalewski,pl POL,"DF,FW",Roma,22.0,2002.0,12,4,533,5.9,0,0,0,0,0,0,0.3,0.8,0.3,1.1,5,0,0.0,0.84,0.0,194,265,73.2,17,10,14,31,54,20,3.37,0,0.0,8,4,12,12,8,2,325,193,8,4,0,0,,,,,,,,,,,,,,,,,,,,,,32.93168311297345,33.46153846153846
4973,C,mckennie,Juventus,9,10,-1,14,weston mckennie,us USA,"MF,DF",Juventus,25.0,1998.0,32,27,2310,25.7,2,4,6,2,0,0,2.9,3.6,2.9,6.5,22,8,36.4,0.86,0.31,928,1117,83.1,101,32,22,28,153,60,2.34,9,0.35,33,14,19,47,37,0,1350,719,41,26,3,0,,,,,,,,,,,,,,,,,,,,,,32.70110875324152,33.46153846153846
5449,D,parisi,Fiorentina,5,5,0,11,fabiano parisi,it ITA,"DF,MF",Fiorentina,23.0,2000.0,25,11,1049,11.7,2,0,2,2,0,0,0.5,0.8,0.5,1.3,8,4,50.0,0.69,0.34,383,476,80.5,40,4,9,25,35,14,1.12,2,0.16,27,17,13,44,17,0,607,341,18,16,3,0,,,,,,,,,,,,,,,,,,,,,,25.62696345878841,33.07692307692307
5877,D,carlos augusto,Inter,10,10,0,31,carlos augusto,br BRA,DF,Inter,25.0,1999.0,28,15,1625,18.1,3,2,5,3,0,0,2.8,1.6,2.8,4.4,24,6,25.0,1.33,0.33,1083,1227,88.3,80,9,12,31,83,24,1.28,3,0.16,29,9,19,38,50,0,1413,837,18,13,1,0,,,,,,,,,,,,,,,,,,,,,,28.00156743983939,33.07692307692307
6980,C,venturino,Genoa,3,3,0,10,lorenzo venturino,it ITA,"FW,MF",Genoa,18.0,2006.0,6,1,167,1.9,2,0,2,2,0,0,0.7,0.2,0.7,0.9,4,3,75.0,2.16,1.62,28,55,50.9,7,3,3,5,10,6,3.23,1,0.54,5,0,8,5,5,0,86,39,8,1,0,0,,,,,,,,,,,,,,,,,,,,,,26.92110364267562,33.07692307692307
6010,C,fazzini,Fiorentina,11,11,0,22,jacopo fazzini,it ITA,MF,Empoli,21.0,2003.0,20,16,1383,15.4,4,1,5,4,0,0,3.1,0.5,3.1,3.6,27,9,33.3,1.76,0.59,305,426,71.6,49,12,10,34,88,49,3.19,7,0.46,32,6,19,38,24,0,639,364,39,33,1,1,,,,,,,,,,,,,,,,,,,,,,31.386560409484094,33.07692307692307
4287,C,lobotka,Napoli,9,9,0,24,stanislav lobotka,sk SVK,MF,Napoli,29.0,1994.0,32,31,2636,29.3,0,1,1,0,0,0,0.3,1.2,0.3,1.5,7,0,0.0,0.24,0.0,1600,1762,90.8,118,17,20,30,32,54,1.84,6,0.2,47,21,10,68,57,1,1967,1123,13,12,3,0,,,,,,,,,,,,,,,,,,,,,,33.04971522569337,33.07692307692307
7149,C,marin,Pisa,6,6,0,11,marin ljubicic,hr CRO,"FW,MF",Union Berlin,22.0,2002.0,13,1,281,3.1,1,1,2,1,0,0,0.4,0.6,0.4,1.1,2,1,50.0,0.64,0.32,34,60,56.7,6,2,1,1,19,9,2.88,3,0.96,2,0,3,2,7,0,90,52,6,1,1,0,,,,,,,,,,,,,,,,,,,,,,27.39954543911939,33.07692307692307
5833,D,gila,Lazio,9,9,0,20,mario gila,es ESP,DF,Lazio,23.0,2000.0,32,31,2741,30.5,1,0,1,1,0,0,1.1,0.6,1.1,1.7,15,4,26.7,0.49,0.13,1877,2049,91.6,157,15,9,48,12,38,1.25,1,0.03,55,28,11,83,115,4,2339,1477,17,7,8,0,,,,,,,,,,,,,,,,,,,,,,25.244140982413132,33.07692307692307
2155,A,cutrone,Parma,11,10,1,24,patrick cutrone,it ITA,FW,Como,26.0,1998.0,33,23,2047,22.7,7,4,11,7,0,1,7.1,2.1,6.3,8.4,69,26,37.7,3.03,1.14,336,478,70.3,31,19,10,53,155,49,2.15,6,0.26,16,5,19,21,7,0,692,445,62,26,1,0,,,,,,,,,,,,,,,,,,,,,,23.694335257115366,32.30769230769231
6722,C,gronbaek,Genoa,11,12,-1,32,albert gronbaek,dk DEN,"FW,MF",Southampton,23.0,2001.0,4,2,143,1.6,0,0,0,0,0,0,0.1,0.0,0.1,0.1,2,0,0.0,1.26,0.0,13,18,72.2,1,1,0,1,3,2,1.26,0,0.0,4,0,1,4,1,0,38,18,5,4,0,0,,,,,,,,,,,,,,,,,,,,,,25.974925287918506,31.92307692307692
6151,C,perrone,Como,8,8,0,19,maximo perrone,ar ARG,MF,Como,21.0,2003.0,26,20,1857,20.6,0,3,3,0,0,0,0.9,2.2,0.9,3.1,10,2,20.0,0.48,0.1,1214,1343,90.4,98,30,16,16,19,49,2.37,4,0.19,38,20,14,58,43,0,1502,934,20,16,6,0,,,,,,,,,,,,,,,,,,,,,,28.807695993196564,31.92307692307692
6967,A,diao,Como,16,17,-1,60,assane diao,sn SEN,"FW,MF",Como,18.0,2005.0,15,14,1252,13.9,8,1,9,8,0,0,4.0,0.4,4.0,4.4,28,13,46.4,2.01,0.93,241,304,79.3,36,8,13,50,116,31,2.23,4,0.29,25,3,22,28,19,0,523,376,50,38,2,0,,,,,,,,,,,,,,,,,,,,,,25.34741700154848,31.92307692307692
2766,C,zaniolo,Udinese,11,11,0,27,nicolo zaniolo,it ITA,FW,Fiorentina,25.0,1999.0,9,4,343,3.8,0,0,0,0,0,0,0.7,0.2,0.6,0.9,9,4,44.4,2.36,1.05,52,74,70.3,5,5,1,8,20,10,2.42,0,0.0,3,0,4,3,2,0,131,100,18,10,2,1,,,,,,,,,,,,,,,,,,,,,,27.459384975335528,31.538461538461537
5010,D,ismajli,Torino,7,8,-1,13,ardian ismajli,al ALB,DF,Empoli,27.0,1996.0,29,29,2508,27.9,0,0,0,0,0,0,0.3,0.0,0.3,0.4,5,0,0.0,0.18,0.0,872,1005,86.8,38,2,0,3,1,8,0.29,1,0.04,30,56,4,86,249,3,1410,592,8,3,3,0,,,,,,,,,,,,,,,,,,,,,,22.830629657651976,31.538461538461537
4461,D,zappa,Cagliari,6,6,0,13,gabriele zappa,it ITA,DF,Cagliari,24.0,1999.0,37,35,3060,34.0,2,0,2,2,0,0,0.9,3.6,0.9,4.5,11,5,45.5,0.32,0.15,1318,1723,76.5,146,28,24,57,82,57,1.68,2,0.06,40,23,44,63,93,1,2017,1100,31,7,4,0,,,,,,,,,,,,,,,,,,,,,,20.322401513472794,31.538461538461537
6495,D,comuzzo,Fiorentina,8,7,1,17,pietro comuzzo,it ITA,DF,Fiorentina,19.0,2005.0,32,23,2110,23.4,1,0,1,1,0,0,0.5,0.6,0.5,1.1,5,2,40.0,0.21,0.09,1085,1266,85.7,75,7,4,14,12,20,0.82,1,0.04,43,29,10,72,113,4,1533,892,15,4,5,0,,,,,,,,,,,,,,,,,,,,,,24.42776052074537,31.538461538461537
5858,C,ferguson,Bologna,10,11,-1,23,evan ferguson,ie IRL,FW,West Ham,19.0,2004.0,8,1,156,1.7,0,0,0,0,0,0,0.6,0.3,0.6,0.9,5,1,20.0,2.88,0.58,28,37,75.7,1,2,0,1,7,4,2.31,0,0.0,3,1,0,4,1,0,66,31,8,5,0,0,,,,,,,,,,,,,,,,,,,,,,29.090973063724363,31.153846153846153
460,D,romagnoli,Lazio,7,8,-1,22,alessio romagnoli,it ITA,DF,Lazio,29.0,1995.0,32,31,2672,29.7,2,0,2,2,0,0,2.4,0.3,2.4,2.6,20,7,35.0,0.67,0.24,1624,1770,91.8,90,9,5,8,4,27,0.91,1,0.03,48,26,7,74,118,1,2042,1064,6,1,4,2,,,,,,,,,,,,,,,,,,,,,,23.7681989048217,31.153846153846153
4677,C,cornet,Genoa,7,7,0,20,maxwel cornet,ci CIV,FW,Southampton,27.0,1996.0,2,1,72,0.8,0,0,0,0,0,0,0.2,0.0,0.2,0.2,1,0,0.0,1.25,0.0,17,22,77.3,0,0,0,1,5,0,0.0,0,0.0,5,0,0,5,2,0,34,16,3,0,1,0,,,,,,,,,,,,,,,,,,,,,,25.34413971808042,31.153846153846153
4734,D,miranda,Bologna,8,9,-1,21,juan miranda,es ESP,DF,Bologna,24.0,2000.0,31,25,2277,25.3,0,6,6,0,0,0,0.7,6.1,0.7,6.8,22,5,22.7,0.87,0.2,1420,1877,75.7,163,57,52,34,88,96,3.79,13,0.51,32,23,27,55,50,1,2080,1047,23,8,4,1,,,,,,,,,,,,,,,,,,,,,,23.020188066163193,30.76923076923077
7008,A,gimenez,Milan,24,25,-1,113,santiago gimenez,mx MEX,FW,Milan,23.0,2001.0,14,7,669,7.4,5,2,7,5,0,1,4.8,0.9,4.0,4.9,22,9,40.9,2.96,1.21,79,98,80.6,6,6,2,13,38,16,2.15,4,0.54,5,1,2,6,13,0,189,101,22,2,3,1,,,,,,,,,,,,,,,,,,,,,,27.727747910690198,30.76923076923077
2764,A,martinez,Inter,34,34,0,373,arnau martinez,es ESP,"DF,MF",Girona,21.0,2003.0,32,30,2624,29.2,2,2,4,2,0,0,1.2,2.2,1.2,3.5,19,6,31.6,0.65,0.21,1603,1855,86.4,162,18,14,41,102,56,1.92,6,0.21,51,31,35,82,76,2,2108,1183,25,14,3,0,,,,,,,,,,,,,,,,,,,,,,29.318070508507958,30.76923076923077
6633,C,pierret,Lecce,6,6,0,12,balthazar pierret,fr FRA,MF,Lecce,24.0,2000.0,30,21,1723,19.1,0,0,0,0,0,0,0.2,0.4,0.2,0.6,6,0,0.0,0.31,0.0,696,833,83.6,82,10,5,13,13,39,2.04,0,0.0,51,19,6,70,31,1,1020,512,25,10,2,0,,,,,,,,,,,,,,,,,,,,,,23.98320200909122,30.384615384615383
2728,D,pellegrini,Lazio,4,3,1,8,lorenzo pellegrini,it ITA,MF,Roma,28.0,1996.0,25,20,1626,18.1,2,1,3,1,1,1,4.7,2.5,3.9,6.4,41,13,31.7,2.27,0.72,519,653,79.5,61,27,19,27,82,60,3.32,5,0.28,24,6,13,30,22,0,825,463,26,16,4,0,,,,,,,,,,,,,,,,,,,,,,23.177822073785126,30.384615384615383
6046,D,hien,Atalanta,10,11,-1,34,isak hien,se SWE,DF,Atalanta,25.0,1999.0,30,27,2327,25.9,0,0,0,0,0,0,1.0,0.1,1.0,1.1,8,2,25.0,0.31,0.08,1146,1277,89.7,51,2,1,7,3,5,0.19,1,0.04,48,31,13,79,82,2,1546,845,23,9,10,0,,,,,,,,,,,,,,,,,,,,,,24.168385160992806,30.0
5036,C,caqueret,Como,11,12,-1,19,maxence caqueret,fr FRA,MF,Como,24.0,2000.0,18,15,1087,12.1,2,3,5,2,0,0,0.8,1.5,0.8,2.4,8,3,37.5,0.66,0.25,472,568,83.1,76,19,17,15,46,41,3.4,8,0.66,36,7,15,43,4,1,698,455,29,17,4,0,,,,,,,,,,,,,,,,,,,,,,27.05368389952148,30.0
6889,C,anjorin,Torino,9,10,-1,23,faustino anjorin,eng ENG,MF,Empoli,22.0,2001.0,22,14,1114,12.4,2,3,5,2,0,0,0.9,1.7,0.9,2.5,23,7,30.4,1.86,0.57,355,441,80.5,55,17,13,28,35,32,2.59,5,0.4,29,13,8,42,20,0,628,327,25,11,3,0,,,,,,,,,,,,,,,,,,,,,,26.641943971428745,30.0
333,C,cataldi,Lazio,5,5,0,10,danilo cataldi,it ITA,MF,Fiorentina,29.0,1994.0,24,22,1712,19.0,3,0,3,3,0,0,1.1,0.8,1.1,1.9,13,5,38.5,0.68,0.26,845,1000,84.5,90,15,10,18,16,32,1.68,1,0.05,25,22,11,47,35,0,1147,657,13,7,1,0,,,,,,,,,,,,,,,,,,,,,,28.40913174280279,29.615384615384617
4657,D,celik,Roma,6,7,-1,13,zeki celik,tr TUR,DF,Roma,27.0,1997.0,31,27,2256,25.1,0,2,2,0,0,0,0.6,1.6,0.6,2.2,13,4,30.8,0.52,0.16,1121,1364,82.2,106,19,15,28,93,38,1.51,4,0.16,62,15,32,77,84,3,1627,836,20,8,5,0,,,,,,,,,,,,,,,,,,,,,,23.563060922869717,29.615384615384617
27,C,grassi,Cremonese,4,4,0,9,alberto grassi,it ITA,MF,Empoli,29.0,1995.0,28,27,2203,24.5,1,0,1,1,0,0,1.0,0.8,1.0,1.9,11,4,36.4,0.45,0.16,634,850,74.6,74,7,7,18,24,27,1.1,2,0.08,39,33,14,72,43,1,1058,441,26,18,8,0,,,,,,,,,,,,,,,,,,,,,,24.813818690696973,29.615384615384617
795,C,el shaarawy,Roma,8,8,0,19,stephan el shaarawy,it ITA,"DF,MF",Roma,31.0,1992.0,31,12,1098,12.2,3,4,7,3,0,0,2.7,1.2,2.7,3.9,28,12,42.9,2.3,0.98,399,504,79.2,49,15,21,42,77,47,3.85,9,0.74,16,10,12,26,13,0,635,381,22,10,2,0,,,,,,,,,,,,,,,,,,,,,,28.20600671161037,29.615384615384617
6211,D,zemura,Udinese,4,3,1,8,jordan zemura,zw ZIM,DF,Udinese,24.0,1999.0,23,13,1415,15.7,1,2,3,1,0,0,1.0,1.0,1.0,2.0,14,3,21.4,0.89,0.19,475,621,76.5,42,11,15,25,76,30,1.91,4,0.25,31,16,20,47,41,0,815,403,24,17,2,0,,,,,,,,,,,,,,,,,,,,,,19.857335026208286,29.230769230769234
4976,D,kalulu,Juventus,9,9,0,28,pierre kalulu,fr FRA,DF,Juventus,24.0,2000.0,29,25,2337,26.0,1,0,1,1,0,0,0.7,0.5,0.7,1.2,7,3,42.9,0.27,0.12,1932,2076,93.1,117,11,11,48,24,36,1.39,1,0.04,41,17,11,58,68,1,2275,1559,19,7,2,1,,,,,,,,,,,,,,,,,,,,,,23.47993104728671,28.846153846153843
1871,C,deiola,Cagliari,6,5,1,11,alessandro deiola,it ITA,MF,Cagliari,28.0,1995.0,29,16,1432,15.9,2,1,3,2,0,0,1.7,0.6,1.7,2.4,18,5,27.8,1.13,0.31,384,523,73.4,40,6,8,11,36,26,1.63,3,0.19,31,13,20,44,38,0,686,332,15,11,6,0,,,,,,,,,,,,,,,,,,,,,,23.866816856083673,28.846153846153843
6631,D,ghilardi,Roma,4,4,0,11,daniele ghilardi,it ITA,DF,Hellas Verona,21.0,2003.0,24,21,2029,22.5,0,0,0,0,0,0,0.6,0.2,0.6,0.8,12,4,33.3,0.53,0.18,633,807,78.4,57,6,3,16,7,16,0.71,1,0.04,44,30,10,74,106,0,1070,529,9,2,7,1,,,,,,,,,,,,,,,,,,,,,,22.63794368928292,28.46153846153846
2848,C,frattesi,Inter,13,14,-1,37,davide frattesi,it ITA,MF,Inter,24.0,1999.0,27,9,1158,12.9,5,1,6,5,0,0,4.0,0.8,4.0,4.8,26,7,26.9,2.02,0.54,297,360,82.5,31,7,5,23,50,19,1.4,2,0.15,17,5,10,22,14,1,499,296,20,4,1,0,,,,,,,,,,,,,,,,,,,,,,29.15849841193158,28.46153846153846
513,D,acerbi,Inter,9,9,0,26,francesco acerbi,it ITA,DF,Inter,36.0,1988.0,23,20,1710,19.0,0,1,1,0,0,0,0.4,0.6,0.4,1.0,5,1,20.0,0.26,0.05,1200,1297,92.5,62,9,8,19,22,20,1.05,1,0.05,23,26,5,49,81,0,1484,915,7,2,0,0,,,,,,,,,,,,,,,,,,,,,,24.060642387486034,28.46153846153846
5453,C,ricci,Milan,10,10,0,22,samuele ricci,it ITA,MF,Torino,22.0,2001.0,34,34,2825,31.4,1,1,2,1,0,0,1.3,0.6,1.3,1.8,22,7,31.8,0.7,0.22,1177,1338,88.0,116,15,13,43,30,48,1.53,4,0.13,35,25,16,60,51,2,1589,960,35,18,8,1,,,,,,,,,,,,,,,,,,,,,,27.778346172964714,28.076923076923077
2640,D,kolasinac,Atalanta,6,7,-1,15,sead kolasinac,ba BIH,DF,Atalanta,31.0,1993.0,23,23,1903,21.1,0,2,2,0,0,0,0.8,1.8,0.8,2.6,10,2,20.0,0.47,0.09,1115,1275,87.5,142,17,12,52,47,37,1.75,4,0.19,41,25,17,66,53,1,1458,878,17,16,7,0,,,,,,,,,,,,,,,,,,,,,,22.29439454766501,27.692307692307693
6458,C,serdar,Verona,6,5,1,12,suat serdar,de GER,MF,Hellas Verona,27.0,1997.0,22,16,1376,15.3,2,1,3,2,0,0,1.9,1.0,1.9,2.9,30,8,26.7,1.96,0.52,357,477,74.8,56,10,5,18,35,29,1.9,1,0.07,35,8,19,43,21,0,660,370,24,15,4,1,,,,,,,,,,,,,,,,,,,,,,21.5396627825035,27.692307692307693
6814,D,norton cuffy,Genoa,4,3,1,11,brooke norton cuffy,eng ENG,"DF,FW",Genoa,20.0,2004.0,14,8,719,8.0,0,0,0,0,0,0,0.3,0.2,0.3,0.4,5,2,40.0,0.63,0.25,197,262,75.2,18,2,2,12,21,13,1.63,3,0.38,12,3,9,15,12,0,344,190,14,9,0,0,,,,,,,,,,,,,,,,,,,,,,18.05268723935615,27.692307692307693
2525,D,darmian,Inter,4,4,0,14,matteo darmian,it ITA,DF,Inter,34.0,1989.0,29,20,1781,19.8,3,2,5,3,0,0,1.9,1.5,1.9,3.5,11,3,27.3,0.56,0.15,844,1007,83.8,45,15,15,14,102,34,1.72,4,0.2,28,10,23,38,39,0,1144,593,15,6,3,0,,,,,,,,,,,,,,,,,,,,,,23.403821545427146,27.692307692307693
5457,C,maleh,Lecce,6,6,0,6,youssef maleh,ma MAR,MF,Empoli,25.0,1998.0,22,17,1510,16.8,0,1,1,0,0,0,0.9,0.9,0.9,1.8,17,3,17.6,1.01,0.18,398,560,71.1,72,12,11,10,37,30,1.79,2,0.12,45,16,12,61,25,0,744,299,25,10,5,1,,,,,,,,,,,,,,,,,,,,,,21.536917849649544,27.307692307692307
6669,A,bonny,Inter,7,5,2,37,ange yoan bonny,fr FRA,FW,Parma,20.0,2003.0,37,30,2529,28.1,6,4,10,4,2,3,9.4,2.9,7.1,9.9,61,19,31.1,2.17,0.68,431,573,75.2,53,30,15,41,163,67,2.39,8,0.28,34,3,19,37,17,0,898,527,86,70,2,0,,,,,,,,,,,,,,,,,,,,,,25.978185935429863,27.307692307692307
2528,C,matic,Sassuolo,4,4,0,10,nemanja matic,rs SRB,MF,Lyon,35.0,1988.0,29,25,2010,22.3,0,1,1,0,0,0,0.1,1.3,0.1,1.3,2,1,50.0,0.09,0.04,1230,1415,86.9,150,17,16,35,15,49,2.2,4,0.18,42,18,18,60,31,1,1569,979,13,21,1,0,,,,,,,,,,,,,,,,,,,,,,22.44494163773674,26.923076923076923
6047,D,ehizibue,Udinese,5,5,0,15,kingsley ehizibue,nl NED,DF,Udinese,29.0,1995.0,33,30,2498,27.8,0,1,1,0,0,0,1.2,2.2,1.2,3.5,14,4,28.6,0.5,0.14,753,982,76.7,55,22,21,54,116,51,1.84,2,0.07,55,23,22,78,70,5,1272,576,29,21,5,0,,,,,,,,,,,,,,,,,,,,,,18.286335092086677,26.923076923076923
6896,D,van der brempt,Como,4,4,0,8,ignace van der brempt,be BEL,DF,Como,22.0,2002.0,20,14,1257,14.0,0,1,1,0,0,0,0.5,0.5,0.5,0.9,7,3,42.9,0.5,0.21,551,679,81.1,42,10,6,19,34,22,1.58,3,0.21,40,17,17,57,34,0,841,432,21,10,3,0,,,,,,,,,,,,,,,,,,,,,,18.896841430718894,26.53846153846154
322,D,de vrij,Inter,8,9,-1,20,stefan de vrij,nl NED,DF,Inter,32.0,1992.0,25,17,1636,18.2,3,0,3,3,0,0,1.1,0.0,1.1,1.1,13,3,23.1,0.72,0.17,1309,1403,93.3,76,1,1,11,5,14,0.73,3,0.16,18,22,4,40,89,0,1613,988,4,1,2,0,,,,,,,,,,,,,,,,,,,,,,22.4185902823388,26.53846153846154
5739,D,de winter,Milan,7,8,-1,17,koni de winter,be BEL,DF,Genoa,22.0,2002.0,25,23,2135,23.7,3,0,3,3,0,0,2.1,0.2,2.1,2.3,13,7,53.8,0.55,0.3,1116,1289,86.6,56,3,3,10,10,15,0.63,1,0.04,33,25,10,58,118,3,1551,807,17,8,6,0,,,,,,,,,,,,,,,,,,,,,,21.31704872804802,26.53846153846154
327,D,patric,Lazio,4,4,0,7,patrick ciurria,it ITA,"MF,DF",Monza,29.0,1995.0,21,12,1111,12.3,1,1,2,1,0,0,0.8,2.3,0.8,3.1,11,2,18.2,0.89,0.16,313,433,72.3,27,13,8,19,52,26,2.11,2,0.16,22,6,13,28,22,0,542,306,18,14,1,0,,,,,,,,,,,,,,,,,,,,,,19.930749503083973,26.153846153846157
697,D,cuadrado,Pisa,7,7,0,13,juan cuadrado,co COL,"DF,MF",Atalanta,36.0,1988.0,23,7,832,9.2,0,2,2,0,0,0,0.9,2.0,0.9,2.9,16,4,25.0,1.73,0.43,476,601,79.2,64,19,24,41,90,37,4.0,3,0.32,19,7,11,26,9,0,722,462,14,10,3,0,,,,,,,,,,,,,,,,,,,,,,17.258224650628275,26.153846153846157
4751,D,tomori,Milan,8,8,0,25,fikayo tomori,eng ENG,DF,Milan,26.0,1997.0,22,19,1593,17.7,0,1,1,0,0,0,0.1,0.7,0.1,0.8,2,0,0.0,0.11,0.0,1019,1103,92.4,63,8,6,8,3,22,1.24,3,0.17,40,20,5,60,61,2,1260,721,9,2,4,1,,,,,,,,,,,,,,,,,,,,,,20.693607933088852,25.769230769230766
6677,C,adzic,Juventus,1,1,0,1,vasilije adzic,me MNE,"MF,FW",Juventus,18.0,2006.0,6,0,42,0.5,0,0,0,0,0,0,0.0,0.0,0.0,0.0,1,1,100.0,2.14,2.14,15,20,75.0,1,0,1,0,3,2,4.29,0,0.0,2,0,1,2,0,0,24,14,1,1,0,0,,,,,,,,,,,,,,,,,,,,,,25.09215488208767,25.769230769230766
4728,A,nkunku,Milan,20,20,0,135,christopher nkunku,fr FRA,FW,Chelsea,26.0,1997.0,27,9,921,10.2,3,2,5,3,0,0,4.8,2.1,4.8,6.9,25,11,44.0,2.44,1.07,299,334,89.5,25,14,7,17,68,34,3.32,4,0.39,12,7,3,19,10,0,448,280,18,17,2,0,,,,,,,,,,,,,,,,,,,,,,23.17196621703003,25.769230769230766
4904,D,mari,Fiorentina,6,7,-1,13,mario balotelli,it ITA,"FW,MF",Genoa,33.0,1990.0,6,0,62,0.7,0,0,0,0,0,0,0.0,0.0,0.0,0.0,2,0,0.0,2.9,0.0,4,15,26.7,1,0,0,0,5,0,0.0,0,0.0,0,0,1,0,1,0,23,10,1,0,2,0,,,,,,,,,,,,,,,,,,,,,,19.930749503083973,25.769230769230766
5481,D,mazzocchi,Napoli,3,3,0,5,pasquale mazzocchi,it ITA,"DF,FW",Napoli,29.0,1995.0,20,7,702,7.8,0,0,0,0,0,0,0.3,0.4,0.3,0.6,3,1,33.3,0.38,0.13,244,304,80.3,23,5,8,20,43,18,2.3,0,0.0,15,5,6,20,25,0,385,206,13,11,3,0,,,,,,,,,,,,,,,,,,,,,,21.61153011540696,25.384615384615383
6956,D,solet,Udinese,11,11,0,40,oumar solet,fr FRA,DF,Udinese,24.0,2000.0,19,19,1672,18.6,1,2,3,1,0,0,0.8,1.2,0.8,2.0,12,7,58.3,0.65,0.38,982,1110,88.5,65,17,9,20,6,33,1.78,3,0.16,33,17,8,50,78,4,1325,806,17,11,3,1,,,,,,,,,,,,,,,,,,,,,,17.23900180267227,25.384615384615383
6666,C,bernabe,Parma,11,11,0,36,adrian bernabe,es ESP,MF,Parma,23.0,2001.0,21,18,1453,16.1,1,1,2,1,0,0,1.3,1.1,1.3,2.4,27,5,18.5,1.67,0.31,823,984,83.6,115,22,17,37,20,58,3.59,4,0.25,29,7,18,36,26,1,1140,738,12,14,1,0,,,,,,,,,,,,,,,,,,,,,,21.633539486108646,25.384615384615383
6274,C,diouf,Inter,6,7,-1,16,andy diouf,fr FRA,MF,Lens,21.0,2003.0,34,27,2225,24.7,1,2,3,1,0,0,2.9,2.8,2.9,5.7,40,5,12.5,1.62,0.2,849,1068,79.5,116,33,31,82,94,85,3.44,3,0.12,37,15,30,52,18,2,1367,751,75,42,2,0,,,,,,,,,,,,,,,,,,,,,,25.556597520976275,25.0
6217,D,bisseck,Inter,8,9,-1,20,yann aurel bisseck,de GER,DF,Inter,23.0,2000.0,26,16,1553,17.3,3,2,5,3,0,0,2.6,0.9,2.6,3.4,21,5,23.8,1.22,0.29,1179,1284,91.8,93,7,7,32,44,20,1.1,4,0.22,17,17,16,34,64,1,1465,998,16,7,4,0,,,,,,,,,,,,,,,,,,,,,,21.104948598221014,25.0
6230,D,dossena,Como,4,4,0,11,alberto dossena,it ITA,DF,Como,25.0,1998.0,23,20,1825,20.3,0,2,2,0,0,0,0.8,0.7,0.8,1.5,12,3,25.0,0.59,0.15,894,1020,87.6,36,5,1,4,1,11,0.54,2,0.1,33,22,8,55,89,1,1220,693,8,3,1,1,,,,,,,,,,,,,,,,,,,,,,17.79663907094171,25.0
6170,C,gineitis,Torino,4,5,-1,11,gvidas gineitis,lt LTU,MF,Torino,20.0,2004.0,30,15,1430,15.9,3,1,4,3,0,0,1.3,2.0,1.3,3.3,29,8,27.6,1.83,0.5,399,534,74.7,36,21,7,15,43,39,2.45,2,0.13,25,18,26,43,32,0,715,388,25,10,5,0,,,,,,,,,,,,,,,,,,,,,,22.152880782076288,25.0
5298,C,pobega,Bologna,7,8,-1,22,tommaso pobega,it ITA,MF,Bologna,25.0,1999.0,21,13,1178,13.1,2,2,4,2,0,0,2.1,1.4,2.0,3.4,24,8,33.3,1.83,0.61,384,468,82.1,42,12,5,12,23,27,2.06,4,0.31,33,14,4,47,16,0,608,293,13,6,6,2,,,,,,,,,,,,,,,,,,,,,,22.91267819605009,24.615384615384617
6054,C,moro,Bologna,3,3,0,7,nikola moro,hr CRO,MF,Bologna,26.0,1998.0,22,15,1208,13.4,0,2,2,0,0,0,0.5,0.8,0.5,1.3,14,2,14.3,1.04,0.15,646,805,80.2,93,20,10,17,21,48,3.56,6,0.44,35,13,11,48,18,0,923,486,11,4,1,0,,,,,,,,,,,,,,,,,,,,,,22.91267819605009,24.615384615384617
4463,A,esposito,Cagliari,7,7,0,66,sebastiano esposito,it ITA,"FW,MF",Empoli,22.0,2002.0,33,27,2331,25.9,8,0,8,7,1,2,5.7,2.1,4.2,6.3,59,19,32.2,2.28,0.73,445,739,60.2,93,36,31,31,106,79,3.05,6,0.23,57,12,41,69,14,0,1081,565,88,50,1,0,,,,,,,,,,,,,,,,,,,,,,17.492666870290776,24.615384615384617
7071,A,esposito,Inter,7,7,0,16,sebastiano esposito,it ITA,"FW,MF",Empoli,22.0,2002.0,33,27,2331,25.9,8,0,8,7,1,2,5.7,2.1,4.2,6.3,59,19,32.2,2.28,0.73,445,739,60.2,93,36,31,31,106,79,3.05,6,0.23,57,12,41,69,14,0,1081,565,88,50,1,0,,,,,,,,,,,,,,,,,,,,,,23.3804979341469,24.615384615384617
313,A,morata,Como,18,18,0,78,alvaro morata,es ESP,"FW,MF",Milan,31.0,1992.0,16,13,1099,12.2,5,0,5,5,0,0,3.9,0.8,3.9,4.7,27,10,37.0,2.21,0.82,202,268,75.4,26,7,3,18,63,21,1.72,3,0.25,16,5,4,21,5,0,383,215,24,16,5,0,,,,,,,,,,,,,,,,,,,,,,19.503987306099607,24.615384615384617
543,P,padelli,Udinese,1,1,0,1,daniele padelli,it ITA,GK,Udinese,38.0,1985.0,1,1,90,1.0,0,0,0,0,0,0,0.0,0.0,0.0,0.0,0,0,,0.0,0.0,15,20,75.0,0,0,0,0,0,0,0.0,0,0.0,0,0,0,0,0,0,22,10,0,0,0,0,1.0,1.0,90.0,1.0,0.0,0.0,3.0,3.0,100.0,1.0,0.0,0.0,1.0,100.0,0.0,0.0,0.0,0.8,0.26,0.8,0.77,8.333331669737664,24.24242914979757
7070,C,sucic,Inter,9,9,0,26,luka sucic,hr CRO,MF,Real Sociedad,21.0,2002.0,29,21,1792,19.9,1,1,2,1,0,0,3.3,2.6,3.3,5.9,43,11,25.6,2.16,0.55,727,882,82.4,79,25,13,30,56,55,2.76,5,0.25,25,15,15,40,16,1,1094,666,33,16,4,0,,,,,,,,,,,,,,,,,,,,,,24.75617510076399,24.23076923076923
7183,A,aboukhlal,Torino,8,9,-1,15,zakaria aboukhlal,ma MAR,"MF,FW",Toulouse,24.0,2000.0,26,22,1901,21.1,7,2,9,6,1,2,10.2,1.6,8.6,10.2,62,26,41.9,2.94,1.23,221,349,63.3,22,12,10,34,164,34,1.61,7,0.33,22,6,14,28,9,0,613,375,64,26,4,0,,,,,,,,,,,,,,,,,,,,,,19.21640152278893,24.23076923076923
4374,D,walukiewicz,Sassuolo,5,5,0,11,sebastian walukiewicz,pl POL,DF,Torino,24.0,2000.0,29,20,1661,18.5,0,0,0,0,0,0,0.4,0.3,0.4,0.7,6,1,16.7,0.33,0.05,761,938,81.1,80,4,14,25,31,16,0.87,1,0.05,38,18,13,56,60,0,1119,557,9,5,6,0,,,,,,,,,,,,,,,,,,,,,,15.75828520551063,24.23076923076923
4401,D,gabbia,Milan,7,6,1,16,matteo gabbia,it ITA,DF,Milan,24.0,1999.0,26,24,2152,23.9,2,0,2,2,0,0,1.1,0.2,1.1,1.3,14,4,28.6,0.59,0.17,1316,1443,91.2,74,2,3,13,2,22,0.92,3,0.13,21,15,6,36,103,1,1635,1023,5,1,4,0,,,,,,,,,,,,,,,,,,,,,,19.44672634317051,24.23076923076923
5812,D,terracciano,Cremonese,5,2,3,13,filippo terracciano,it ITA,"DF,MF",Milan,21.0,2003.0,13,6,539,6.0,0,0,0,0,0,0,0.2,0.1,0.2,0.3,3,1,33.3,0.5,0.17,226,257,87.9,14,2,1,5,9,4,0.67,0,0.0,9,6,2,15,11,0,303,162,1,5,3,0,,,,,,,,,,,,,,,,,,,,,,15.569882995989403,24.23076923076923
6042,D,lucumi,Bologna,8,8,0,21,jhon lucumi,co COL,DF,Bologna,26.0,1998.0,32,29,2614,29.0,0,1,1,0,0,0,0.6,0.4,0.6,1.0,13,2,15.4,0.45,0.07,1859,2040,91.1,108,8,0,34,7,34,1.17,2,0.07,53,26,7,79,88,7,2294,1464,13,4,8,1,,,,,,,,,,,,,,,,,,,,,,17.812651179256427,23.846153846153847
49,D,masina,Torino,2,3,-1,8,adam masina,ma MAR,DF,Torino,30.0,1994.0,28,20,1919,21.3,1,2,3,1,0,0,0.7,0.3,0.7,1.0,8,2,25.0,0.38,0.09,1066,1267,84.1,73,4,6,15,10,21,0.98,4,0.19,33,27,4,60,95,2,1502,853,12,8,5,0,,,,,,,,,,,,,,,,,,,,,,17.238951894802195,23.846153846153847
4947,C,brescianini,Atalanta,7,8,-1,23,marco brescianini,it ITA,MF,Atalanta,24.0,2000.0,29,9,991,11.0,4,2,6,4,0,0,3.1,1.0,3.1,4.1,20,8,40.0,1.82,0.73,334,420,79.5,36,7,9,46,69,26,2.37,6,0.55,18,2,14,20,6,0,547,355,28,19,1,0,,,,,,,,,,,,,,,,,,,,,,23.351867452682352,23.846153846153847
5353,D,balogh,Parma,3,3,0,7,botond balogh,hu HUN,DF,Parma,22.0,2002.0,29,23,2053,22.8,0,1,1,0,0,0,0.4,0.1,0.4,0.5,3,0,0.0,0.13,0.0,861,964,89.3,37,2,0,7,1,8,0.35,2,0.09,36,25,8,61,141,2,1228,621,9,1,5,0,,,,,,,,,,,,,,,,,,,,,,15.45897107273307,23.46153846153846
449,C,vazquez,Cremonese,11,10,1,24,jesus vazquez,es ESP,DF,Valencia,21.0,2003.0,19,10,919,10.2,0,0,0,0,0,0,0.1,0.6,0.1,0.8,5,1,20.0,0.49,0.1,345,447,77.2,21,3,3,32,48,9,0.88,1,0.1,23,10,22,33,30,0,586,250,14,8,3,0,,,,,,,,,,,,,,,,,,,,,,19.60942599960473,23.46153846153846
7177,C,santiago,Verona,2,2,0,2,santiago bueno,uy URU,DF,Wolves,25.0,1998.0,29,18,1687,18.7,0,0,0,0,0,0,0.4,0.0,0.4,0.4,6,3,50.0,0.32,0.16,741,842,88.0,28,0,2,1,1,12,0.64,4,0.21,41,15,9,56,70,0,1025,555,2,2,2,0,,,,,,,,,,,,,,,,,,,,,,18.22433288150075,23.46153846153846
5831,D,gatti,Juventus,8,8,0,13,federico gatti,it ITA,DF,Juventus,26.0,1998.0,30,26,2195,24.4,1,0,1,1,0,0,2.5,0.5,2.5,2.9,25,9,36.0,1.03,0.37,1387,1460,95.0,73,6,3,24,6,26,1.07,2,0.08,28,18,6,46,76,2,1687,1165,12,8,2,0,,,,,,,,,,,,,,,,,,,,,,19.058958828668946,23.46153846153846
5336,A,nzola,Pisa,12,12,0,28,m'bala nzola,ao ANG,FW,Lens,27.0,1996.0,21,16,1460,16.2,6,1,7,6,0,0,8.6,1.3,8.6,9.9,47,18,38.3,2.9,1.11,227,302,75.2,22,20,9,26,118,39,2.4,5,0.31,5,5,8,10,7,0,490,284,62,47,3,1,,,,,,,,,,,,,,,,,,,,,,16.678835868985853,23.076923076923077
6869,D,ramon,Como,5,4,1,13,ramon hendriks,nl NED,DF,Stuttgart,23.0,2001.0,25,10,1154,12.8,0,1,1,0,0,0,0.6,1.0,0.6,1.6,5,1,20.0,0.39,0.08,576,688,83.7,36,6,5,8,22,13,1.01,2,0.16,20,19,9,39,63,0,839,418,6,4,3,0,,,,,,,,,,,,,,,,,,,,,,16.146335531275934,22.692307692307693
6191,C,belahyane,Lazio,5,4,1,5,reda belahyane,ma MAR,MF,Hellas Verona,20.0,2004.0,22,17,1658,18.4,0,2,2,0,0,0,0.2,1.0,0.2,1.3,6,2,33.3,0.33,0.11,587,701,83.7,73,16,10,22,13,41,2.23,3,0.16,36,10,9,46,22,1,884,551,34,21,6,1,,,,,,,,,,,,,,,,,,,,,,21.67965435805503,22.692307692307693
530,C,pellegrini,Roma,10,11,-1,20,lorenzo pellegrini,it ITA,MF,Roma,28.0,1996.0,25,20,1626,18.1,2,1,3,1,1,1,4.7,2.5,3.9,6.4,41,13,31.7,2.27,0.72,519,653,79.5,61,27,19,27,82,60,3.32,5,0.28,24,6,13,30,22,0,825,463,26,16,4,0,,,,,,,,,,,,,,,,,,,,,,21.525938118233743,22.692307692307693
6893,D,kempf,Como,6,5,1,15,marc oliver kempf,de GER,DF,Como,29.0,1995.0,31,30,2615,29.1,0,0,0,0,0,0,1.6,1.2,1.6,2.7,20,4,20.0,0.69,0.14,1498,1718,87.2,85,10,9,17,4,34,1.17,2,0.07,30,33,12,63,136,4,2010,1136,12,5,6,1,,,,,,,,,,,,,,,,,,,,,,15.871284941331638,22.30769230769231
5532,D,bradaric,Verona,4,4,0,8,domagoj bradaric,hr CRO,DF,Hellas Verona,24.0,1999.0,28,24,1933,21.5,1,0,1,1,0,0,0.8,2.2,0.8,3.0,9,4,44.4,0.42,0.19,565,780,72.4,46,25,16,30,83,47,2.19,1,0.05,36,15,25,51,49,1,988,426,30,11,6,0,,,,,,,,,,,,,,,,,,,,,,12.957081228053017,22.30769230769231
5678,D,holm,Bologna,7,8,-1,15,emil holm,se SWE,DF,Bologna,24.0,2000.0,21,12,1137,12.6,1,1,2,1,0,0,0.6,0.7,0.6,1.3,10,3,30.0,0.79,0.24,560,735,76.2,49,10,14,29,43,28,2.22,2,0.16,34,10,12,44,51,1,909,442,26,14,3,0,,,,,,,,,,,,,,,,,,,,,,16.65542075994381,22.30769230769231
6965,D,lovik,Parma,3,2,1,11,mathias lovik,no NOR,"DF,FW",Parma,20.0,2003.0,6,0,92,1.0,0,0,0,0,0,0,0.1,0.1,0.1,0.2,1,0,0.0,0.98,0.0,40,54,74.1,1,1,1,0,6,1,0.98,0,0.0,1,2,2,3,3,0,70,42,6,1,0,0,,,,,,,,,,,,,,,,,,,,,,14.697826146267326,22.30769230769231
5544,A,david,Juventus,27,27,0,266,david akpan ankeye,ng NGA,"FW,MF",Genoa,22.0,2002.0,4,0,45,0.5,0,0,0,0,0,0,0.0,0.0,0.0,0.0,0,0,,0.0,0.0,6,7,85.7,1,0,1,0,3,1,2.0,1,2.0,0,0,0,0,1,0,9,6,0,2,0,0,,,,,,,,,,,,,,,,,,,,,,19.71558003924755,21.923076923076923
4,P,sportiello,Atalanta,1,1,0,1,marco sportiello,it ITA,GK,Milan,32.0,1992.0,2,1,126,1.4,0,0,0,0,0,0,0.0,0.0,0.0,0.0,0,0,,0.0,0.0,51,61,83.6,0,0,0,0,0,0,0.0,0,0.0,0,0,0,0,1,0,63,37,0,0,0,0,2.0,1.0,126.0,1.4,2.0,1.43,6.0,4.0,66.7,1.0,0.0,0.0,1.0,100.0,0.0,0.0,0.0,2.2,0.36,0.2,0.12,10.938217506623127,21.68493927125506
608,A,zapata,Torino,19,20,-1,90,duvan zapata,co COL,FW,Torino,33.0,1991.0,7,7,587,6.5,3,0,3,3,0,0,3.4,0.5,3.4,3.9,21,8,38.1,3.22,1.23,87,126,69.0,7,9,4,6,36,20,3.07,1,0.15,7,2,3,9,7,0,192,104,9,8,1,0,,,,,,,,,,,,,,,,,,,,,,17.06122996947635,21.53846153846154
418,D,goldaniga,Como,4,4,0,6,edoardo goldaniga,it ITA,DF,Como,30.0,1993.0,32,28,2532,28.1,1,0,1,1,0,0,2.5,0.3,2.5,2.8,12,5,41.7,0.43,0.18,1310,1517,86.4,81,4,6,20,8,25,0.89,3,0.11,34,33,10,67,102,3,1757,1008,10,8,12,1,,,,,,,,,,,,,,,,,,,,,,15.321183761443047,21.53846153846154
2653,D,lykogiannis,Bologna,5,5,0,12,charalambos lykogiannis,gr GRE,DF,Bologna,30.0,1993.0,17,12,1048,11.6,0,4,4,0,0,0,0.2,1.6,0.2,1.8,6,2,33.3,0.52,0.17,504,706,71.4,49,19,13,10,36,33,2.83,5,0.43,23,11,20,34,41,1,810,368,7,3,3,0,,,,,,,,,,,,,,,,,,,,,,16.076805550287503,21.53846153846154
6900,D,rui modesto,Udinese,3,3,0,6,rui modesto,ao ANG,"DF,MF",Udinese,24.0,1999.0,20,4,608,6.8,0,1,1,0,0,0,0.5,0.8,0.5,1.3,3,2,66.7,0.44,0.3,231,310,74.5,22,14,6,16,43,23,3.4,2,0.3,16,8,8,24,13,0,388,166,9,3,1,0,,,,,,,,,,,,,,,,,,,,,,14.62066857913625,21.53846153846154
5119,C,samardzic,Atalanta,11,12,-1,25,lazar samardzic,rs SRB,MF,Atalanta,22.0,2002.0,31,7,1169,13.0,2,1,3,2,0,0,2.0,2.9,2.0,4.9,33,12,36.4,2.54,0.92,539,692,77.9,92,35,30,54,99,77,5.93,6,0.46,21,2,8,23,6,0,867,573,36,19,3,0,,,,,,,,,,,,,,,,,,,,,,20.66951906780084,21.153846153846153
6206,C,fabbian,Bologna,10,10,0,17,giovanni fabbian,it ITA,MF,Bologna,21.0,2003.0,30,9,1023,11.4,3,1,4,3,0,0,2.3,1.3,2.3,3.7,21,5,23.8,1.85,0.44,151,210,71.9,17,9,5,14,43,19,1.67,0,0.0,10,2,9,12,4,0,328,198,30,18,2,0,,,,,,,,,,,,,,,,,,,,,,19.64181620728136,21.153846153846153
5168,D,tsimikas,Roma,4,4,0,8,kostas tsimikas,gr GRE,DF,Liverpool,28.0,1996.0,18,9,837,9.3,0,1,1,0,0,0,0.4,2.1,0.4,2.5,4,2,50.0,0.43,0.22,550,654,84.1,76,16,12,17,43,31,3.33,2,0.21,31,11,9,42,20,0,741,368,6,4,2,0,,,,,,,,,,,,,,,,,,,,,,16.77886787656653,21.153846153846153
4777,C,mctominay,Napoli,26,26,0,208,scott mctominay,sct SCO,MF,Manchester Utd,27.0,1996.0,2,0,19,0.2,0,0,0,0,0,0,0.1,0.0,0.1,0.1,1,0,0.0,4.74,0.0,10,10,100.0,1,0,0,0,2,1,4.74,0,0.0,0,0,0,0,1,0,14,10,1,1,0,0,,,,,,,,,,,,,,,,,,,,,,20.9835393862929,21.153846153846153
4923,A,colombo,Genoa,11,12,-1,41,lorenzo colombo,it ITA,"FW,MF",Empoli,22.0,2002.0,37,26,2233,24.8,6,2,8,5,1,1,5.9,2.9,5.1,8.0,55,18,32.7,2.22,0.73,343,508,67.5,48,21,12,27,116,55,2.21,3,0.12,31,2,16,33,16,1,837,438,88,52,5,1,,,,,,,,,,,,,,,,,,,,,,14.749871736773917,20.76923076923077
6985,D,cande,Sassuolo,6,6,0,14,fali cande,gw GNB,DF,Venezia,26.0,1998.0,17,17,1530,17.0,1,1,2,1,0,0,1.1,0.6,1.1,1.7,5,2,40.0,0.29,0.12,761,939,81.0,47,4,3,5,3,14,0.82,3,0.18,25,15,11,40,90,2,1131,557,12,8,4,0,,,,,,,,,,,,,,,,,,,,,,13.255821420324748,20.384615384615383
6481,C,payero,Cremonese,4,4,0,10,martin payero,ar ARG,MF,Udinese,25.0,1998.0,25,16,1381,15.3,1,1,2,1,0,0,1.2,1.3,1.2,2.5,31,5,16.1,2.02,0.33,353,454,77.8,51,15,8,33,44,51,3.32,5,0.33,24,13,12,37,13,0,649,368,27,13,5,0,,,,,,,,,,,,,,,,,,,,,,17.00722965405861,20.384615384615383
6190,C,pisilli,Roma,6,7,-1,15,niccolo pisilli,it ITA,MF,Roma,19.0,2004.0,28,11,1227,13.6,2,1,3,2,0,0,2.7,0.7,2.7,3.4,27,7,25.9,1.98,0.51,471,564,83.5,63,10,8,22,44,35,2.57,5,0.37,24,11,7,35,16,0,718,389,27,15,7,0,,,,,,,,,,,,,,,,,,,,,,19.2992485871082,20.384615384615383
256,D,juan jesus,Napoli,4,3,1,14,juan jesus,br BRA,DF,Napoli,33.0,1991.0,15,12,1074,11.9,0,1,1,0,0,0,0.3,0.0,0.3,0.4,3,0,0.0,0.25,0.0,764,853,89.6,50,1,2,3,2,9,0.75,1,0.08,25,9,10,34,42,0,952,589,4,1,2,0,,,,,,,,,,,,,,,,,,,,,,17.305429177737896,20.384615384615383
6052,A,hojlund,Napoli,24,24,0,186,oscar hojlund,dk DEN,MF,Eint Frankfurt,19.0,2005.0,20,7,722,8.0,1,0,1,1,0,0,1.0,1.1,1.0,2.0,6,2,33.3,0.75,0.25,359,408,88.0,49,6,4,17,9,17,2.12,1,0.12,21,5,3,26,11,1,497,291,18,11,0,0,,,,,,,,,,,,,,,,,,,,,,19.082149352295662,20.384615384615383
5888,C,casadei,Torino,12,12,0,28,cesare casadei,it ITA,MF,Torino,21.0,2003.0,15,13,1017,11.3,1,1,2,1,0,0,1.2,0.4,1.2,1.5,14,7,50.0,1.24,0.62,323,406,79.6,36,7,6,14,12,19,1.68,2,0.18,12,5,5,17,26,0,508,259,20,9,1,0,,,,,,,,,,,,,,,,,,,,,,18.009130145750945,20.384615384615383
5007,C,ilic,Torino,7,7,0,12,cesar azpilicueta,es ESP,DF,Atlético Madrid,34.0,1989.0,14,10,875,9.7,1,0,1,1,0,0,0.2,0.1,0.2,0.3,5,2,40.0,0.51,0.21,581,671,86.6,66,3,4,13,20,8,0.82,1,0.1,25,5,4,30,32,0,759,432,8,1,1,0,,,,,,,,,,,,,,,,,,,,,,17.663817592723834,20.0
6957,D,valentini,Verona,4,4,0,9,nicolas valentini,ar ARG,DF,Hellas Verona,23.0,2001.0,14,13,1129,12.5,0,0,0,0,0,0,0.3,0.8,0.3,1.2,8,0,0.0,0.64,0.0,316,468,67.5,42,6,2,4,1,11,0.88,0,0.0,35,15,11,50,97,0,654,268,5,2,5,1,,,,,,,,,,,,,,,,,,,,,,11.624690820744906,20.0
6351,D,lamptey,Fiorentina,4,4,0,8,tariq lamptey,gh GHA,DF,Brighton,23.0,2000.0,15,10,860,9.6,2,2,4,2,0,0,0.4,0.8,0.4,1.2,6,2,33.3,0.63,0.21,335,413,81.1,14,5,6,32,45,17,1.78,3,0.31,17,7,6,24,23,1,535,292,11,5,0,0,,,,,,,,,,,,,,,,,,,,,,15.13393775091182,19.615384615384617
7181,D,wesley,Roma,15,14,1,52,wesley fofana,fr FRA,DF,Chelsea,23.0,2000.0,14,14,1172,13.0,0,0,0,0,0,0,0.4,0.4,0.4,0.8,3,0,0.0,0.23,0.0,724,803,90.2,32,6,1,19,4,15,1.15,0,0.0,13,14,4,27,55,2,933,557,16,5,7,0,,,,,,,,,,,,,,,,,,,,,,15.54537823178413,19.615384615384617
181,C,vecino,Lazio,6,6,0,14,matias vecino,uy URU,MF,Lazio,32.0,1991.0,20,7,877,9.7,2,3,5,2,0,0,2.3,2.4,2.3,4.6,16,4,25.0,1.64,0.41,322,397,81.1,29,11,3,4,14,22,2.25,4,0.41,13,5,9,18,15,0,475,231,6,10,7,0,,,,,,,,,,,,,,,,,,,,,,18.314915665681152,19.230769230769234
6642,D,coco,Torino,8,8,0,12,marcus coco,fr FRA,DF,Nantes,28.0,1996.0,20,10,951,10.6,0,1,1,0,0,0,0.1,1.2,0.1,1.3,2,0,0.0,0.19,0.0,384,483,79.5,34,10,10,12,40,20,1.89,1,0.09,27,11,6,38,46,0,608,297,11,6,3,2,,,,,,,,,,,,,,,,,,,,,,13.883945237092329,19.230769230769234
7023,A,pellegrino,Parma,13,13,0,70,mateo pellegrino,ar ARG,FW,Parma,23.0,2001.0,13,8,737,8.2,3,1,4,3,0,0,3.3,0.7,3.3,4.0,22,9,40.9,2.69,1.1,89,164,54.3,15,5,6,6,37,20,2.44,3,0.37,3,1,6,4,6,0,263,164,29,16,2,0,,,,,,,,,,,,,,,,,,,,,,13.77730875470548,18.846153846153847
6222,C,rafia,Lecce,3,3,0,7,hamza rafia,tn TUN,MF,Lecce,25.0,1999.0,18,14,1058,11.8,0,0,0,0,0,0,0.5,1.4,0.5,1.9,10,2,20.0,0.85,0.17,409,527,77.6,51,16,15,13,32,36,3.06,0,0.0,44,4,11,48,18,1,651,317,21,20,4,0,,,,,,,,,,,,,,,,,,,,,,14.809636411184954,18.846153846153847
4465,C,fagioli,Fiorentina,8,8,0,21,nicolo fagioli,it ITA,MF,Fiorentina,23.0,2001.0,15,10,962,10.7,1,2,3,1,0,0,0.5,3.0,0.5,3.5,10,4,40.0,0.94,0.37,519,617,84.1,50,23,12,15,19,43,4.02,4,0.37,19,5,10,24,12,2,713,480,17,12,0,0,,,,,,,,,,,,,,,,,,,,,,17.72640206179393,18.846153846153847
6766,D,kelly,Juventus,7,7,0,14,skelly alvero,fr FRA,MF,Werder Bremen,22.0,2002.0,12,1,236,2.6,0,0,0,0,0,0,0.0,0.0,0.0,0.0,1,0,0.0,0.38,0.0,68,91,74.7,8,0,3,1,0,2,0.76,0,0.0,11,2,3,13,10,0,136,70,6,4,1,0,,,,,,,,,,,,,,,,,,,,,,15.269554069853719,18.846153846153847
2263,D,lazzari,Lazio,4,4,0,11,manuel lazzari,it ITA,DF,Lazio,30.0,1993.0,25,16,1406,15.6,0,1,1,0,0,0,0.1,1.3,0.1,1.4,6,2,33.3,0.38,0.13,609,770,79.1,66,20,22,72,96,36,2.3,2,0.13,26,10,23,36,19,0,896,518,27,7,3,0,,,,,,,,,,,,,,,,,,,,,,14.026981192718244,18.461538461538463
4263,D,kabasele,Udinese,3,3,0,6,christian kabasele,be BEL,DF,Udinese,33.0,1991.0,16,12,1161,12.9,2,0,2,2,0,0,1.5,0.4,1.5,1.9,15,4,26.7,1.16,0.31,481,564,85.3,44,6,1,9,7,12,0.93,0,0.0,17,14,3,31,75,1,715,393,9,3,0,0,,,,,,,,,,,,,,,,,,,,,,12.526002000307434,18.461538461538463
5156,D,nkounkou,Torino,3,3,0,6,niels nkounkou,fr FRA,"DF,MF",Eint Frankfurt,23.0,2000.0,12,4,382,4.2,0,0,0,0,0,0,0.2,1.3,0.2,1.5,4,0,0.0,0.94,0.0,162,235,68.9,15,9,4,17,21,16,3.77,1,0.24,13,7,10,20,15,0,295,178,7,4,1,0,,,,,,,,,,,,,,,,,,,,,,13.324777460807352,18.461538461538463
2788,D,bremer,Juventus,13,13,0,50,gleison bremer,br BRA,DF,Juventus,27.0,1997.0,6,6,540,6.0,0,0,0,0,0,0,0.1,0.0,0.1,0.1,3,0,0.0,0.5,0.0,468,504,92.9,21,0,0,2,0,3,0.5,0,0.0,15,6,0,21,16,0,569,352,4,2,2,0,,,,,,,,,,,,,,,,,,,,,,14.953770339952449,18.461538461538463
6809,D,marianucci,Napoli,3,3,0,9,luca marianucci,it ITA,DF,Empoli,20.0,2004.0,18,12,1069,11.9,0,0,0,0,0,0,0.6,0.2,0.6,0.8,8,2,25.0,0.67,0.17,354,461,76.8,28,3,2,12,3,12,1.01,0,0.0,28,19,4,47,63,1,609,299,7,3,0,1,,,,,,,,,,,,,,,,,,,,,,15.649236509403645,18.461538461538463
152,C,zielinski,Inter,4,4,0,12,piotr zielinski,pl POL,MF,Inter,30.0,1994.0,26,8,980,10.9,2,2,4,0,2,2,2.6,0.9,1.1,2.0,15,4,26.7,1.38,0.37,636,711,89.5,65,14,6,26,24,40,3.67,7,0.64,14,6,6,20,13,1,803,510,8,6,0,0,,,,,,,,,,,,,,,,,,,,,,18.352795739065687,18.076923076923077
6867,D,valle,Como,6,6,0,13,alex valle,es ESP,DF,Como,20.0,2004.0,15,12,1030,11.4,0,0,0,0,0,0,0.3,0.7,0.3,1.0,9,1,11.1,0.79,0.09,562,661,85.0,44,11,9,19,30,25,2.18,0,0.0,26,8,20,34,42,0,799,425,18,8,2,0,,,,,,,,,,,,,,,,,,,,,,12.84572845194438,18.076923076923077
6804,C,richardson,Fiorentina,4,4,0,8,amir richardson,ma MAR,MF,Fiorentina,22.0,2002.0,26,10,1024,11.4,1,1,2,1,0,0,0.9,0.6,0.9,1.5,11,5,45.5,0.97,0.44,539,615,87.6,47,8,6,19,31,19,1.56,4,0.33,30,6,8,36,29,1,748,451,19,10,6,0,,,,,,,,,,,,,,,,,,,,,,16.98801512408095,18.076923076923077
5750,D,ostigard,Genoa,5,5,0,13,leo skiri ostigard,no NOR,DF,Rennes,24.0,1999.0,16,14,1227,13.6,1,0,1,1,0,0,0.7,0.2,0.7,0.9,6,2,33.3,0.44,0.15,676,797,84.8,50,2,0,3,1,8,0.59,0,0.0,20,15,6,35,81,1,948,490,7,1,4,0,,,,,,,,,,,,,,,,,,,,,,11.530385741254978,17.692307692307693
4199,C,loftus cheek,Milan,9,8,1,21,ruben loftus cheek,eng ENG,MF,Milan,28.0,1996.0,19,10,1037,11.5,0,0,0,0,0,0,0.7,1.9,0.7,2.6,9,2,22.2,0.78,0.17,435,485,89.7,51,16,7,27,32,34,2.95,2,0.17,19,3,4,22,20,0,593,362,20,7,3,0,,,,,,,,,,,,,,,,,,,,,,17.350620754087956,17.692307692307693
5719,C,asllani,Torino,4,4,0,9,kristjan asllani,al ALB,MF,Inter,22.0,2002.0,21,10,980,10.9,2,2,4,0,2,2,2.5,1.9,0.9,2.8,14,3,21.4,1.29,0.28,868,973,89.2,55,15,18,7,20,31,2.82,3,0.27,14,9,3,23,13,1,1061,700,5,2,4,0,,,,,,,,,,,,,,,,,,,,,,15.591942274561163,17.692307692307693
5637,A,davis,Udinese,13,12,1,50,keinan davis,eng ENG,FW,Udinese,26.0,1998.0,23,10,1066,11.8,2,1,3,2,0,0,2.9,2.1,2.9,5.0,29,11,37.9,2.45,0.93,208,275,75.6,22,20,8,26,77,35,2.95,2,0.17,9,1,1,10,5,0,404,231,33,25,2,0,,,,,,,,,,,,,,,,,,,,,,12.990494547066117,17.307692307692307
5297,A,luvumbo,Cagliari,12,12,0,18,zito luvumbo,ao ANG,"FW,MF",Cagliari,22.0,2002.0,26,19,1606,17.8,2,2,4,2,0,0,2.1,3.1,2.1,5.2,23,4,17.4,1.29,0.22,181,302,59.9,31,17,13,70,125,35,1.96,4,0.22,10,4,16,14,4,0,477,347,67,29,2,0,,,,,,,,,,,,,,,,,,,,,,12.27571403189712,17.307692307692307
6164,A,vitinha,Genoa,11,12,-1,18,vitinha,pt POR,"FW,MF",Genoa,24.0,2000.0,25,16,1328,14.8,2,3,5,2,0,0,1.6,3.3,1.6,5.0,33,5,15.2,2.24,0.34,191,322,59.3,19,16,10,38,71,41,2.78,3,0.2,23,12,21,35,22,0,572,309,54,34,2,0,,,,,,,,,,,,,,,,,,,,,,12.27815951753064,17.307692307692307
2137,A,scamacca,Atalanta,20,19,1,119,gianluca scamacca,it ITA,FW,Atalanta,25.0,1999.0,1,0,6,0.1,0,0,0,0,0,0,0.1,0.0,0.1,0.1,1,1,100.0,15.0,15.0,1,1,100.0,0,0,0,0,0,0,0.0,0,0.0,0,0,0,0,0,0,2,2,0,0,0,0,,,,,,,,,,,,,,,,,,,,,,15.544978968823553,17.307692307692307
6643,A,dallinga,Bologna,10,10,0,13,thijs dallinga,nl NED,FW,Bologna,23.0,2000.0,31,11,1154,12.8,3,2,5,3,0,0,4.3,0.6,4.3,4.9,31,11,35.5,2.42,0.86,210,293,71.7,17,12,4,9,84,27,2.11,5,0.39,10,1,13,11,13,1,439,243,42,22,1,0,,,,,,,,,,,,,,,,,,,,,,14.04122157164541,16.923076923076923
2593,D,martin,Genoa,10,10,0,32,martin adeline,fr FRA,MF,Reims,20.0,2003.0,1,0,26,0.3,0,0,0,0,0,0,0.0,0.0,0.0,0.0,0,0,,0.0,0.0,8,10,80.0,0,0,0,1,1,0,0.0,0,0.0,1,0,0,1,2,0,14,6,0,0,0,0,,,,,,,,,,,,,,,,,,,,,,11.028670241401043,16.923076923076923
6552,A,orban,Verona,15,15,0,46,gift orban,ng NGA,"FW,DF",Lyon,22.0,2002.0,3,2,186,2.1,2,0,2,2,0,0,1.2,0.0,1.2,1.2,4,3,75.0,1.94,1.45,22,33,66.7,2,1,1,1,12,2,0.97,0,0.0,0,0,4,0,0,0,49,26,6,0,1,0,,,,,,,,,,,,,,,,,,,,,,10.849796276074368,16.923076923076923
218,P,perin,Juventus,1,1,0,1,mattia perin,it ITA,GK,Juventus,31.0,1992.0,5,5,450,5.0,0,0,0,0,0,0,0.0,0.0,0.0,0.0,0,0,,0.0,0.0,145,182,79.7,0,0,0,0,0,0,0.0,0,0.0,0,0,0,0,2,0,185,123,0,0,0,0,5.0,5.0,450.0,5.0,3.0,0.6,16.0,13.0,81.3,2.0,3.0,0.0,3.0,60.0,0.0,0.0,0.0,3.7,0.23,0.7,0.14,9.036218211357275,16.690607287449392
252,D,biraghi,Torino,8,8,0,23,cristiano biraghi,it ITA,DF,Torino,31.0,1992.0,15,13,1158,12.9,0,0,0,0,0,0,0.5,2.7,0.5,3.1,10,1,10.0,0.78,0.08,513,717,71.5,36,25,19,24,49,41,3.19,0,0.0,16,8,17,24,44,0,832,390,11,2,0,0,,,,,,,,,,,,,,,,,,,,,,11.926858020094906,16.538461538461537
4436,A,cambiaghi,Bologna,11,11,0,25,nicolo cambiaghi,it ITA,FW,Bologna,23.0,2000.0,18,4,620,6.9,1,3,4,1,0,0,0.8,1.9,0.8,2.7,14,4,28.6,2.03,0.58,177,245,72.2,25,12,11,45,63,30,4.36,8,1.16,16,2,6,18,2,0,334,241,16,11,0,0,,,,,,,,,,,,,,,,,,,,,,13.716886960005167,16.538461538461537
6916,D,ahanor,Atalanta,6,6,0,9,honest ahanor,it ITA,"DF,MF",Genoa,16.0,2008.0,6,3,270,3.0,0,0,0,0,0,0,0.5,0.1,0.5,0.6,3,1,33.3,1.0,0.33,51,76,67.1,3,2,0,3,7,5,1.67,0,0.0,7,1,3,8,9,0,106,52,7,2,0,0,,,,,,,,,,,,,,,,,,,,,,13.236773249913991,16.538461538461537
7017,A,douvikas,Como,9,8,1,30,anastasios douvikas,gr GRE,FW,Como,24.0,1999.0,13,6,580,6.4,2,2,4,2,0,0,2.5,1.1,2.5,3.7,14,5,35.7,2.17,0.78,81,106,76.4,6,9,1,8,36,19,2.95,1,0.16,3,1,4,4,3,0,182,113,25,12,1,0,,,,,,,,,,,,,,,,,,,,,,12.737910816632498,16.153846153846153
6212,C,zarraga,Udinese,3,2,1,6,oier zarraga,es ESP,MF,Udinese,25.0,1999.0,22,9,896,10.0,1,0,1,1,0,0,0.4,0.4,0.4,0.8,6,1,16.7,0.6,0.1,238,289,82.4,28,6,8,7,23,15,1.51,0,0.0,19,2,8,21,8,0,359,186,9,4,0,0,,,,,,,,,,,,,,,,,,,,,,13.932355871062022,16.153846153846153
6365,A,ferguson,Roma,19,19,0,162,evan ferguson,ie IRL,FW,West Ham,19.0,2004.0,8,1,156,1.7,0,0,0,0,0,0,0.6,0.3,0.6,0.9,5,1,20.0,2.88,0.58,28,37,75.7,1,2,0,1,7,4,2.31,0,0.0,3,1,0,4,1,0,66,31,8,5,0,0,,,,,,,,,,,,,,,,,,,,,,13.739578404931166,15.769230769230768
6551,D,ilic,Bologna,1,1,0,2,cesar azpilicueta,es ESP,DF,Atlético Madrid,34.0,1989.0,14,10,875,9.7,1,0,1,1,0,0,0.2,0.1,0.2,0.3,5,2,40.0,0.51,0.21,581,671,86.6,66,3,4,13,20,8,0.82,1,0.1,25,5,4,30,32,0,759,432,8,1,1,0,,,,,,,,,,,,,,,,,,,,,,11.447883873037043,15.384615384615385
7010,C,al musrati,Verona,4,4,0,9,almoatasem al musrati,ly LBY,MF,Monaco,28.0,1996.0,10,3,386,4.3,1,1,2,1,0,0,0.5,0.4,0.5,0.9,11,3,27.3,2.56,0.7,255,291,87.6,41,5,4,2,5,15,3.51,1,0.23,14,5,0,19,9,0,339,195,3,2,0,0,,,,,,,,,,,,,,,,,,,,,,11.89506670685914,15.384615384615385
4994,D,vojvoda,Como,7,6,1,13,mergim vojvoda,xk KVX,DF,Torino,29.0,1995.0,17,12,1105,12.3,0,0,0,0,0,0,0.4,0.4,0.4,0.8,5,0,0.0,0.41,0.0,662,792,83.6,64,11,16,18,34,27,2.2,1,0.08,18,7,12,25,24,1,875,577,8,8,4,0,,,,,,,,,,,,,,,,,,,,,,10.920374322334306,15.384615384615385
5672,A,dia,Lazio,21,20,1,102,benoit badiashile,fr FRA,DF,Chelsea,23.0,2001.0,5,3,334,3.7,0,0,0,0,0,0,0.0,0.0,0.0,0.0,0,0,,0.0,0.0,273,304,89.8,17,0,1,3,2,0,0.0,0,0.0,9,6,0,15,12,2,336,177,1,0,0,0,,,,,,,,,,,,,,,,,,,,,,12.73516588377855,15.0
5899,D,gigot,Lazio,4,4,0,7,samuel gigot,fr FRA,DF,Lazio,30.0,1993.0,15,7,683,7.6,2,0,2,2,0,0,1.3,0.0,1.3,1.3,4,3,75.0,0.53,0.4,287,312,92.0,12,0,0,7,5,6,0.79,1,0.13,4,13,2,17,36,0,391,205,4,1,2,0,,,,,,,,,,,,,,,,,,,,,,11.075097037535377,14.615384615384617
441,A,belotti,Cagliari,12,12,0,22,andrea belotti,it ITA,FW,Como,30.0,1993.0,18,7,593,6.6,2,0,2,2,0,0,2.5,0.4,2.5,2.8,19,3,15.8,2.88,0.46,90,120,75.0,9,7,1,9,33,14,2.13,0,0.0,7,1,6,8,8,0,185,106,10,10,1,0,,,,,,,,,,,,,,,,,,,,,,10.353678775646824,14.615384615384617
572,P,meret,Napoli,16,16,0,95,alex meret,it ITA,GK,Napoli,27.0,1997.0,34,34,3005,33.4,0,0,0,0,0,0,0.0,0.0,0.0,0.0,0,0,,0.0,0.0,1050,1223,85.9,1,0,0,0,0,2,0.06,0,0.0,0,0,0,0,16,0,1290,775,1,0,0,0,34.0,34.0,3005.0,33.4,25.0,0.75,84.0,59.0,71.4,21.0,9.0,4.0,16.0,47.1,1.0,2.0,1.0,25.3,0.27,2.3,0.07,8.56354459142108,14.254979757085021
5578,D,kossounou,Atalanta,8,9,-1,22,odilon kossounou,ci CIV,DF,Atalanta,23.0,2001.0,18,12,1125,12.5,0,0,0,0,0,0,0.5,0.0,0.5,0.6,6,4,66.7,0.48,0.32,599,679,88.2,46,1,2,13,14,7,0.56,0,0.0,16,13,6,29,25,1,790,456,12,3,1,0,,,,,,,,,,,,,,,,,,,,,,11.362782636586196,14.23076923076923
487,D,de silvestri,Bologna,4,4,0,10,lorenzo de silvestri,it ITA,DF,Bologna,36.0,1988.0,18,13,1060,11.8,1,0,1,1,0,0,0.8,0.3,0.8,1.1,9,4,44.4,0.76,0.34,446,564,79.1,46,5,6,4,30,14,1.19,2,0.17,11,10,9,21,32,0,657,313,7,2,1,0,,,,,,,,,,,,,,,,,,,,,,10.57996105855258,14.23076923076923
5841,P,svilar,Roma,16,15,1,85,mile svilar,rs SRB,GK,Roma,24.0,1999.0,38,38,3420,38.0,0,0,0,0,0,0,0.0,0.0,0.0,0.0,1,0,0.0,0.03,0.0,1151,1459,78.9,2,0,0,0,0,6,0.16,0,0.0,0,0,0,0,12,2,1531,944,0,1,1,0,38.0,38.0,3420.0,38.0,35.0,0.92,151.0,117.0,79.5,20.0,9.0,9.0,16.0,42.1,4.0,0.0,0.0,42.5,0.26,8.5,0.22,7.311889252439998,14.155384615384618
5435,D,moreno,Como,3,3,0,7,alberto moreno,es ESP,DF,Como,32.0,1992.0,24,21,1727,19.2,0,0,0,0,0,0,0.4,1.2,0.4,1.6,14,6,42.9,0.73,0.31,893,1082,82.5,81,19,23,23,58,36,1.88,2,0.1,25,14,20,39,40,2,1224,722,18,3,4,0,,,,,,,,,,,,,,,,,,,,,,9.82017196255712,13.846153846153847
6482,P,mandas,Lazio,3,3,0,3,christos mandas,gr GRE,GK,Lazio,22.0,2001.0,9,9,810,9.0,0,0,0,0,0,0,0.0,0.0,0.0,0.0,0,0,,0.0,0.0,240,335,71.6,3,0,1,0,0,2,0.22,1,0.11,0,0,0,0,4,0,351,237,0,1,0,0,9.0,9.0,810.0,9.0,7.0,0.78,27.0,20.0,74.1,3.0,5.0,1.0,4.0,44.4,0.0,0.0,0.0,7.9,0.29,0.9,0.1,6.35781342378811,13.780323886639678
5876,P,di gregorio,Juventus,17,16,1,87,michele di gregorio,it ITA,GK,Juventus,27.0,1997.0,33,33,2970,33.0,0,0,0,0,0,0,0.0,0.5,0.0,0.5,0,0,,0.0,0.0,761,994,76.6,0,1,0,0,0,2,0.06,0,0.0,0,1,0,1,14,0,1046,672,0,0,0,0,33.0,33.0,2970.0,33.0,32.0,0.97,103.0,71.0,73.8,16.0,13.0,4.0,14.0,42.4,5.0,0.0,0.0,28.1,0.24,-3.9,-0.12,7.44746424416317,13.714008097165992
2428,P,sommer,Inter,16,16,0,86,yann sommer,ch SUI,GK,Inter,35.0,1988.0,32,32,2880,32.0,0,0,0,0,0,0,0.0,0.0,0.0,0.0,0,0,,0.0,0.0,1167,1332,87.6,1,0,0,0,0,6,0.18,0,0.0,0,0,0,0,13,1,1388,925,0,0,0,0,32.0,32.0,2880.0,32.0,29.0,0.91,110.0,81.0,76.4,20.0,8.0,4.0,13.0,40.6,3.0,1.0,0.0,31.7,0.24,0.7,0.02,7.756213170837515,13.625425101214578
6066,D,posch,Como,4,5,-1,10,stefan posch,at AUT,DF,Bologna,27.0,1997.0,14,7,714,7.9,0,0,0,0,0,0,0.3,0.7,0.3,1.0,2,0,0.0,0.25,0.0,396,505,78.4,36,10,11,11,35,18,2.26,1,0.13,26,5,12,31,22,0,602,295,9,12,1,0,,,,,,,,,,,,,,,,,,,,,,9.545121372612824,13.461538461538462
5872,C,helgason,Lecce,7,8,-1,15,þorir johann helgason,is ISL,MF,Lecce,23.0,2000.0,21,13,1156,12.8,0,4,4,0,0,0,1.2,1.1,1.2,2.3,16,5,31.3,1.25,0.39,255,395,64.6,38,22,13,20,58,39,3.04,7,0.55,10,6,10,16,11,2,491,230,26,10,0,0,,,,,,,,,,,,,,,,,,,,,,10.52863913216203,13.461538461538462
7146,C,toure,Pisa,7,6,1,23,fode ballo toure,sn SEN,"DF,MF",Le Havre,27.0,1997.0,10,9,589,6.5,0,0,0,0,0,0,0.0,0.1,0.0,0.1,0,0,,0.0,0.0,259,311,83.3,13,1,2,15,14,4,0.61,1,0.15,8,4,11,12,27,0,377,163,8,10,0,0,,,,,,,,,,,,,,,,,,,,,,11.02053109959016,13.461538461538462
7028,C,bernede,Verona,4,4,0,10,antoine bernede,fr FRA,MF,Hellas Verona,25.0,1999.0,14,7,594,6.6,1,0,1,1,0,0,0.8,0.5,0.8,1.2,4,2,50.0,0.61,0.3,178,242,73.6,29,10,6,7,22,22,3.33,1,0.15,15,5,10,20,3,0,297,156,14,6,2,0,,,,,,,,,,,,,,,,,,,,,,10.388098570039709,13.461538461538462
479,A,sanabria,Cremonese,8,7,1,35,antonio sanabria,py PAR,FW,Torino,28.0,1996.0,26,16,1318,14.6,2,1,3,2,0,1,2.9,0.5,2.1,2.6,18,4,22.2,1.23,0.27,210,268,78.4,18,9,3,6,54,21,1.44,3,0.21,3,1,2,4,13,0,377,227,32,23,2,0,,,,,,,,,,,,,,,,,,,,,,9.55523603428072,13.461538461538462
4431,P,carnesecchi,Atalanta,14,14,0,66,marco carnesecchi,it ITA,GK,Atalanta,24.0,2000.0,34,34,3060,34.0,0,0,0,0,0,0,0.0,0.2,0.0,0.2,0,0,,0.0,0.0,811,1082,75.0,0,1,0,0,0,5,0.15,1,0.03,0,0,0,0,26,2,1178,678,0,0,1,0,34.0,34.0,3060.0,34.0,34.0,1.0,129.0,97.0,75.2,19.0,7.0,8.0,13.0,38.2,2.0,0.0,0.0,36.1,0.28,4.1,0.12,6.715612295491996,13.181052631578948
4284,C,sergi roberto,Como,4,4,0,8,sergi roberto,es ESP,MF,Como,32.0,1992.0,13,8,696,7.7,0,1,1,0,0,0,0.7,0.7,0.7,1.4,6,1,16.7,0.78,0.13,457,506,90.3,36,15,6,10,19,24,3.1,1,0.13,14,9,10,23,14,0,582,340,14,5,4,0,,,,,,,,,,,,,,,,,,,,,,11.618377475180816,13.076923076923078
4159,D,akanji,Inter,9,9,0,20,manuel akanji,ch SUI,DF,Manchester City,29.0,1995.0,26,23,2014,22.4,0,0,0,0,0,0,1.6,0.4,1.6,1.9,15,2,13.3,0.67,0.09,1632,1744,93.6,158,9,11,46,7,37,1.65,3,0.13,19,9,6,28,64,3,1881,1254,5,5,3,0,,,,,,,,,,,,,,,,,,,,,,10.924225546308183,13.076923076923078
5784,C,aebischer,Pisa,4,4,0,14,michel aebischer,ch SUI,MF,Bologna,27.0,1997.0,14,9,724,8.0,0,0,0,0,0,0,0.4,0.4,0.4,0.8,10,5,50.0,1.24,0.62,366,419,87.4,33,8,5,8,17,18,2.23,0,0.0,18,7,4,25,6,0,485,291,5,7,2,0,,,,,,,,,,,,,,,,,,,,,,10.69937395567782,13.076923076923078
1976,C,mazzitelli,Cagliari,5,5,0,11,luca mazzitelli,it ITA,MF,Como,28.0,1995.0,11,3,335,3.7,1,1,2,1,0,0,0.2,0.6,0.2,0.8,7,3,42.9,1.88,0.81,156,197,79.2,27,6,4,2,14,13,3.5,1,0.27,9,3,4,12,10,0,235,132,3,5,1,0,,,,,,,,,,,,,,,,,,,,,,10.69937395567782,13.076923076923078
6870,D,faye,Cremonese,4,4,0,9,mikayil ngor faye,sn SEN,DF,Rennes,20.0,2004.0,11,7,688,7.6,0,0,0,0,0,0,0.4,0.0,0.4,0.4,6,3,50.0,0.78,0.39,473,534,88.6,35,1,1,12,4,4,0.52,1,0.13,15,12,6,27,30,0,617,386,9,4,1,1,,,,,,,,,,,,,,,,,,,,,,8.156692745192375,12.692307692307692
4364,C,gaetano,Cagliari,8,8,0,17,gaetano castrovilli,it ITA,MF,Monza,27.0,1997.0,12,7,596,6.6,0,0,0,0,0,0,0.3,0.4,0.3,0.7,6,0,0.0,0.91,0.0,188,238,79.0,24,7,5,10,28,15,2.27,2,0.3,12,2,8,14,9,0,305,187,9,9,0,0,,,,,,,,,,,,,,,,,,,,,,10.378216811765482,12.692307692307692
188,P,leali,Genoa,9,8,1,30,nicola leali,it ITA,GK,Genoa,31.0,1993.0,29,29,2610,29.0,0,0,0,0,0,0,0.0,0.0,0.0,0.0,0,0,,0.0,0.0,667,938,71.1,0,0,0,0,0,2,0.07,1,0.03,0,0,2,0,14,1,999,523,0,0,1,0,29.0,29.0,2610.0,29.0,31.0,1.07,111.0,82.0,74.8,8.0,10.0,11.0,10.0,34.5,3.0,1.0,0.0,34.3,0.29,6.3,0.22,4.013605883538988,12.522753036437248
6894,D,unai nunez,Verona,5,5,0,10,unai nunez,es ESP,DF,Athletic Club,27.0,1997.0,10,7,645,7.2,0,0,0,0,0,0,0.2,0.1,0.2,0.3,1,0,0.0,0.14,0.0,283,325,87.1,26,1,1,2,0,2,0.28,0,0.0,10,17,0,27,46,1,415,225,6,0,4,0,,,,,,,,,,,,,,,,,,,,,,7.183389463051208,12.307692307692308
5992,C,bondo,Cremonese,4,3,1,18,warren bondo,fr FRA,MF,Monza,20.0,2003.0,20,19,1618,18.0,0,0,0,0,0,0,0.4,0.3,0.4,0.7,13,1,7.7,0.72,0.06,547,615,88.9,39,5,7,25,21,26,1.45,1,0.06,35,5,9,40,8,4,741,511,20,30,5,1,,,,,,,,,,,,,,,,,,,,,,10.176464247000041,12.307692307692308
5540,C,niasse,Verona,3,3,0,14,cheikh tidiane niasse,sn SEN,MF,Hellas Verona,24.0,2000.0,11,8,755,8.4,0,0,0,0,0,0,0.4,0.1,0.4,0.5,3,1,33.3,0.36,0.12,192,240,80.0,25,4,2,5,15,12,1.43,0,0.0,18,17,6,35,17,2,353,160,14,7,4,0,,,,,,,,,,,,,,,,,,,,,,9.483917687948049,12.307692307692308
6842,P,sava,Udinese,5,4,1,11,razvan sava,ro ROU,GK,Udinese,22.0,2002.0,12,12,1080,12.0,0,0,0,0,0,0,0.0,0.0,0.0,0.0,0,0,,0.0,0.0,277,395,70.1,0,0,0,0,0,0,0.0,0,0.0,0,0,1,0,6,2,423,262,1,0,1,0,12.0,12.0,1080.0,12.0,16.0,1.33,51.0,37.0,74.5,5.0,4.0,3.0,4.0,33.3,3.0,0.0,0.0,14.5,0.24,0.5,0.04,4.353904359219547,12.136842105263158
4312,P,maignan,Milan,16,16,0,79,mike maignan,fr FRA,GK,Milan,29.0,1995.0,37,37,3294,36.6,0,0,0,0,0,0,0.0,0.8,0.0,0.8,0,0,,0.0,0.0,1338,1553,86.2,4,5,0,0,0,6,0.16,0,0.0,0,0,1,0,19,3,1635,1026,1,0,1,0,37.0,37.0,3294.0,36.6,41.0,1.12,136.0,97.0,70.6,17.0,9.0,11.0,12.0,32.4,1.0,1.0,0.0,36.8,0.26,-1.2,-0.03,6.293789401606739,11.96429149797571
6024,C,sulemana,Bologna,4,4,0,10,ibrahim sulemana,gh GHA,MF,Atalanta,21.0,2003.0,9,3,283,3.1,2,0,2,2,0,0,0.6,0.0,0.6,0.6,5,2,40.0,1.59,0.64,159,180,88.3,12,1,1,2,2,3,0.95,0,0.0,9,0,0,9,1,0,209,135,7,3,1,0,,,,,,,,,,,,,,,,,,,,,,10.91951757056474,11.923076923076923
7014,D,smolcic,Como,2,2,0,5,ivan smolcic,hr CRO,DF,Como,23.0,2000.0,9,7,630,7.0,0,0,0,0,0,0,0.4,0.1,0.4,0.6,7,3,42.9,1.0,0.43,327,394,83.0,23,2,3,3,9,8,1.14,0,0.0,16,10,4,26,24,0,475,231,8,3,2,0,,,,,,,,,,,,,,,,,,,,,,8.44491901283564,11.923076923076923
6159,A,sarr,Verona,7,8,-1,21,pape matar sarr,sn SEN,MF,Tottenham,21.0,2002.0,36,22,1913,21.3,3,2,5,3,0,0,3.7,1.6,3.7,5.3,34,13,38.2,1.6,0.61,889,1029,86.4,88,15,12,33,53,45,2.12,7,0.33,49,30,20,79,25,1,1253,772,29,22,6,0,,,,,,,,,,,,,,,,,,,,,,7.645361662371264,11.923076923076923
2489,A,pedro,Lazio,13,13,0,35,pedro chirivella,es ESP,MF,Nantes,27.0,1997.0,30,28,2348,26.1,0,2,2,0,0,0,0.5,1.8,0.5,2.2,8,2,25.0,0.31,0.08,1336,1570,85.1,170,19,24,16,25,55,2.11,6,0.23,44,19,16,63,45,0,1740,946,15,7,6,0,,,,,,,,,,,,,,,,,,,,,,10.070351797248946,11.923076923076923
6556,A,noslin,Lazio,6,7,-1,9,tijjani noslin,nl NED,"FW,MF",Lazio,25.0,1999.0,30,8,861,9.6,2,2,4,2,0,0,2.0,1.6,2.0,3.6,19,6,31.6,1.99,0.63,186,248,75.0,16,12,11,13,56,27,2.82,4,0.42,6,1,9,7,7,0,347,194,24,13,2,0,,,,,,,,,,,,,,,,,,,,,,10.070351797248946,11.923076923076923
5610,C,vranckx,Sassuolo,4,4,0,11,aster vranckx,be BEL,MF,Wolfsburg,21.0,2002.0,14,6,556,6.2,0,0,0,0,0,0,0.0,0.0,0.0,0.0,0,0,,0.0,0.0,166,202,82.2,20,1,2,5,6,6,0.97,1,0.16,11,10,10,21,13,0,276,123,13,5,1,0,,,,,,,,,,,,,,,,,,,,,,9.812760643851451,11.923076923076923
140,D,hysaj,Lazio,3,3,0,6,elseid hysaj,al ALB,DF,Lazio,30.0,1994.0,11,4,424,4.7,0,3,3,0,0,0,0.2,1.6,0.2,1.8,2,0,0.0,0.42,0.0,214,264,81.1,14,6,9,4,18,10,2.12,3,0.64,11,5,5,16,21,0,318,153,5,0,2,1,,,,,,,,,,,,,,,,,,,,,,9.008778128907371,11.923076923076923
6639,D,frese,Verona,3,3,0,9,martin frese,dk DEN,DF,Hellas Verona,26.0,1998.0,11,5,549,6.1,0,0,0,0,0,0,0.1,0.2,0.1,0.2,2,0,0.0,0.33,0.0,182,256,71.1,19,5,4,7,12,10,1.64,1,0.16,18,8,3,26,16,1,320,153,4,0,0,0,,,,,,,,,,,,,,,,,,,,,,6.961324395166524,11.923076923076923
2170,P,milinkovic savic,Napoli,4,4,0,9,vanja milinkovic savic,rs SRB,GK,Torino,27.0,1997.0,37,37,3330,37.0,0,0,0,0,0,0,0.0,0.1,0.0,0.1,0,0,,0.0,0.0,1107,1628,68.0,0,3,6,0,0,10,0.27,0,0.0,1,0,1,1,18,4,1737,1112,1,1,3,0,37.0,37.0,3330.0,37.0,42.0,1.14,173.0,129.0,77.5,10.0,14.0,13.0,10.0,27.0,3.0,4.0,0.0,51.4,0.27,11.4,0.31,7.00856455824653,11.649878542510121
2521,P,de gea,Fiorentina,14,14,0,64,david de gea,es ESP,GK,Fiorentina,33.0,1990.0,34,34,3060,34.0,0,1,1,0,0,0,0.0,0.4,0.0,0.4,0,0,,0.0,0.0,832,1136,73.2,0,3,0,0,0,10,0.29,3,0.09,1,0,0,1,12,0,1207,675,0,0,1,0,34.0,34.0,3060.0,34.0,38.0,1.12,133.0,94.0,72.2,18.0,5.0,11.0,10.0,29.4,1.0,2.0,0.0,37.0,0.26,0.0,0.0,5.599046178298721,11.596437246963562
5498,D,casale,Bologna,4,4,0,8,nicolo casale,it ITA,DF,Bologna,26.0,1998.0,15,9,900,10.0,0,1,1,0,0,0,0.5,0.5,0.5,0.9,4,1,25.0,0.4,0.1,448,512,87.5,29,3,2,3,2,12,1.2,2,0.2,11,17,7,28,43,3,615,328,9,1,1,0,,,,,,,,,,,,,,,,,,,,,,8.554807824755505,11.538461538461538
6966,P,butez,Como,11,10,1,34,jean butez,fr FRA,GK,Como,29.0,1995.0,19,18,1666,18.5,0,0,0,0,0,0,0.0,0.0,0.0,0.0,0,0,,0.0,0.0,588,752,78.2,1,1,1,0,0,5,0.27,0,0.0,0,0,1,0,18,1,799,534,1,0,0,0,19.0,18.0,1666.0,18.5,20.0,1.08,68.0,48.0,73.5,8.0,4.0,6.0,5.0,27.8,2.0,0.0,0.0,20.1,0.27,0.1,0.0,4.539799407486762,11.288785425101215
6986,D,rensch,Roma,4,5,-1,13,devyne rensch,nl NED,DF,Roma,21.0,2003.0,14,5,469,5.2,0,1,1,0,0,0,0.3,0.8,0.3,1.0,3,2,66.7,0.58,0.38,213,260,81.9,14,2,4,2,25,14,2.69,1,0.19,17,7,4,24,12,1,319,161,5,2,0,0,,,,,,,,,,,,,,,,,,,,,,8.761185185480937,11.153846153846155
4887,D,bellanova,Atalanta,13,13,0,51,raoul bellanova,it ITA,DF,Torino,24.0,2000.0,1,1,87,1.0,0,0,0,0,0,0,0.0,0.1,0.0,0.1,1,0,0.0,1.03,0.0,31,43,72.1,0,1,0,4,5,1,1.03,0,0.0,0,0,0,0,4,0,51,34,1,0,0,0,,,,,,,,,,,,,,,,,,,,,,8.864128485482468,11.153846153846155
6424,C,prati,Cagliari,4,3,1,11,matteo prati,it ITA,MF,Cagliari,20.0,2003.0,12,8,570,6.3,0,0,0,0,0,0,0.1,0.7,0.1,0.8,4,0,0.0,0.63,0.0,180,250,72.0,23,6,4,2,7,11,1.74,1,0.16,10,7,5,17,10,1,313,155,4,2,1,0,,,,,,,,,,,,,,,,,,,,,,9.093588236116132,11.153846153846155
5526,D,scalvini,Atalanta,8,8,0,24,giorgio scalvini,it ITA,DF,Atalanta,20.0,2003.0,6,4,272,3.0,0,0,0,0,0,0,0.1,0.0,0.1,0.1,4,0,0.0,1.32,0.0,165,195,84.6,20,0,2,5,7,1,0.33,0,0.0,8,4,3,12,7,0,228,158,2,0,2,0,,,,,,,,,,,,,,,,,,,,,,8.864128485482468,11.153846153846155
4360,P,caprile,Cagliari,8,7,1,19,elia caprile,it ITA,GK,Cagliari,22.0,2001.0,18,18,1620,18.0,0,0,0,0,0,0,0.0,0.0,0.0,0.0,0,0,,0.0,0.0,482,706,68.3,0,0,0,0,0,0,0.0,0,0.0,1,0,0,1,9,1,756,408,1,0,0,0,18.0,18.0,1620.0,18.0,22.0,1.22,66.0,44.0,68.2,5.0,4.0,9.0,5.0,27.8,1.0,0.0,0.0,23.5,0.35,1.5,0.08,3.3831047360257167,10.871417004048583
5603,D,pongracic,Fiorentina,5,5,0,16,marin pongracic,hr CRO,DF,Fiorentina,26.0,1997.0,19,14,1292,14.4,0,0,0,0,0,0,0.2,0.2,0.2,0.4,2,1,50.0,0.14,0.07,691,775,89.2,34,5,3,7,5,12,0.79,1,0.07,18,12,4,30,69,2,922,560,10,7,3,1,,,,,,,,,,,,,,,,,,,,,,8.238520857164342,10.76923076923077
5918,A,sulemana,Atalanta,8,9,-1,20,ibrahim sulemana,gh GHA,MF,Atalanta,21.0,2003.0,9,3,283,3.1,2,0,2,2,0,0,0.6,0.0,0.6,0.6,5,2,40.0,1.59,0.64,159,180,88.3,12,1,1,2,2,3,0.95,0,0.0,9,0,0,9,1,0,209,135,7,3,1,0,,,,,,,,,,,,,,,,,,,,,,9.55390515774547,10.76923076923077
2061,A,simeone,Torino,8,8,0,27,giovanni simeone,ar ARG,FW,Napoli,29.0,1995.0,30,1,419,4.7,1,1,2,1,0,0,2.6,0.8,2.6,3.4,13,3,23.1,2.79,0.64,79,113,69.9,7,8,2,11,30,12,2.59,2,0.43,2,1,6,3,6,0,194,110,21,14,1,0,,,,,,,,,,,,,,,,,,,,,,8.440543756226008,10.76923076923077
6653,A,bravo,Udinese,6,6,0,21,iker bravo,es ESP,"FW,MF",Udinese,19.0,2005.0,29,4,682,7.6,2,1,3,2,0,0,0.9,0.4,0.9,1.3,13,3,23.1,1.72,0.4,159,196,81.1,18,7,6,7,39,14,1.85,0,0.0,10,1,4,11,4,0,294,157,31,14,3,0,,,,,,,,,,,,,,,,,,,,,,8.033378716223186,10.76923076923077
2134,P,falcone,Lecce,7,6,1,18,wladimiro falcone,it ITA,GK,Lecce,29.0,1995.0,38,38,3420,38.0,0,0,0,0,0,0,0.0,0.0,0.0,0.0,0,0,,0.0,0.0,731,1200,60.9,0,0,0,0,0,11,0.29,1,0.03,0,0,0,0,29,3,1321,727,1,0,2,0,38.0,38.0,3420.0,38.0,58.0,1.53,181.0,125.0,72.4,8.0,10.0,20.0,9.0,23.7,8.0,1.0,1.0,53.8,0.26,-1.2,-0.03,2.996592623350628,10.764615384615386
133,P,skorupski,Bologna,11,10,1,50,lukasz skorupski,pl POL,GK,Bologna,33.0,1991.0,27,27,2364,26.3,0,0,0,0,0,0,0.0,0.0,0.0,0.0,0,0,,0.0,0.0,862,1105,78.0,0,0,0,0,0,4,0.15,0,0.0,1,0,0,1,13,2,1155,778,0,0,1,0,27.0,27.0,2364.0,26.3,33.0,1.26,82.0,50.0,61.0,11.0,12.0,4.0,8.0,29.6,1.0,1.0,0.0,28.7,0.34,-2.3,-0.09,4.791053277054068,10.683117408906885
2722,P,ravaglia,Bologna,3,3,0,5,federico ravaglia,it ITA,GK,Bologna,24.0,1999.0,12,11,1056,11.7,0,0,0,0,0,0,0.0,0.0,0.0,0.0,0,0,,0.0,0.0,371,473,78.4,0,1,0,0,0,4,0.34,0,0.0,0,0,0,0,9,0,488,332,0,0,0,0,12.0,11.0,1056.0,11.7,14.0,1.19,24.0,10.0,45.8,5.0,2.0,4.0,4.0,36.4,1.0,0.0,0.0,11.7,0.46,-2.3,-0.2,4.670782174701992,10.39995951417004
6646,A,adams,Torino,13,14,-1,54,akor adams,ng NGA,FW,Sevilla,24.0,2000.0,4,1,134,1.5,0,0,0,0,0,0,0.4,0.0,0.4,0.4,2,1,50.0,1.34,0.67,20,27,74.1,5,0,1,0,5,0,0.0,0,0.0,0,0,0,0,1,0,34,5,2,0,0,0,,,,,,,,,,,,,,,,,,,,,,8.132662105752782,10.384615384615385
7161,A,bayo,Udinese,4,4,0,12,mohamed lamine bayo,gn GUI,FW,Lille,26.0,1998.0,12,4,309,3.4,2,1,3,2,0,0,2.2,0.5,2.2,2.7,10,4,40.0,2.91,1.17,41,58,70.7,4,4,2,4,20,12,3.51,2,0.58,1,0,2,1,4,0,98,59,13,5,1,0,,,,,,,,,,,,,,,,,,,,,,7.4501886184769575,10.0
6641,P,suzuki,Parma,7,7,0,14,zion suzuki,jp JPN,GK,Parma,21.0,2002.0,37,37,3314,36.8,0,0,0,0,0,0,0.0,0.0,0.0,0.0,0,0,,0.0,0.0,1008,1496,67.4,0,0,1,0,0,9,0.24,1,0.03,1,0,1,1,35,4,1605,953,1,0,2,1,36.0,36.0,3240.0,36.8,53.0,1.47,150.0,99.0,68.0,7.0,15.0,15.0,7.0,19.4,5.0,0.0,0.0,51.4,0.32,0.4,0.01,3.2502463434955207,9.752469635627529
4957,P,montipo,Verona,4,5,-1,10,lorenzo montipo,it ITA,GK,Hellas Verona,28.0,1996.0,36,36,3240,36.0,0,0,0,0,0,0,0.0,0.0,0.0,0.0,0,0,,0.0,0.0,520,1068,48.7,1,0,0,0,0,5,0.14,0,0.0,1,0,1,1,24,4,1170,508,1,0,0,0,36.0,36.0,3240.0,36.0,64.0,1.78,161.0,97.0,61.5,9.0,7.0,20.0,8.0,22.2,2.0,1.0,1.0,50.8,0.31,-12.2,-0.34,2.202271921821791,9.670526315789473
5500,A,cancellieri,Lazio,4,3,1,13,matteo cancellieri,it ITA,"FW,MF",Parma,22.0,2002.0,27,19,1424,15.8,3,0,3,3,0,0,2.7,0.7,2.7,3.4,22,7,31.8,1.39,0.44,211,313,67.4,24,11,7,40,79,27,1.71,3,0.19,26,13,10,39,30,0,531,314,34,24,2,1,,,,,,,,,,,,,,,,,,,,,,8.071741232351746,9.615384615384617
6832,D,palestra,Cagliari,4,3,1,8,marco palestra,it ITA,DF,Atalanta,19.0,2005.0,9,2,222,2.5,0,0,0,0,0,0,0.0,0.2,0.0,0.2,0,0,,0.0,0.0,85,109,78.0,6,3,3,13,14,8,3.21,0,0.0,6,2,4,8,4,0,137,89,3,1,0,0,,,,,,,,,,,,,,,,,,,,,,6.1958541199612185,9.615384615384617
6990,D,veiga,Lecce,2,1,1,8,danilo veiga,pt POR,DF,Lecce,21.0,2002.0,13,2,374,4.2,0,0,0,0,0,0,0.6,0.3,0.6,0.9,5,0,0.0,1.2,0.0,104,161,64.6,10,6,5,10,13,14,3.38,1,0.24,8,4,5,12,14,0,225,111,10,5,0,0,,,,,,,,,,,,,,,,,,,,,,5.920628852471672,9.615384615384617
6410,C,kaba,Lecce,2,1,1,2,mohamed kaba,fr FRA,MF,Lecce,22.0,2001.0,15,2,452,5.0,0,0,0,0,0,0,0.3,0.0,0.3,0.4,4,0,0.0,0.8,0.0,139,172,80.8,18,1,1,3,8,10,1.99,0,0.0,13,4,4,17,10,1,240,136,13,5,1,0,,,,,,,,,,,,,,,,,,,,,,7.470783932859941,9.615384615384617
6125,P,vasquez,Roma,1,1,0,1,devis vasquez,co COL,GK,Empoli,26.0,1998.0,32,32,2880,32.0,0,0,0,0,0,0,0.0,0.0,0.0,0.0,0,0,,0.0,0.0,667,1105,60.4,0,0,1,0,0,6,0.19,0,0.0,0,0,1,0,21,4,1183,701,2,0,2,0,32.0,32.0,2880.0,32.0,45.0,1.41,125.0,79.0,64.8,6.0,12.0,14.0,6.0,18.8,1.0,1.0,1.0,40.2,0.31,-4.8,-0.15,4.887334804512275,9.356194331983806
5506,A,ekuban,Genoa,2,2,0,5,caleb ekuban,gh GHA,FW,Genoa,30.0,1994.0,18,3,555,6.2,1,3,4,1,0,0,2.8,0.8,2.8,3.5,18,6,33.3,2.92,0.97,72,107,67.3,8,8,1,7,42,14,2.27,3,0.49,3,1,4,4,6,0,174,97,17,12,1,0,,,,,,,,,,,,,,,,,,,,,,6.510831005962993,9.230769230769232
6462,P,okoye,Udinese,5,6,-1,15,maduka okoye,ng NGA,GK,Udinese,24.0,1999.0,25,25,2250,25.0,0,0,0,0,0,0,0.0,0.0,0.0,0.0,0,0,,0.0,0.0,681,878,77.6,1,0,0,0,0,1,0.04,0,0.0,0,0,3,0,12,1,940,589,0,0,1,0,25.0,25.0,2250.0,25.0,40.0,1.6,110.0,73.0,67.3,6.0,4.0,15.0,4.0,16.0,4.0,0.0,1.0,37.0,0.32,0.0,0.0,3.340175702320184,9.053036437246964
7253,D,bella kotchap,Verona,6,6,0,14,armel bella kotchap,de GER,DF,Southampton,22.0,2001.0,4,2,331,3.7,0,0,0,0,0,0,0.3,0.0,0.3,0.3,1,0,0.0,0.27,0.0,202,224,90.2,5,0,0,0,0,2,0.54,0,0.0,7,5,1,12,21,1,263,186,1,0,0,0,,,,,,,,,,,,,,,,,,,,,,5.184803852089045,8.846153846153847
6519,A,camarda,Lecce,11,12,-1,22,francesco camarda,it ITA,"FW,MF",Milan,16.0,2008.0,10,1,206,2.3,0,0,0,0,0,0,0.6,0.5,0.6,1.1,8,1,12.5,3.5,0.44,37,44,84.1,1,5,0,2,16,7,3.04,1,0.43,5,0,0,5,3,0,80,34,7,3,0,0,,,,,,,,,,,,,,,,,,,,,,5.894327404943808,8.846153846153847
6015,C,berisha,Lecce,3,3,0,11,medon berisha,al ALB,MF,Lecce,20.0,2003.0,17,7,716,8.0,0,1,1,0,0,0,0.7,0.6,0.7,1.3,24,6,25.0,3.02,0.75,312,400,78.0,42,11,6,13,17,29,3.64,2,0.25,12,11,4,23,5,2,486,279,10,1,5,0,,,,,,,,,,,,,,,,,,,,,,6.859212892999525,8.846153846153847
5290,C,estevez,Parma,2,2,0,3,nahuel estevez,ar ARG,MF,Parma,28.0,1995.0,14,7,657,7.3,0,0,0,0,0,0,0.1,0.8,0.1,0.8,5,1,20.0,0.68,0.14,237,313,75.7,30,6,1,3,4,13,1.78,1,0.14,16,3,8,19,26,0,379,148,3,4,3,0,,,,,,,,,,,,,,,,,,,,,,7.375260269542425,8.846153846153847
2814,P,provedel,Lazio,12,12,0,55,ivan provedel,it ITA,GK,Lazio,30.0,1994.0,29,29,2610,29.0,0,0,0,0,0,0,0.0,0.3,0.0,0.3,0,0,,0.0,0.0,865,1118,77.4,4,3,2,0,0,13,0.45,0,0.0,0,1,1,1,12,3,1167,744,0,0,0,0,29.0,29.0,2610.0,29.0,42.0,1.45,92.0,52.0,58.7,15.0,6.0,8.0,5.0,17.2,4.0,0.0,0.0,31.5,0.32,-8.5,-0.29,4.06657315858084,8.627368421052632
5792,C,ederson,Atalanta,14,15,-1,42,ederson,br BRA,GK,Manchester City,30.0,1993.0,26,26,2320,25.8,0,4,4,0,0,0,0.0,1.5,0.0,1.5,0,0,,0.0,0.0,811,923,87.9,2,4,1,0,0,6,0.23,4,0.16,0,1,1,1,11,4,975,654,1,0,4,0,26.0,26.0,2320.0,25.8,26.0,1.01,78.0,53.0,69.2,16.0,4.0,6.0,10.0,38.5,2.0,0.0,0.0,30.0,0.37,5.0,0.19,8.024162396216585,8.461538461538462
610,P,gollini,Roma,1,1,0,1,pierluigi gollini,it ITA,GK,Genoa,29.0,1995.0,7,7,630,7.0,0,0,0,0,0,0,0.0,0.0,0.0,0.0,0,0,,0.0,0.0,206,250,82.4,0,0,0,0,0,4,0.57,0,0.0,0,0,0,0,2,1,269,131,0,0,1,0,7.0,7.0,630.0,7.0,15.0,2.14,32.0,16.0,62.5,1.0,2.0,4.0,1.0,14.3,3.0,1.0,0.0,12.2,0.29,-2.8,-0.39,4.320364589424065,8.233927125506074
6426,D,pedersen,Torino,4,4,0,9,mads pedersen,dk DEN,DF,Augsburg,27.0,1996.0,7,2,235,2.6,0,0,0,0,0,0,0.1,0.0,0.1,0.1,2,0,0.0,0.77,0.0,70,90,77.8,11,0,2,1,10,4,1.53,0,0.0,8,2,3,10,6,0,123,53,4,1,0,0,,,,,,,,,,,,,,,,,,,,,,5.776012480960149,8.076923076923077
4890,C,tameze,Torino,5,5,0,11,adrien tameze,cm CMR,"MF,DF",Torino,30.0,1994.0,20,9,649,7.2,0,0,0,0,0,0,0.4,0.8,0.4,1.2,7,3,42.9,0.97,0.42,259,301,86.0,23,6,6,16,21,8,1.11,0,0.0,5,10,7,15,8,1,368,214,10,3,3,0,,,,,,,,,,,,,,,,,,,,,,6.959128448883361,8.076923076923077
574,P,scuffet,Pisa,3,3,0,3,simone scuffet,it ITA,GK,Cagliari,28.0,1996.0,13,13,1170,13.0,0,0,0,0,0,0,0.0,0.0,0.0,0.0,0,0,,0.0,0.0,286,407,70.3,0,0,0,0,0,2,0.15,0,0.0,0,0,0,0,8,2,442,201,0,0,0,0,13.0,13.0,1170.0,13.0,23.0,1.77,56.0,33.0,67.9,3.0,3.0,7.0,1.0,7.7,5.0,0.0,0.0,20.4,0.28,-2.6,-0.2,2.6908584122131605,7.697732793522269
388,D,albiol,Pisa,5,5,0,10,raul albiol,es ESP,DF,Villarreal,38.0,1985.0,15,14,1188,13.2,0,0,0,0,0,0,0.1,0.0,0.1,0.1,2,0,0.0,0.15,0.0,727,813,89.4,34,0,1,3,0,5,0.38,3,0.23,10,6,3,16,69,1,915,514,3,1,5,0,,,,,,,,,,,,,,,,,,,,,,5.062737519871651,7.6923076923076925
6207,A,almqvist,Parma,5,4,1,13,pontus almqvist,se SWE,"FW,MF",Parma,25.0,1999.0,29,10,1112,12.4,1,1,2,1,0,0,2.1,1.3,2.1,3.5,26,9,34.6,2.1,0.73,215,297,72.4,12,10,4,42,85,26,2.1,2,0.16,17,19,11,36,8,0,462,298,31,13,5,0,,,,,,,,,,,,,,,,,,,,,,5.560343938423005,7.6923076923076925
4236,P,muric,Sassuolo,3,3,0,7,arijanet muric,xk KVX,GK,Ipswich Town,25.0,1998.0,18,18,1620,18.0,0,0,0,0,0,0,0.0,0.0,0.0,0.0,0,0,,0.0,0.0,454,633,71.7,1,0,0,0,0,1,0.06,0,0.0,0,0,0,0,10,5,689,405,3,1,1,0,18.0,18.0,1620.0,18.0,33.0,1.83,100.0,67.0,70.0,2.0,6.0,10.0,1.0,5.6,3.0,0.0,0.0,31.4,0.29,-1.6,-0.09,2.5187231913746873,7.586801619433199
6991,P,siegrist,Genoa,1,1,0,1,benjamin siegrist,ch SUI,GK,Genoa,32.0,1992.0,2,2,152,1.7,0,0,0,0,0,0,0.0,0.0,0.0,0.0,0,0,,0.0,0.0,48,73,65.8,0,0,0,0,0,0,0.0,0,0.0,0,1,0,1,1,0,79,56,0,0,0,0,2.0,2.0,152.0,1.7,2.0,1.18,12.0,10.0,83.3,1.0,1.0,0.0,0.0,0.0,0.0,0.0,0.0,2.4,0.2,0.4,0.23,2.5919752137554077,7.5802834008097175
4867,P,turati,Sassuolo,6,7,-1,7,stefano turati,it ITA,GK,Monza,22.0,2001.0,30,30,2676,29.7,0,0,0,0,0,0,0.0,0.0,0.0,0.0,0,0,,0.0,0.0,764,1077,70.9,0,0,0,0,0,5,0.17,1,0.03,0,0,1,0,21,2,1166,720,0,0,1,0,30.0,30.0,2676.0,29.7,52.0,1.75,145.0,93.0,65.5,2.0,7.0,21.0,2.0,6.7,2.0,2.0,0.0,47.4,0.31,-2.6,-0.09,2.5038527825003465,7.532914979757087
511,P,perilli,Verona,1,1,0,1,simone perilli,it ITA,GK,Hellas Verona,29.0,1995.0,2,2,180,2.0,0,0,0,0,0,0,0.0,0.0,0.0,0.0,0,0,,0.0,0.0,13,49,26.5,0,0,0,0,0,0,0.0,0,0.0,0,0,0,0,1,0,56,22,0,0,0,0,2.0,2.0,180.0,2.0,2.0,1.0,11.0,9.0,81.8,1.0,0.0,1.0,0.0,0.0,0.0,0.0,0.0,3.0,0.3,1.0,0.51,1.8250037273298758,7.467935222672066
6663,D,circati,Parma,5,5,0,13,alessandro circati,au AUS,DF,Parma,20.0,2003.0,6,6,540,6.0,0,0,0,0,0,0,0.3,0.0,0.3,0.3,2,0,0.0,0.33,0.0,197,229,86.0,10,1,0,1,0,3,0.5,0,0.0,7,3,1,10,42,1,301,123,4,2,1,0,,,,,,,,,,,,,,,,,,,,,,4.549227126724068,6.923076923076923
6660,D,marcandalli,Genoa,4,3,1,2,alessandro marcandalli,it ITA,DF,Genoa,21.0,2002.0,2,1,46,0.5,0,0,0,0,0,0,0.0,0.0,0.0,0.0,0,0,,0.0,0.0,12,20,60.0,1,0,0,0,0,0,0.0,0,0.0,1,0,1,1,2,0,24,11,0,0,0,0,,,,,,,,,,,,,,,,,,,,,,4.506368743299868,6.923076923076923
6895,A,dominguez,Bologna,8,9,-1,17,alex dominguez,es ESP,GK,Toulouse,26.0,1998.0,1,0,19,0.2,0,0,0,0,0,0,0.0,0.0,0.0,0.0,0,0,,0.0,0.0,8,11,72.7,0,0,0,0,0,0,0.0,0,0.0,0,0,0,0,0,0,11,3,0,0,0,0,1.0,0.0,19.0,0.2,0.0,0.0,0.0,0.0,,0.0,0.0,0.0,1.0,,0.0,0.0,0.0,0.0,,0.0,0.0,5.284187057358785,6.538461538461539
4137,D,diego carlos,Como,5,5,0,10,diego carlos,br BRA,DF,Aston Villa,31.0,1993.0,10,8,830,9.2,0,0,0,0,0,0,0.6,0.0,0.6,0.6,4,1,25.0,0.43,0.11,534,603,88.6,34,0,1,3,0,4,0.43,0,0.0,8,5,0,13,36,2,674,419,1,2,1,0,,,,,,,,,,,,,,,,,,,,,,4.594210753615494,6.538461538461539
4807,D,hermoso,Roma,4,3,1,15,mario hermoso,es ESP,DF,Roma,29.0,1995.0,8,2,251,2.8,0,0,0,0,0,0,0.1,0.0,0.1,0.1,1,0,0.0,0.36,0.0,182,202,90.1,14,0,2,3,5,4,1.43,0,0.0,2,4,4,6,13,0,227,104,0,1,2,1,,,,,,,,,,,,,,,,,,,,,,5.060716251133742,6.538461538461539
7246,C,sala,Lecce,3,3,0,8,marco sala,it ITA,DF,Como,25.0,1999.0,8,3,261,2.9,0,0,0,0,0,0,0.0,0.1,0.0,0.1,0,0,,0.0,0.0,115,152,75.7,16,1,2,10,16,6,2.07,0,0.0,9,1,5,10,9,0,173,113,1,1,3,0,,,,,,,,,,,,,,,,,,,,,,4.718714253488062,6.153846153846154
6555,A,moumbagna,Cremonese,6,6,0,16,faris pemi moumbagna,cm CMR,FW,Marseille,24.0,2000.0,1,0,8,0.1,0,0,0,0,0,0,0.0,0.0,0.0,0.0,0,0,,0.0,0.0,0,0,,0,0,0,0,0,0,0.0,0,0.0,0,0,0,0,0,0,0,1,0,1,0,0,,,,,,,,,,,,,,,,,,,,,,4.047902571852361,5.769230769230769
6145,A,ngonge,Torino,8,9,-1,20,cyril ngonge,be BEL,FW,Napoli,24.0,2000.0,18,1,216,2.4,0,0,0,0,0,0,0.7,0.4,0.7,1.1,13,6,46.2,5.42,2.5,68,87,78.2,8,3,1,7,36,12,4.98,0,0.0,8,2,1,10,4,0,145,93,4,7,2,0,,,,,,,,,,,,,,,,,,,,,,4.438082300074065,5.769230769230769
761,P,audero,Cremonese,6,5,1,13,emil audero,id IDN,GK,Como,27.0,1997.0,8,8,720,8.0,0,0,0,0,0,0,0.0,0.0,0.0,0.0,0,0,,0.0,0.0,209,253,82.6,0,0,0,0,0,0,0.0,0,0.0,0,0,0,0,4,1,269,177,0,0,0,0,8.0,8.0,720.0,8.0,18.0,2.25,34.0,16.0,58.8,2.0,2.0,4.0,0.0,0.0,4.0,0.0,0.0,12.4,0.27,-5.6,-0.7,1.982648504544821,5.767125506072874
5320,P,paleari,Torino,1,1,0,1,alberto paleari,it ITA,GK,Torino,31.0,1992.0,1,1,90,1.0,0,0,0,0,0,0,0.0,0.0,0.0,0.0,0,0,,0.0,0.0,28,32,87.5,0,0,0,0,0,0,0.0,0,0.0,0,0,0,0,2,0,37,23,0,0,0,0,1.0,1.0,90.0,1.0,3.0,3.0,7.0,4.0,57.1,0.0,0.0,1.0,0.0,0.0,0.0,0.0,0.0,2.2,0.32,-0.8,-0.77,2.526460417227693,5.557813765182186
6822,A,ekhator,Genoa,1,1,0,3,jeff ekhator,it ITA,"FW,MF",Genoa,17.0,2006.0,24,6,769,8.5,1,1,2,1,0,0,1.3,1.0,1.3,2.3,10,3,30.0,1.17,0.35,110,165,66.7,14,11,4,4,51,21,2.46,2,0.23,7,2,6,9,5,0,254,130,34,9,1,0,,,,,,,,,,,,,,,,,,,,,,3.764484095692685,5.384615384615385
6989,D,tiago gabriel,Lecce,2,1,1,2,tiago gabriel,pt POR,DF,Lecce,19.0,2004.0,2,0,96,1.1,0,0,0,0,0,0,0.0,0.0,0.0,0.0,0,0,,0.0,0.0,35,40,87.5,1,0,1,0,0,1,0.94,0,0.0,0,0,2,0,11,0,56,31,0,0,0,0,,,,,,,,,,,,,,,,,,,,,,3.096741748066403,5.0
6039,D,cabal,Juventus,4,5,-1,10,juan david cabal,co COL,DF,Juventus,23.0,2001.0,7,6,460,5.1,0,0,0,0,0,0,0.1,0.0,0.1,0.2,5,0,0.0,0.98,0.0,307,350,87.7,17,1,3,14,19,3,0.59,3,0.59,10,2,7,12,14,1,401,242,6,4,0,0,,,,,,,,,,,,,,,,,,,,,,3.901339793408036,5.0
6836,A,meister,Pisa,2,2,0,13,henrik meister,dk DEN,FW,Rennes,20.0,2003.0,4,0,63,0.7,1,0,1,1,0,0,0.1,0.3,0.1,0.3,2,1,50.0,2.86,1.43,11,14,78.6,1,2,0,2,4,3,4.29,1,1.43,2,1,0,3,0,0,31,12,7,2,0,0,,,,,,,,,,,,,,,,,,,,,,3.53917501625333,5.0
7158,A,moro,Sassuolo,1,1,0,1,nikola moro,hr CRO,MF,Bologna,26.0,1998.0,22,15,1208,13.4,0,2,2,0,0,0,0.5,0.8,0.5,1.3,14,2,14.3,1.04,0.15,646,805,80.2,93,20,10,17,21,48,3.56,6,0.44,35,13,11,48,18,0,923,486,11,4,1,0,,,,,,,,,,,,,,,,,,,,,,3.2468812571992105,4.615384615384616
7018,D,nelsson,Verona,4,5,-1,10,victor nelsson,dk DEN,DF,Roma,25.0,1998.0,4,1,187,2.1,0,0,0,0,0,0,0.0,0.0,0.0,0.0,1,0,0.0,0.48,0.0,106,120,88.3,4,0,0,0,0,0,0.0,0,0.0,5,2,0,7,9,0,141,66,4,0,0,0,,,,,,,,,,,,,,,,,,,,,,2.7420881053575106,4.615384615384616
6803,D,rouhi,Juventus,1,1,0,4,jonas rouhi,se SWE,DF,Juventus,20.0,2004.0,5,1,210,2.3,0,0,0,0,0,0,0.0,0.0,0.0,0.0,0,0,,0.0,0.0,126,159,79.2,9,0,0,1,7,0,0.0,0,0.0,4,3,6,7,2,0,192,84,5,5,0,0,,,,,,,,,,,,,,,,,,,,,,3.5855560635067665,4.615384615384616
247,A,pavoletti,Cagliari,1,1,0,3,leonardo pavoletti,it ITA,"FW,MF",Cagliari,35.0,1988.0,26,1,445,4.9,2,0,2,2,0,0,2.7,1.0,2.7,3.7,18,7,38.9,3.64,1.42,92,158,58.2,17,9,6,1,26,17,3.42,1,0.2,1,0,5,1,3,0,225,86,18,2,5,0,,,,,,,,,,,,,,,,,,,,,,3.2146906810028693,4.615384615384616
5131,C,gilmour,Napoli,6,7,-1,12,billy gilmour,sct SCO,MF,Brighton,23.0,2001.0,2,1,98,1.1,0,0,0,0,0,0,0.1,0.0,0.1,0.1,1,0,0.0,0.92,0.0,58,67,86.6,11,0,2,2,2,3,2.76,0,0.0,3,0,0,3,1,0,73,44,0,0,0,0,,,,,,,,,,,,,,,,,,,,,,4.246585802608386,4.615384615384616
6496,D,bartesaghi,Milan,3,3,0,5,davide bartesaghi,it ITA,DF,Milan,18.0,2005.0,4,1,118,1.3,0,0,0,0,0,0,0.0,0.1,0.0,0.1,1,1,100.0,0.76,0.76,65,76,85.5,2,2,3,2,17,2,1.53,0,0.0,4,3,3,7,1,0,89,55,0,1,0,1,,,,,,,,,,,,,,,,,,,,,,3.5489860717116204,4.615384615384616
7129,A,rodriguez,Como,6,5,1,18,adrian rodriguez,es ESP,GK,Alavés,23.0,2000.0,2,1,122,1.4,0,0,0,0,0,0,0.0,0.0,0.0,0.0,0,0,,0.0,0.0,19,50,38.0,0,0,0,0,0,0,0.0,0,0.0,0,0,1,0,3,1,58,19,0,0,1,0,2.0,1.0,122.0,1.4,2.0,1.48,6.0,4.0,83.3,0.0,1.0,0.0,1.0,100.0,1.0,0.0,0.0,1.5,0.13,-0.5,-0.36,3.511442876450073,4.615384615384616
6001,A,banda,Lecce,5,5,0,10,lameck banda,zm ZAM,"FW,MF",Lecce,23.0,2001.0,15,6,610,6.8,0,1,1,0,0,0,1.2,1.1,1.2,2.3,17,4,23.5,2.51,0.59,125,162,77.2,7,11,8,27,46,23,3.39,1,0.15,8,2,3,10,8,1,252,169,17,9,1,0,,,,,,,,,,,,,,,,,,,,,,3.061373704142154,4.615384615384616
2274,C,valoti,Cremonese,6,7,-1,9,mattia valoti,it ITA,MF,Monza,30.0,1993.0,5,0,40,0.4,0,0,0,0,0,0,0.0,0.0,0.0,0.0,0,0,,0.0,0.0,12,19,63.2,0,0,0,0,0,0,0.0,0,0.0,3,0,0,3,2,0,27,7,0,1,1,0,,,,,,,,,,,,,,,,,,,,,,3.345698839941468,4.230769230769231
7271,D,odogu,Milan,2,2,0,5,david odogu,de GER,DF,Wolfsburg,18.0,2006.0,3,2,195,2.2,0,0,0,0,0,0,0.2,0.0,0.2,0.2,2,0,0.0,0.92,0.0,87,99,87.9,8,0,1,1,0,1,0.46,0,0.0,6,2,0,8,25,1,143,78,1,0,0,0,,,,,,,,,,,,,,,,,,,,,,3.237265674232035,4.230769230769231
6528,C,sarmiento,Cremonese,4,4,0,8,jeremy sarmiento,ec ECU,MF,Brighton,22.0,2002.0,1,0,9,0.1,0,0,0,0,0,0,0.0,0.0,0.0,0.0,0,0,,0.0,0.0,6,6,100.0,0,0,0,0,2,0,0.0,0,0.0,0,0,0,0,0,0,8,6,1,0,0,0,,,,,,,,,,,,,,,,,,,,,,3.345698839941468,4.230769230769231
5994,D,ebosse,Verona,4,4,0,11,enzo ebosse,cm CMR,DF,Udinese,25.0,1999.0,2,0,90,1.0,0,0,0,0,0,0,0.0,0.0,0.0,0.0,0,0,,0.0,0.0,48,55,87.3,5,1,0,0,0,3,3.0,0,0.0,0,1,0,1,1,0,61,34,1,0,1,0,,,,,,,,,,,,,,,,,,,,,,2.5200230374728254,4.230769230769231
5514,D,vasquez,Genoa,10,9,1,20,devis vasquez,co COL,GK,Empoli,26.0,1998.0,32,32,2880,32.0,0,0,0,0,0,0,0.0,0.0,0.0,0.0,0,0,,0.0,0.0,667,1105,60.4,0,0,1,0,0,6,0.19,0,0.0,0,0,1,0,21,4,1183,701,2,0,2,0,32.0,32.0,2880.0,32.0,45.0,1.41,125.0,79.0,64.8,6.0,12.0,14.0,6.0,18.8,1.0,1.0,1.0,40.2,0.31,-4.8,-0.15,2.7503644938110923,4.230769230769231
6439,A,cheddira,Sassuolo,4,4,0,8,walid cheddira,ma MAR,FW,Napoli,26.0,1998.0,1,0,12,0.1,0,0,0,0,0,0,0.0,0.0,0.0,0.0,0,0,,0.0,0.0,2,3,66.7,1,1,0,0,1,1,7.5,0,0.0,0,0,0,0,0,0,3,1,0,0,0,0,,,,,,,,,,,,,,,,,,,,,,2.9687280613321145,4.230769230769231
1842,A,pierini,Sassuolo,4,5,-1,9,nicholas pierini,it ITA,MF,Venezia,25.0,1998.0,2,0,83,0.9,0,0,0,0,0,0,0.0,0.1,0.0,0.1,1,0,0.0,1.08,0.0,15,20,75.0,2,2,0,1,4,2,2.17,0,0.0,0,0,0,0,0,0,28,16,2,3,0,0,,,,,,,,,,,,,,,,,,,,,,2.4124216695979226,3.4615384615384617
6826,D,dembele,Torino,1,1,0,3,ali dembele,fr FRA,DF,Torino,20.0,2004.0,15,4,388,4.3,1,0,1,1,0,0,0.4,0.1,0.4,0.5,5,2,40.0,1.16,0.46,127,168,75.6,12,3,1,8,8,7,1.62,0,0.0,9,1,4,10,11,1,222,101,9,5,4,1,,,,,,,,,,,,,,,,,,,,,,2.421005823250281,3.4615384615384617
6992,D,oyegoke,Verona,2,2,0,4,daniel oyegoke,eng ENG,DF,Hellas Verona,21.0,2003.0,5,0,103,1.1,0,0,0,0,0,0,0.0,0.0,0.0,0.0,1,0,0.0,0.87,0.0,32,46,69.6,2,0,1,2,5,0,0.0,0,0.0,2,1,1,3,7,0,65,32,2,2,1,0,,,,,,,,,,,,,,,,,,,,,,2.0758929017034555,3.4615384615384617
7001,A,n'dri,Lecce,4,5,-1,8,konan n'dri,ci CIV,"FW,MF",Lecce,23.0,2000.0,11,2,306,3.4,0,0,0,0,0,0,0.5,0.2,0.5,0.7,9,2,22.2,2.65,0.59,45,67,67.2,2,6,2,16,22,13,3.84,0,0.0,3,1,1,4,0,0,122,78,11,8,0,0,,,,,,,,,,,,,,,,,,,,,,2.288749967559885,3.4615384615384617
6294,C,ndour,Fiorentina,2,2,0,14,cher ndour,it ITA,"MF,DF",Fiorentina,20.0,2004.0,9,4,406,4.5,0,0,0,0,0,0,0.1,0.0,0.1,0.2,4,0,0.0,0.89,0.0,184,227,81.1,17,1,3,12,26,10,2.22,0,0.0,4,2,5,6,7,1,265,155,5,6,1,0,,,,,,,,,,,,,,,,,,,,,,2.589469838677801,3.076923076923077
6977,D,otoa,Genoa,2,2,0,3,sebastian otoa,dk DEN,DF,Genoa,20.0,2004.0,3,3,179,2.0,0,0,0,0,0,0,0.0,0.0,0.0,0.0,0,0,,0.0,0.0,56,64,87.5,0,0,0,0,0,0,0.0,0,0.0,1,3,0,4,14,0,88,49,2,1,1,1,,,,,,,,,,,,,,,,,,,,,,1.496075744176251,2.307692307692308
6667,A,benedyczak,Parma,1,1,0,13,adrian benedyczak,pl POL,"FW,MF",Parma,23.0,2000.0,9,2,214,2.4,0,0,0,0,0,0,0.3,0.1,0.3,0.3,3,0,0.0,1.26,0.0,35,52,67.3,3,2,0,3,12,3,1.26,0,0.0,0,0,1,0,8,0,79,44,5,3,0,0,,,,,,,,,,,,,,,,,,,,,,1.3101897231044828,1.9230769230769231
2076,C,rog,Cagliari,1,1,0,1,roger hinojo,es ESP,DF,Espanyol,19.0,2005.0,1,0,9,0.1,0,0,0,0,0,0,0.0,0.0,0.0,0.0,0,0,,0.0,0.0,5,10,50.0,0,0,0,1,2,0,0.0,0,0.0,0,0,1,0,1,0,11,8,0,0,0,0,,,,,,,,,,,,,,,,,,,,,,1.385816782220022,1.9230769230769231
6925,D,palma,Udinese,1,1,0,7,matteo palma,de GER,DF,Udinese,16.0,2008.0,1,0,5,0.1,0,0,0,0,0,0,0.0,0.0,0.0,0.0,0,0,,0.0,0.0,5,7,71.4,1,0,0,0,0,0,0.0,0,0.0,0,0,0,0,1,0,9,5,0,0,0,0,,,,,,,,,,,,,,,,,,,,,,1.2671691391025504,1.9230769230769231
6645,C,marchwinski,Lecce,1,1,0,2,filip marchwinski,pl POL,MF,Lecce,22.0,2002.0,1,0,15,0.2,0,0,0,0,0,0,0.0,0.0,0.0,0.0,0,0,,0.0,0.0,4,5,80.0,0,0,0,0,0,0,0.0,0,0.0,0,0,1,0,0,0,5,3,0,0,0,0,,,,,,,,,,,,,,,,,,,,,,1.355073534255764,1.9230769230769231
7272,A,gueye,Udinese,1,1,0,1,idrissa gana gueye,sn SEN,MF,Everton,34.0,1989.0,37,35,3063,34.0,0,3,3,0,0,0,1.1,1.7,1.1,2.8,27,5,18.5,0.79,0.15,1230,1422,86.5,145,19,10,27,27,60,1.76,4,0.12,133,48,22,181,36,1,1801,861,32,38,9,0,,,,,,,,,,,,,,,,,,,,,,1.03509754326846,1.5384615384615385
7252,A,stulic,Lecce,13,13,0,31,,,,,,,,,,,,,,,,,,,,,,,,,,,,,,,,,,,,,,,,,,,,,,,,,,,,,,,,,,,,,,,,,,,,,,,0.7435024943953463,1.153846153846154
7171,A,buffon,Pisa,1,1,0,1,,,,,,,,,,,,,,,,,,,,,,,,,,,,,,,,,,,,,,,,,,,,,,,,,,,,,,,,,,,,,,,,,,,,,,,0.7435024943953463,1.153846153846154
505,A,bonazzoli,Cremonese,3,1,2,19,,,,,,,,,,,,,,,,,,,,,,,,,,,,,,,,,,,,,,,,,,,,,,,,,,,,,,,,,,,,,,,,,,,,,,,0.7435024943953463,1.153846153846154
7162,A,giovane,Verona,3,1,2,20,,,,,,,,,,,,,,,,,,,,,,,,,,,,,,,,,,,,,,,,,,,,,,,,,,,,,,,,,,,,,,,,,,,,,,,0.7435024943953463,1.153846153846154
2012,A,milik,Juventus,1,1,0,5,,,,,,,,,,,,,,,,,,,,,,,,,,,,,,,,,,,,,,,,,,,,,,,,,,,,,,,,,,,,,,,,,,,,,,,0.7435024943953463,1.153846153846154
1926,P,di gennaro,Inter,1,1,0,1,,,,,,,,,,,,,,,,,,,,,,,,,,,,,,,,,,,,,,,,,,,,,,,,,,,,,,,,,,,,,,,,,,,,,,,0.7435024943953463,1.153846153846154
785,A,immobile,Bologna,19,19,0,100,,,,,,,,,,,,,,,,,,,,,,,,,,,,,,,,,,,,,,,,,,,,,,,,,,,,,,,,,,,,,,,,,,,,,,,0.7435024943953463,1.153846153846154
1930,P,pinsoglio,Juventus,1,1,0,1,,,,,,,,,,,,,,,,,,,,,,,,,,,,,,,,,,,,,,,,,,,,,,,,,,,,,,,,,,,,,,,,,,,,,,,0.7435024943953463,1.153846153846154
7159,A,skjellerup,Sassuolo,1,1,0,1,,,,,,,,,,,,,,,,,,,,,,,,,,,,,,,,,,,,,,,,,,,,,,,,,,,,,,,,,,,,,,,,,,,,,,,0.7435024943953463,1.153846153846154
3,P,radunovic,Cagliari,1,1,0,1,,,,,,,,,,,,,,,,,,,,,,,,,,,,,,,,,,,,,,,,,,,,,,,,,,,,,,,,,,,,,,,,,,,,,,,0.7435024943953463,1.153846153846154
6417,P,furlanetto,Lazio,1,1,0,1,,,,,,,,,,,,,,,,,,,,,,,,,,,,,,,,,,,,,,,,,,,,,,,,,,,,,,,,,,,,,,,,,,,,,,,0.7435024943953463,1.153846153846154
6827,A,njie,Torino,1,1,0,1,,,,,,,,,,,,,,,,,,,,,,,,,,,,,,,,,,,,,,,,,,,,,,,,,,,,,,,,,,,,,,,,,,,,,,,0.7435024943953463,1.153846153846154
2401,P,fruchtl,Lecce,1,1,0,1,,,,,,,,,,,,,,,,,,,,,,,,,,,,,,,,,,,,,,,,,,,,,,,,,,,,,,,,,,,,,,,,,,,,,,,0.7435024943953463,1.153846153846154
7264,A,ambrosino,Napoli,1,1,0,1,,,,,,,,,,,,,,,,,,,,,,,,,,,,,,,,,,,,,,,,,,,,,,,,,,,,,,,,,,,,,,,,,,,,,,,0.7435024943953463,1.153846153846154
6523,P,samooja,Lecce,1,1,0,1,,,,,,,,,,,,,,,,,,,,,,,,,,,,,,,,,,,,,,,,,,,,,,,,,,,,,,,,,,,,,,,,,,,,,,,0.7435024943953463,1.153846153846154
6813,P,torriani,Milan,1,1,0,1,,,,,,,,,,,,,,,,,,,,,,,,,,,,,,,,,,,,,,,,,,,,,,,,,,,,,,,,,,,,,,,,,,,,,,,0.7435024943953463,1.153846153846154
2809,P,vigorito,Como,1,1,0,1,,,,,,,,,,,,,,,,,,,,,,,,,,,,,,,,,,,,,,,,,,,,,,,,,,,,,,,,,,,,,,,,,,,,,,,0.7435024943953463,1.153846153846154
2297,P,rossi,Atalanta,1,1,0,1,,,,,,,,,,,,,,,,,,,,,,,,,,,,,,,,,,,,,,,,,,,,,,,,,,,,,,,,,,,,,,,,,,,,,,,0.7435024943953463,1.153846153846154
7128,A,kuhn,Como,13,14,-1,33,,,,,,,,,,,,,,,,,,,,,,,,,,,,,,,,,,,,,,,,,,,,,,,,,,,,,,,,,,,,,,,,,,,,,,,0.7435024943953463,1.153846153846154
647,A,dzeko,Fiorentina,14,15,-1,42,,,,,,,,,,,,,,,,,,,,,,,,,,,,,,,,,,,,,,,,,,,,,,,,,,,,,,,,,,,,,,,,,,,,,,,0.7435024943953463,1.153846153846154
5512,A,de luca,Cremonese,9,8,1,19,,,,,,,,,,,,,,,,,,,,,,,,,,,,,,,,,,,,,,,,,,,,,,,,,,,,,,,,,,,,,,,,,,,,,,,0.7435024943953463,1.153846153846154
7249,A,buksa,Udinese,9,9,0,31,,,,,,,,,,,,,,,,,,,,,,,,,,,,,,,,,,,,,,,,,,,,,,,,,,,,,,,,,,,,,,,,,,,,,,,0.7435024943953463,1.153846153846154
6060,A,lauriente,Sassuolo,14,15,-1,47,,,,,,,,,,,,,,,,,,,,,,,,,,,,,,,,,,,,,,,,,,,,,,,,,,,,,,,,,,,,,,,,,,,,,,,0.7435024943953463,1.153846153846154
531,A,berardi,Sassuolo,21,21,0,144,,,,,,,,,,,,,,,,,,,,,,,,,,,,,,,,,,,,,,,,,,,,,,,,,,,,,,,,,,,,,,,,,,,,,,,0.7435024943953463,1.153846153846154
5471,A,djuric,Parma,8,9,-1,14,,,,,,,,,,,,,,,,,,,,,,,,,,,,,,,,,,,,,,,,,,,,,,,,,,,,,,,,,,,,,,,,,,,,,,,0.7435024943953463,1.153846153846154
2861,P,semper,Pisa,4,3,1,12,,,,,,,,,,,,,,,,,,,,,,,,,,,,,,,,,,,,,,,,,,,,,,,,,,,,,,,,,,,,,,,,,,,,,,,0.7435024943953463,1.153846153846154
6630,A,mosquera,Verona,7,6,1,14,cristhian mosquera,es ESP,DF,Valencia,20.0,2004.0,37,37,3319,36.9,1,0,1,1,0,0,0.4,0.0,0.4,0.4,5,2,40.0,0.14,0.05,1858,2053,90.5,123,0,1,35,6,14,0.38,1,0.03,56,35,9,91,128,4,2367,1401,18,10,6,0,,,,,,,,,,,,,,,,,,,,,,0.7435024943953463,1.153846153846154
6243,A,borrelli,Cagliari,5,5,0,12,,,,,,,,,,,,,,,,,,,,,,,,,,,,,,,,,,,,,,,,,,,,,,,,,,,,,,,,,,,,,,,,,,,,,,,0.7435024943953463,1.153846153846154
7127,A,addai,Como,6,7,-1,16,,,,,,,,,,,,,,,,,,,,,,,,,,,,,,,,,,,,,,,,,,,,,,,,,,,,,,,,,,,,,,,,,,,,,,,0.7435024943953463,1.153846153846154
5496,A,johnsen,Cremonese,6,7,-1,12,,,,,,,,,,,,,,,,,,,,,,,,,,,,,,,,,,,,,,,,,,,,,,,,,,,,,,,,,,,,,,,,,,,,,,,0.7435024943953463,1.153846153846154
5515,A,okereke,Cremonese,6,5,1,7,,,,,,,,,,,,,,,,,,,,,,,,,,,,,,,,,,,,,,,,,,,,,,,,,,,,,,,,,,,,,,,,,,,,,,,0.7435024943953463,1.153846153846154
5455,A,moreo,Pisa,6,5,1,13,,,,,,,,,,,,,,,,,,,,,,,,,,,,,,,,,,,,,,,,,,,,,,,,,,,,,,,,,,,,,,,,,,,,,,,0.7435024943953463,1.153846153846154
7199,A,kilicsoy,Cagliari,6,6,0,14,,,,,,,,,,,,,,,,,,,,,,,,,,,,,,,,,,,,,,,,,,,,,,,,,,,,,,,,,,,,,,,,,,,,,,,0.7435024943953463,1.153846153846154
7213,A,frigan,Parma,6,7,-1,7,,,,,,,,,,,,,,,,,,,,,,,,,,,,,,,,,,,,,,,,,,,,,,,,,,,,,,,,,,,,,,,,,,,,,,,0.7435024943953463,1.153846153846154
2845,P,contini,Napoli,1,1,0,1,,,,,,,,,,,,,,,,,,,,,,,,,,,,,,,,,,,,,,,,,,,,,,,,,,,,,,,,,,,,,,,,,,,,,,,0.7435024943953463,1.153846153846154
5561,C,stengs,Pisa,11,11,0,35,,,,,,,,,,,,,,,,,,,,,,,,,,,,,,,,,,,,,,,,,,,,,,,,,,,,,,,,,,,,,,,,,,,,,,,0.7435024943953463,1.153846153846154
6662,P,corvi,Parma,1,1,0,1,,,,,,,,,,,,,,,,,,,,,,,,,,,,,,,,,,,,,,,,,,,,,,,,,,,,,,,,,,,,,,,,,,,,,,,0.7435024943953463,1.153846153846154
5338,P,rinaldi,Parma,1,1,0,1,,,,,,,,,,,,,,,,,,,,,,,,,,,,,,,,,,,,,,,,,,,,,,,,,,,,,,,,,,,,,,,,,,,,,,,0.7435024943953463,1.153846153846154
7069,D,fortini,Fiorentina,3,3,0,5,,,,,,,,,,,,,,,,,,,,,,,,,,,,,,,,,,,,,,,,,,,,,,,,,,,,,,,,,,,,,,,,,,,,,,,0.7435024943953463,1.153846153846154
6013,D,barbieri,Cremonese,3,3,0,8,,,,,,,,,,,,,,,,,,,,,,,,,,,,,,,,,,,,,,,,,,,,,,,,,,,,,,,,,,,,,,,,,,,,,,,0.7435024943953463,1.153846153846154
7125,D,idrissi,Cagliari,3,3,0,7,,,,,,,,,,,,,,,,,,,,,,,,,,,,,,,,,,,,,,,,,,,,,,,,,,,,,,,,,,,,,,,,,,,,,,,0.7435024943953463,1.153846153846154
5844,C,thorstvedt,Sassuolo,7,8,-1,22,,,,,,,,,,,,,,,,,,,,,,,,,,,,,,,,,,,,,,,,,,,,,,,,,,,,,,,,,,,,,,,,,,,,,,,0.7435024943953463,1.153846153846154
7274,D,ze pedro,Cagliari,4,4,0,9,,,,,,,,,,,,,,,,,,,,,,,,,,,,,,,,,,,,,,,,,,,,,,,,,,,,,,,,,,,,,,,,,,,,,,,0.7435024943953463,1.153846153846154
7240,D,siebert,Lecce,4,5,-1,11,,,,,,,,,,,,,,,,,,,,,,,,,,,,,,,,,,,,,,,,,,,,,,,,,,,,,,,,,,,,,,,,,,,,,,,0.7435024943953463,1.153846153846154
7254,C,lorran,Pisa,7,7,0,15,,,,,,,,,,,,,,,,,,,,,,,,,,,,,,,,,,,,,,,,,,,,,,,,,,,,,,,,,,,,,,,,,,,,,,,0.7435024943953463,1.153846153846154
7220,D,belghali,Verona,4,4,0,12,,,,,,,,,,,,,,,,,,,,,,,,,,,,,,,,,,,,,,,,,,,,,,,,,,,,,,,,,,,,,,,,,,,,,,,0.7435024943953463,1.153846153846154
2279,D,romagna,Sassuolo,4,4,0,9,,,,,,,,,,,,,,,,,,,,,,,,,,,,,,,,,,,,,,,,,,,,,,,,,,,,,,,,,,,,,,,,,,,,,,,0.7435024943953463,1.153846153846154
2745,D,calabresi,Pisa,4,3,1,8,,,,,,,,,,,,,,,,,,,,,,,,,,,,,,,,,,,,,,,,,,,,,,,,,,,,,,,,,,,,,,,,,,,,,,,0.7435024943953463,1.153846153846154
6411,D,mateus lusuardi,Pisa,4,4,0,7,,,,,,,,,,,,,,,,,,,,,,,,,,,,,,,,,,,,,,,,,,,,,,,,,,,,,,,,,,,,,,,,,,,,,,,0.7435024943953463,1.153846153846154
7139,D,canestrelli,Pisa,4,3,1,12,,,,,,,,,,,,,,,,,,,,,,,,,,,,,,,,,,,,,,,,,,,,,,,,,,,,,,,,,,,,,,,,,,,,,,,0.7435024943953463,1.153846153846154
7136,D,kouassi,Lecce,4,4,0,10,,,,,,,,,,,,,,,,,,,,,,,,,,,,,,,,,,,,,,,,,,,,,,,,,,,,,,,,,,,,,,,,,,,,,,,0.7435024943953463,1.153846153846154
7012,D,provstgaard,Lazio,4,3,1,5,,,,,,,,,,,,,,,,,,,,,,,,,,,,,,,,,,,,,,,,,,,,,,,,,,,,,,,,,,,,,,,,,,,,,,,0.7435024943953463,1.153846153846154
7145,C,piccinini,Pisa,6,6,0,9,,,,,,,,,,,,,,,,,,,,,,,,,,,,,,,,,,,,,,,,,,,,,,,,,,,,,,,,,,,,,,,,,,,,,,,0.7435024943953463,1.153846153846154
1891,D,ceccherini,Cremonese,4,4,0,11,,,,,,,,,,,,,,,,,,,,,,,,,,,,,,,,,,,,,,,,,,,,,,,,,,,,,,,,,,,,,,,,,,,,,,,0.7435024943953463,1.153846153846154
6219,C,boloca,Sassuolo,6,6,0,14,,,,,,,,,,,,,,,,,,,,,,,,,,,,,,,,,,,,,,,,,,,,,,,,,,,,,,,,,,,,,,,,,,,,,,,0.7435024943953463,1.153846153846154
294,D,rugani,Juventus,3,3,0,5,,,,,,,,,,,,,,,,,,,,,,,,,,,,,,,,,,,,,,,,,,,,,,,,,,,,,,,,,,,,,,,,,,,,,,,0.7435024943953463,1.153846153846154
7154,D,odenthal,Sassuolo,3,3,0,8,,,,,,,,,,,,,,,,,,,,,,,,,,,,,,,,,,,,,,,,,,,,,,,,,,,,,,,,,,,,,,,,,,,,,,,0.7435024943953463,1.153846153846154
6041,D,schuurs,Torino,3,3,0,5,,,,,,,,,,,,,,,,,,,,,,,,,,,,,,,,,,,,,,,,,,,,,,,,,,,,,,,,,,,,,,,,,,,,,,,0.7435024943953463,1.153846153846154
2847,D,sernicola,Cremonese,1,1,0,2,,,,,,,,,,,,,,,,,,,,,,,,,,,,,,,,,,,,,,,,,,,,,,,,,,,,,,,,,,,,,,,,,,,,,,,0.7435024943953463,1.153846153846154
5318,C,tramoni,Pisa,12,12,0,41,,,,,,,,,,,,,,,,,,,,,,,,,,,,,,,,,,,,,,,,,,,,,,,,,,,,,,,,,,,,,,,,,,,,,,,0.7435024943953463,1.153846153846154
7133,C,vandeputte,Cremonese,13,12,1,36,,,,,,,,,,,,,,,,,,,,,,,,,,,,,,,,,,,,,,,,,,,,,,,,,,,,,,,,,,,,,,,,,,,,,,,0.7435024943953463,1.153846153846154
7255,D,britschgi,Parma,1,1,0,2,,,,,,,,,,,,,,,,,,,,,,,,,,,,,,,,,,,,,,,,,,,,,,,,,,,,,,,,,,,,,,,,,,,,,,,0.7435024943953463,1.153846153846154
7132,C,collocolo,Cremonese,9,8,1,23,,,,,,,,,,,,,,,,,,,,,,,,,,,,,,,,,,,,,,,,,,,,,,,,,,,,,,,,,,,,,,,,,,,,,,,0.7435024943953463,1.153846153846154
7142,D,esteves,Pisa,1,1,0,2,,,,,,,,,,,,,,,,,,,,,,,,,,,,,,,,,,,,,,,,,,,,,,,,,,,,,,,,,,,,,,,,,,,,,,,0.7435024943953463,1.153846153846154
7170,D,mbambi,Pisa,1,1,0,2,,,,,,,,,,,,,,,,,,,,,,,,,,,,,,,,,,,,,,,,,,,,,,,,,,,,,,,,,,,,,,,,,,,,,,,0.7435024943953463,1.153846153846154
7182,D,ndaba,Lecce,1,1,0,2,,,,,,,,,,,,,,,,,,,,,,,,,,,,,,,,,,,,,,,,,,,,,,,,,,,,,,,,,,,,,,,,,,,,,,,0.7435024943953463,1.153846153846154
7196,D,denoon,Pisa,2,2,0,4,,,,,,,,,,,,,,,,,,,,,,,,,,,,,,,,,,,,,,,,,,,,,,,,,,,,,,,,,,,,,,,,,,,,,,,0.7435024943953463,1.153846153846154
7260,D,ziolkowski,Roma,3,3,0,7,,,,,,,,,,,,,,,,,,,,,,,,,,,,,,,,,,,,,,,,,,,,,,,,,,,,,,,,,,,,,,,,,,,,,,,0.7435024943953463,1.153846153846154
7011,D,slotsager,Verona,2,2,0,5,,,,,,,,,,,,,,,,,,,,,,,,,,,,,,,,,,,,,,,,,,,,,,,,,,,,,,,,,,,,,,,,,,,,,,,0.7435024943953463,1.153846153846154
7156,D,pieragnolo,Sassuolo,2,2,0,4,,,,,,,,,,,,,,,,,,,,,,,,,,,,,,,,,,,,,,,,,,,,,,,,,,,,,,,,,,,,,,,,,,,,,,,0.7435024943953463,1.153846153846154
184,C,bernardeschi,Bologna,8,9,-1,22,,,,,,,,,,,,,,,,,,,,,,,,,,,,,,,,,,,,,,,,,,,,,,,,,,,,,,,,,,,,,,,,,,,,,,,0.7435024943953463,1.153846153846154
7126,C,baturina,Como,8,9,-1,21,,,,,,,,,,,,,,,,,,,,,,,,,,,,,,,,,,,,,,,,,,,,,,,,,,,,,,,,,,,,,,,,,,,,,,,0.7435024943953463,1.153846153846154
5406,D,di pardo,Cagliari,2,2,0,4,,,,,,,,,,,,,,,,,,,,,,,,,,,,,,,,,,,,,,,,,,,,,,,,,,,,,,,,,,,,,,,,,,,,,,,0.7435024943953463,1.153846153846154
7135,C,stanciu,Genoa,8,8,0,26,,,,,,,,,,,,,,,,,,,,,,,,,,,,,,,,,,,,,,,,,,,,,,,,,,,,,,,,,,,,,,,,,,,,,,,0.7435024943953463,1.153846153846154
6444,D,bonfanti,Pisa,2,2,0,5,,,,,,,,,,,,,,,,,,,,,,,,,,,,,,,,,,,,,,,,,,,,,,,,,,,,,,,,,,,,,,,,,,,,,,,0.7435024943953463,1.153846153846154
7130,D,folino,Cremonese,4,4,0,9,,,,,,,,,,,,,,,,,,,,,,,,,,,,,,,,,,,,,,,,,,,,,,,,,,,,,,,,,,,,,,,,,,,,,,,0.7435024943953463,1.153846153846154
5735,C,volpato,Sassuolo,6,5,1,13,,,,,,,,,,,,,,,,,,,,,,,,,,,,,,,,,,,,,,,,,,,,,,,,,,,,,,,,,,,,,,,,,,,,,,,0.7435024943953463,1.153846153846154
612,D,bianchetti,Cremonese,4,3,1,4,,,,,,,,,,,,,,,,,,,,,,,,,,,,,,,,,,,,,,,,,,,,,,,,,,,,,,,,,,,,,,,,,,,,,,,0.7435024943953463,1.153846153846154
7223,C,vergara,Napoli,1,1,0,1,,,,,,,,,,,,,,,,,,,,,,,,,,,,,,,,,,,,,,,,,,,,,,,,,,,,,,,,,,,,,,,,,,,,,,,0.7435024943953463,1.153846153846154
2334,C,leris,Pisa,2,2,0,3,,,,,,,,,,,,,,,,,,,,,,,,,,,,,,,,,,,,,,,,,,,,,,,,,,,,,,,,,,,,,,,,,,,,,,,0.7435024943953463,1.153846153846154
7068,D,vitik,Bologna,8,8,0,18,,,,,,,,,,,,,,,,,,,,,,,,,,,,,,,,,,,,,,,,,,,,,,,,,,,,,,,,,,,,,,,,,,,,,,,0.7435024943953463,1.153846153846154
7165,C,liteta,Cagliari,1,1,0,6,,,,,,,,,,,,,,,,,,,,,,,,,,,,,,,,,,,,,,,,,,,,,,,,,,,,,,,,,,,,,,,,,,,,,,,0.7435024943953463,1.153846153846154
5674,C,basic,Lazio,1,1,0,1,,,,,,,,,,,,,,,,,,,,,,,,,,,,,,,,,,,,,,,,,,,,,,,,,,,,,,,,,,,,,,,,,,,,,,,0.7435024943953463,1.153846153846154
7147,C,hojholt,Pisa,1,1,0,2,,,,,,,,,,,,,,,,,,,,,,,,,,,,,,,,,,,,,,,,,,,,,,,,,,,,,,,,,,,,,,,,,,,,,,,0.7435024943953463,1.153846153846154
7157,C,iannoni,Sassuolo,1,1,0,7,,,,,,,,,,,,,,,,,,,,,,,,,,,,,,,,,,,,,,,,,,,,,,,,,,,,,,,,,,,,,,,,,,,,,,,0.7435024943953463,1.153846153846154
6005,C,ilkhan,Torino,1,1,0,1,,,,,,,,,,,,,,,,,,,,,,,,,,,,,,,,,,,,,,,,,,,,,,,,,,,,,,,,,,,,,,,,,,,,,,,0.7435024943953463,1.153846153846154
6664,D,delprato,Parma,9,8,1,21,,,,,,,,,,,,,,,,,,,,,,,,,,,,,,,,,,,,,,,,,,,,,,,,,,,,,,,,,,,,,,,,,,,,,,,0.7435024943953463,1.153846153846154
7198,C,piotrowski,Udinese,6,6,0,12,,,,,,,,,,,,,,,,,,,,,,,,,,,,,,,,,,,,,,,,,,,,,,,,,,,,,,,,,,,,,,,,,,,,,,,0.7435024943953463,1.153846153846154
7261,P,cavlina,Como,1,1,0,1,,,,,,,,,,,,,,,,,,,,,,,,,,,,,,,,,,,,,,,,,,,,,,,,,,,,,,,,,,,,,,,,,,,,,,,0.7435024943953463,1.153846153846154
7236,P,toniolo,Verona,1,1,0,1,,,,,,,,,,,,,,,,,,,,,,,,,,,,,,,,,,,,,,,,,,,,,,,,,,,,,,,,,,,,,,,,,,,,,,,0.7435024943953463,1.153846153846154
158,P,lezzerini,Fiorentina,1,1,0,1,,,,,,,,,,,,,,,,,,,,,,,,,,,,,,,,,,,,,,,,,,,,,,,,,,,,,,,,,,,,,,,,,,,,,,,0.7435024943953463,1.153846153846154
7185,P,nunziante,Udinese,1,1,0,1,,,,,,,,,,,,,,,,,,,,,,,,,,,,,,,,,,,,,,,,,,,,,,,,,,,,,,,,,,,,,,,,,,,,,,,0.7435024943953463,1.153846153846154
6210,P,popa,Torino,1,1,0,1,,,,,,,,,,,,,,,,,,,,,,,,,,,,,,,,,,,,,,,,,,,,,,,,,,,,,,,,,,,,,,,,,,,,,,,0.7435024943953463,1.153846153846154
2127,P,satalino,Sassuolo,1,1,0,1,,,,,,,,,,,,,,,,,,,,,,,,,,,,,,,,,,,,,,,,,,,,,,,,,,,,,,,,,,,,,,,,,,,,,,,0.7435024943953463,1.153846153846154
7169,P,zelezny,Roma,1,1,0,1,,,,,,,,,,,,,,,,,,,,,,,,,,,,,,,,,,,,,,,,,,,,,,,,,,,,,,,,,,,,,,,,,,,,,,,0.7435024943953463,1.153846153846154
7203,C,jashari,Milan,12,13,-1,23,,,,,,,,,,,,,,,,,,,,,,,,,,,,,,,,,,,,,,,,,,,,,,,,,,,,,,,,,,,,,,,,,,,,,,,0.7435024943953463,1.153846153846154
7208,C,miller,Udinese,3,3,0,10,,,,,,,,,,,,,,,,,,,,,,,,,,,,,,,,,,,,,,,,,,,,,,,,,,,,,,,,,,,,,,,,,,,,,,,0.7435024943953463,1.153846153846154
7175,D,joao mario,Juventus,8,8,0,17,,,,,,,,,,,,,,,,,,,,,,,,,,,,,,,,,,,,,,,,,,,,,,,,,,,,,,,,,,,,,,,,,,,,,,,0.7435024943953463,1.153846153846154
6593,C,akinsanmiro,Pisa,3,3,0,13,,,,,,,,,,,,,,,,,,,,,,,,,,,,,,,,,,,,,,,,,,,,,,,,,,,,,,,,,,,,,,,,,,,,,,,0.7435024943953463,1.153846153846154
7209,C,sorensen,Parma,6,6,0,13,,,,,,,,,,,,,,,,,,,,,,,,,,,,,,,,,,,,,,,,,,,,,,,,,,,,,,,,,,,,,,,,,,,,,,,0.7435024943953463,1.153846153846154
4711,C,kostic,Juventus,5,4,1,7,,,,,,,,,,,,,,,,,,,,,,,,,,,,,,,,,,,,,,,,,,,,,,,,,,,,,,,,,,,,,,,,,,,,,,,0.7435024943953463,1.153846153846154
7138,C,ordonez,Parma,5,5,0,12,,,,,,,,,,,,,,,,,,,,,,,,,,,,,,,,,,,,,,,,,,,,,,,,,,,,,,,,,,,,,,,,,,,,,,,0.7435024943953463,1.153846153846154
7212,D,heggem,Bologna,5,4,1,11,,,,,,,,,,,,,,,,,,,,,,,,,,,,,,,,,,,,,,,,,,,,,,,,,,,,,,,,,,,,,,,,,,,,,,,0.7435024943953463,1.153846153846154
7276,C,cremaschi,Parma,5,5,0,10,,,,,,,,,,,,,,,,,,,,,,,,,,,,,,,,,,,,,,,,,,,,,,,,,,,,,,,,,,,,,,,,,,,,,,,0.7435024943953463,1.153846153846154
7155,D,muharemovic,Sassuolo,5,5,0,12,,,,,,,,,,,,,,,,,,,,,,,,,,,,,,,,,,,,,,,,,,,,,,,,,,,,,,,,,,,,,,,,,,,,,,,0.7435024943953463,1.153846153846154
2273,D,caracciolo,Pisa,5,4,1,12,,,,,,,,,,,,,,,,,,,,,,,,,,,,,,,,,,,,,,,,,,,,,,,,,,,,,,,,,,,,,,,,,,,,,,,0.7435024943953463,1.153846153846154
6246,C,lipani,Sassuolo,4,4,0,8,,,,,,,,,,,,,,,,,,,,,,,,,,,,,,,,,,,,,,,,,,,,,,,,,,,,,,,,,,,,,,,,,,,,,,,0.7435024943953463,1.153846153846154
7131,D,floriani mussolini,Cremonese,5,5,0,9,,,,,,,,,,,,,,,,,,,,,,,,,,,,,,,,,,,,,,,,,,,,,,,,,,,,,,,,,,,,,,,,,,,,,,,0.7435024943953463,1.153846153846154
7235,D,troilo,Parma,6,6,0,13,,,,,,,,,,,,,,,,,,,,,,,,,,,,,,,,,,,,,,,,,,,,,,,,,,,,,,,,,,,,,,,,,,,,,,,0.7435024943953463,1.153846153846154
7211,D,athekame,Milan,6,6,0,14,,,,,,,,,,,,,,,,,,,,,,,,,,,,,,,,,,,,,,,,,,,,,,,,,,,,,,,,,,,,,,,,,,,,,,,0.7435024943953463,1.153846153846154
5820,D,bertola,Udinese,6,6,0,11,,,,,,,,,,,,,,,,,,,,,,,,,,,,,,,,,,,,,,,,,,,,,,,,,,,,,,,,,,,,,,,,,,,,,,,0.7435024943953463,1.153846153846154
5851,D,doig,Sassuolo,6,6,0,17,,,,,,,,,,,,,,,,,,,,,,,,,,,,,,,,,,,,,,,,,,,,,,,,,,,,,,,,,,,,,,,,,,,,,,,0.7435024943953463,1.153846153846154
7143,D,angori,Pisa,6,5,1,17,,,,,,,,,,,,,,,,,,,,,,,,,,,,,,,,,,,,,,,,,,,,,,,,,,,,,,,,,,,,,,,,,,,,,,,0.7435024943953463,1.153846153846154
6632,D,gaspar,Lecce,8,8,0,19,,,,,,,,,,,,,,,,,,,,,,,,,,,,,,,,,,,,,,,,,,,,,,,,,,,,,,,,,,,,,,,,,,,,,,,0.7435024943953463,1.153846153846154
7150,C,vural,Pisa,3,3,0,1,,,,,,,,,,,,,,,,,,,,,,,,,,,,,,,,,,,,,,,,,,,,,,,,,,,,,,,,,,,,,,,,,,,,,,,0.7435024943953463,1.153846153846154
5788,C,sabiri,Fiorentina,2,2,0,4,,,,,,,,,,,,,,,,,,,,,,,,,,,,,,,,,,,,,,,,,,,,,,,,,,,,,,,,,,,,,,,,,,,,,,,0.7435024943953463,1.153846153846154
7268,D,rodriguez,Cagliari,1,1,0,1,adrian rodriguez,es ESP,GK,Alavés,23.0,2000.0,2,1,122,1.4,0,0,0,0,0,0,0.0,0.0,0.0,0.0,0,0,,0.0,0.0,19,50,38.0,0,0,0,0,0,0,0.0,0,0.0,0,0,1,0,3,1,58,19,0,0,1,0,2.0,1.0,122.0,1.4,2.0,1.48,6.0,4.0,83.3,0.0,1.0,0.0,1.0,100.0,1.0,0.0,0.0,1.5,0.13,-0.5,-0.36,0.0,0.0
7179,P,israel,Torino,8,9,-1,33,israel dominguez,es ESP,FW,Sevilla,21.0,2003.0,1,0,18,0.2,0,0,0,0,0,0,0.0,0.0,0.0,0.0,0,0,,0.0,0.0,2,2,100.0,0,0,0,0,0,0,0.0,0,0.0,0,0,0,0,0,0,2,1,0,0,0,0,,,,,,,,,,,,,,,,,,,,,,,
5116,P,martinez,Inter,2,2,0,3,arnau martinez,es ESP,"DF,MF",Girona,21.0,2003.0,32,30,2624,29.2,2,2,4,2,0,0,1.2,2.2,1.2,3.5,19,6,31.6,0.65,0.21,1603,1855,86.4,162,18,14,41,102,56,1.92,6,0.21,51,31,35,82,76,2,2108,1183,25,14,3,0,,,,,,,,,,,,,,,,,,,,,,,
7172,P,pessina,Bologna,1,1,0,1,matteo pessina,it ITA,MF,Monza,27.0,1997.0,11,10,854,9.5,0,0,0,0,0,0,0.2,0.1,0.2,0.3,3,0,0.0,0.32,0.0,424,490,86.5,28,4,4,8,20,9,0.95,1,0.11,15,12,3,27,7,0,559,333,9,13,2,0,,,,,,,,,,,,,,,,,,,,,,,
4929,P,ciocci,Cagliari,1,1,0,1,giuseppe ciocci,it ITA,GK,Cagliari,22.0,2002.0,1,0,9,0.1,0,0,0,0,0,0,0.0,0.0,0.0,0.0,0,0,,0.0,0.0,1,1,100.0,0,0,0,0,0,0,0.0,0,0.0,0,0,0,0,0,0,1,1,0,0,0,0,1.0,0.0,9.0,0.1,0.0,0.0,0.0,0.0,,0.0,0.0,0.0,0.0,,0.0,0.0,0.0,0.0,,0.0,0.0,,
6505,P,nava,Cremonese,1,1,0,1,pau navarro,es ESP,DF,Villarreal,19.0,2005.0,17,8,916,10.2,0,0,0,0,0,0,0.0,0.0,0.0,0.0,1,0,0.0,0.1,0.0,517,577,89.6,40,1,1,3,7,6,0.59,1,0.1,23,4,2,27,41,0,668,322,4,4,1,0,,,,,,,,,,,,,,,,,,,,,,,
6184,P,martinelli,Fiorentina,1,1,0,1,gabriel martinelli,br BRA,"FW,MF",Arsenal,23.0,2001.0,33,25,2290,25.4,8,4,12,8,0,0,7.4,5.0,7.4,12.4,55,24,43.6,2.16,0.94,499,699,71.4,52,40,37,124,289,74,2.91,7,0.27,23,5,37,28,19,0,994,670,50,38,1,0,,,,,,,,,,,,,,,,,,,,,,,
219,P,sommariva,Genoa,1,1,0,1,daniele sommariva,it ITA,GK,Genoa,27.0,1997.0,1,0,28,0.3,0,0,0,0,0,0,0.0,0.0,0.0,0.0,0,0,,0.0,0.0,5,15,33.3,0,0,0,0,0,0,0.0,0,0.0,0,0,0,0,1,0,18,6,0,0,0,0,1.0,0.0,28.0,0.3,1.0,3.21,3.0,2.0,66.7,0.0,0.0,0.0,0.0,,0.0,0.0,0.0,0.9,0.3,-0.1,-0.36,,
2815,P,terracciano,Milan,1,1,0,1,filippo terracciano,it ITA,"DF,MF",Milan,21.0,2003.0,13,6,539,6.0,0,0,0,0,0,0,0.2,0.1,0.2,0.3,3,1,33.3,0.5,0.17,226,257,87.9,14,2,1,5,9,4,0.67,0,0.0,9,6,2,15,11,0,303,162,1,5,3,0,,,,,,,,,,,,,,,,,,,,,,,
2271,P,nicolas,Pisa,1,1,0,1,nicolas cozza,fr FRA,"DF,MF",Nantes,25.0,1999.0,27,23,2051,22.8,1,0,1,1,0,0,1.4,1.4,1.4,2.8,17,6,35.3,0.75,0.26,608,782,77.7,64,7,10,25,56,20,0.88,2,0.09,59,25,21,84,69,0,1044,400,30,6,3,1,,,,,,,,,,,,,,,,,,,,,,,
2211,P,silvestri,Cremonese,1,1,0,1,lorenzo de silvestri,it ITA,DF,Bologna,36.0,1988.0,18,13,1060,11.8,1,0,1,1,0,0,0.8,0.3,0.8,1.1,9,4,44.4,0.76,0.34,446,564,79.1,46,5,6,4,30,14,1.19,2,0.17,11,10,9,21,32,0,657,313,7,2,1,0,,,,,,,,,,,,,,,,,,,,,,,
