idPlayer,idTeam,strPlayer,strTeam,strSport,strThumb,strCutout,strNationality,dateBorn,strStatus,strGender,strPosition,relevance,query_name,found,name_match,cc_artwork,artwork_usage_status,source,source_player_url,retrieved_at
34162492,133682,Mile Svilar,Roma,Soccer,https://r2.thesportsdb.com/images/media/player/thumb/qar3ii1522247043.jpg,https://r2.thesportsdb.com/images/media/player/cutout/5udtco1758815713.png,Serbia,1999-08-27,Active,Male,Goalkeeper,29.06248664855957,Svilar,True,False,False,REVIEW_REQUIRED,TheSportsDB,https://www.thesportsdb.com/player/34162492,2026-09-14T07:23:33.713400+00:00
34173018,134782,Marco Carnesecchi,Atalanta,Soccer,https://r2.thesportsdb.com/images/media/player/thumb/v0japo1604998394.jpg,https://r2.thesportsdb.com/images/media/player/cutout/tjx3t51695157205.png,Italy,2000-07-01,Active,Male,Goalkeeper,29.06248664855957,Carnesecchi,True,False,False,REVIEW_REQUIRED,TheSportsDB,https://www.thesportsdb.com/player/34173018,2026-09-14T07:23:35.925350+00:00
34145423,133610,Emiliano Martinez,Chelsea,Soccer,https://r2.thesportsdb.com/images/media/player/thumb/7drp311770201331.jpg,https://r2.thesportsdb.com/images/media/player/cutout/ffr5xx1756984715.png,Argentina,1992-09-02,Active,Male,Goalkeeper,7.196033954620361,Martinez Jo.,True,False,False,REVIEW_REQUIRED,TheSportsDB,https://www.thesportsdb.com/player/34145423,2026-09-14T07:23:38.135917+00:00
34161946,135828,Arantxa Sánchez Vicario,_Retired Tennis,Tennis,https://r2.thesportsdb.com/images/media/player/thumb/gvap3t1643830628.jpg,https://r2.thesportsdb.com/images/media/player/cutout/dual3r1643830767.png,Spain,1971-12-18,Retired,Male,Tennis Player,24.145843505859375,Vicario,True,False,False,REVIEW_REQUIRED,TheSportsDB,https://www.thesportsdb.com/player/34161946,2026-09-14T07:23:41.091850+00:00
34147368,134243,Jean Butez,Como,Soccer,https://r2.thesportsdb.com/images/media/player/thumb/vv2sk31549741559.jpg,https://r2.thesportsdb.com/images/media/player/cutout/eowrvr1764278140.png,France,1995-06-08,Active,Male,Goalkeeper,29.06248664855957,Butez,True,False,False,REVIEW_REQUIRED,TheSportsDB,https://www.thesportsdb.com/player/34147368,2026-09-14T07:23:43.306163+00:00
34152558,133667,Mike Maignan,AC Milan,Soccer,https://r2.thesportsdb.com/images/media/player/thumb/8owaul1735364851.jpg,https://r2.thesportsdb.com/images/media/player/cutout/sw5ukh1758892671.png,France,1995-07-03,Active,Male,Goalkeeper,29.06248664855957,Maignan,True,False,False,REVIEW_REQUIRED,TheSportsDB,https://www.thesportsdb.com/player/34152558,2026-09-14T07:23:45.526149+00:00
34145637,133674,David de Gea,Fiorentina,Soccer,https://r2.thesportsdb.com/images/media/player/thumb/xt634x1510319724.jpg,https://r2.thesportsdb.com/images/media/player/cutout/w3p74l1758891733.png,Spain,1990-11-07,Active,Male,Goalkeeper,13.829960823059082,De Gea,True,False,False,REVIEW_REQUIRED,TheSportsDB,https://www.thesportsdb.com/player/34145637,2026-09-14T07:23:47.904937+00:00
34163610,133670,Alex Meret,Napoli,Soccer,https://r2.thesportsdb.com/images/media/player/thumb/nmbcsc1771247005.jpg,https://r2.thesportsdb.com/images/media/player/cutout/jh5q3x1764089642.png,Italy,1997-03-22,Active,Male,Goalkeeper,22.014801025390625,Meret,True,False,False,REVIEW_REQUIRED,TheSportsDB,https://www.thesportsdb.com/player/34163610,2026-09-14T07:23:50.121703+00:00
34147206,134781,Lukasz Skorupski,Bologna,Soccer,https://r2.thesportsdb.com/images/media/player/thumb/rshz4a1533987723.jpg,https://r2.thesportsdb.com/images/media/player/cutout/nuwfv21758897094.png,Poland,1991-05-05,Active,Male,Goalkeeper,29.06248664855957,Skorupski,True,False,False,REVIEW_REQUIRED,TheSportsDB,https://www.thesportsdb.com/player/34147206,2026-09-14T07:23:52.334668+00:00
34220115,134783,Elia Caprile,Cagliari,Soccer,https://r2.thesportsdb.com/images/media/player/thumb/swckgh1692480239.jpg,https://r2.thesportsdb.com/images/media/player/cutout/q7wom71764336142.png,Italy,2001-08-25,Active,Male,Goalkeeper,29.06248664855957,Caprile,True,False,False,REVIEW_REQUIRED,TheSportsDB,https://www.thesportsdb.com/player/34220115,2026-09-14T07:23:54.603960+00:00
34222413,133668,Christos Mandas,Lazio,Soccer,https://r2.thesportsdb.com/images/media/player/thumb/q1ik991698227933.jpg,https://r2.thesportsdb.com/images/media/player/cutout/cp10gb1764242610.png,Greece,2001-09-17,Active,Male,Goalkeeper,25.907421112060547,Mandas,True,False,False,REVIEW_REQUIRED,TheSportsDB,https://www.thesportsdb.com/player/34222413,2026-09-14T07:23:56.815988+00:00
34172118,135090,Stan Okoye,BC Andorra,Basketball,https://r2.thesportsdb.com/images/media/player/thumb/4zuzf21596913387.jpg,,United States,1991-04-10,Active,Male,Small Forward,20.141006469726562,Okoye,True,False,False,REVIEW_REQUIRED,TheSportsDB,https://www.thesportsdb.com/player/34172118,2026-09-14T07:23:59.034144+00:00
34152483,135181,Loic Perrin,_Retired Soccer,Soccer,https://r2.thesportsdb.com/images/media/player/thumb/l1ei7v1713941567.jpg,https://r2.thesportsdb.com/images/media/player/cutout/xbe0tu1713941668.png,France,1985-08-07,Retired,Male,Centre-Back,14.525091171264648,Perri,True,False,False,REVIEW_REQUIRED,TheSportsDB,https://www.thesportsdb.com/player/34152483,2026-09-14T07:24:01.359275+00:00
34170458,133675,Justin Bijlow,Genoa,Soccer,https://r2.thesportsdb.com/images/media/player/thumb/gtz7xy1668376531.jpg,https://r2.thesportsdb.com/images/media/player/cutout/vku13u1758187123.png,The Netherlands,1998-01-22,Active,Male,Goalkeeper,29.06248664855957,Bijlow,True,False,False,REVIEW_REQUIRED,TheSportsDB,https://www.thesportsdb.com/player/34170458,2026-09-14T07:24:03.706385+00:00
34148099,133678,Wladimiro Falcone,Lecce,Soccer,https://r2.thesportsdb.com/images/media/player/thumb/jhi1j01546085777.jpg,https://r2.thesportsdb.com/images/media/player/cutout/6hqbx51759652180.png,Italy,1995-04-12,Active,Male,Goalkeeper,20.664892196655273,Falcone,True,False,False,REVIEW_REQUIRED,TheSportsDB,https://www.thesportsdb.com/player/34148099,2026-09-14T07:24:06.253554+00:00
34306668,147368,Pablo Sánchez Sánchez,_Retired Boxing,Fighting,https://r2.thesportsdb.com/images/media/player/thumb/52bd4e1740002143.jpg,,Spain,1946-03-02,Retired,Male,Boxer,15.716447830200195,Sanchez Ro.,True,False,False,REVIEW_REQUIRED,TheSportsDB,https://www.thesportsdb.com/player/34306668,2026-09-14T07:24:08.481594+00:00
34177546,133701,Arijanet Murić,Sassuolo,Soccer,https://r2.thesportsdb.com/images/media/player/thumb/glc44q1658572397.jpg,https://r2.thesportsdb.com/images/media/player/cutout/tb86o71764106137.png,Kosovo,1998-11-07,Active,Male,Goalkeeper,20.664892196655273,Muric,True,False,False,REVIEW_REQUIRED,TheSportsDB,https://www.thesportsdb.com/player/34177546,2026-09-14T07:24:10.798433+00:00
34250300,137254,Manuel Daffara,Virtus Verona,Soccer,,,Italy,1989-06-22,,Male,Defender,25.907421112060547,Daffara,True,False,False,REVIEW_REQUIRED,TheSportsDB,https://www.thesportsdb.com/player/34250300,2026-09-14T07:24:13.028261+00:00
34161861,137154,Dejan Stanković,_Free Agent Soccer,Soccer,https://www.thesportsdb.com/images/media/player/thumb/59eiky1789144107.jpg,,Serbia,1978-09-11,Free Agent,Male,Manager,18.29290008544922,Stankovic F.,True,False,False,REVIEW_REQUIRED,TheSportsDB,https://www.thesportsdb.com/player/34161861,2026-09-14T07:24:15.240992+00:00
34220141,135735,Lorenzo Palmisani,Olbia,Soccer,,,Italy,2004-06-12,Active,Male,Goalkeeper,29.06248664855957,Palmisani,True,False,False,REVIEW_REQUIRED,TheSportsDB,https://www.thesportsdb.com/player/34220141,2026-09-14T07:24:17.453325+00:00
34153364,136013,Sergej Milinkovic-Savic,Al Hilal,Soccer,https://r2.thesportsdb.com/images/media/player/thumb/iq30bq1750761696.jpg,https://r2.thesportsdb.com/images/media/player/cutout/v1k9g21750272688.png,Serbia,1995-02-27,Active,Male,Central Midfield,38.925071716308594,Milinkovic-Savic V.,True,False,False,REVIEW_REQUIRED,TheSportsDB,https://www.thesportsdb.com/player/34153364,2026-09-14T07:24:19.710364+00:00
34152744,135181,Abdou Aziz Thiam,_Retired Soccer,Soccer,https://r2.thesportsdb.com/images/media/player/thumb/1p7c681518272095.jpg,,France,1997-01-15,,Male,Midfielder,18.29290008544922,Thiam,True,False,False,REVIEW_REQUIRED,TheSportsDB,https://www.thesportsdb.com/player/34152744,2026-09-14T07:24:22.160740+00:00
34235040,133685,Sebastiano Desplanches,Pescara,Soccer,,,Italy,2003-03-11,Active,Male,Goalkeeper,25.907421112060547,Desplanches,True,False,False,REVIEW_REQUIRED,TheSportsDB,https://www.thesportsdb.com/player/34235040,2026-09-14T07:24:24.431720+00:00
34148284,133668,Ivan Provedel,Lazio,Soccer,https://r2.thesportsdb.com/images/media/player/thumb/abhqpq1546699343.jpg,https://r2.thesportsdb.com/images/media/player/cutout/3skyav1764242674.png,Italy,1994-03-17,Active,Male,Goalkeeper,29.06248664855957,Provedel,True,False,False,REVIEW_REQUIRED,TheSportsDB,https://www.thesportsdb.com/player/34148284,2026-09-14T07:24:26.664971+00:00
34189933,140974,Enzo Corvi,Davos,Ice Hockey,https://r2.thesportsdb.com/images/media/player/thumb/lgnu5h1624921742.jpg,,Switzerland,1992-12-23,Active,Male,Center,20.664892196655273,Corvi,True,False,False,REVIEW_REQUIRED,TheSportsDB,https://www.thesportsdb.com/player/34189933,2026-09-14T07:24:28.877533+00:00
34148335,134782,Marco Sportiello,Atalanta,Soccer,https://r2.thesportsdb.com/images/media/player/thumb/5d6ie81546700392.jpg,https://r2.thesportsdb.com/images/media/player/cutout/4c6mx81769865698.png,Italy,1992-05-10,Active,Male,Goalkeeper,29.06248664855957,Sportiello,True,False,False,REVIEW_REQUIRED,TheSportsDB,https://www.thesportsdb.com/player/34148335,2026-09-14T07:24:31.090842+00:00
,,,,,,,,,,,,,Happonen,False,False,,,TheSportsDB,,2026-09-14T07:24:33.341087+00:00
34301619,134781,Massimo Pessina,Bologna,Soccer,https://r2.thesportsdb.com/images/media/player/thumb/9qywcy1758897340.jpg,https://r2.thesportsdb.com/images/media/player/cutout/q69p9e1758897279.png,Italy,2007-12-25,Active,Male,Goalkeeper,31.789459228515625,Pessina Mas.,True,False,False,REVIEW_REQUIRED,TheSportsDB,https://www.thesportsdb.com/player/34301619,2026-09-14T07:24:35.792475+00:00
34168782,137234,Sensational Sherri,_Deceased Fighting,Fighting,https://r2.thesportsdb.com/images/media/player/thumb/0lvgtk1575834743.jpg,https://r2.thesportsdb.com/images/media/player/cutout/amsdo51575834745.png,United States,1958-02-08,Deceased,Female,Wrestler,18.018627166748047,Sherri,True,False,False,REVIEW_REQUIRED,TheSportsDB,https://www.thesportsdb.com/player/34168782,2026-09-14T07:24:38.235089+00:00
34176186,134164,Noel Törnqvist,Mjallby,Soccer,https://r2.thesportsdb.com/images/media/player/thumb/nsb64a1718912096.jpg,https://r2.thesportsdb.com/images/media/player/cutout/drujvq1718821566.png,Sweden,2002-02-01,Active,Male,Goalkeeper,25.907421112060547,Tornqvist,True,False,False,REVIEW_REQUIRED,TheSportsDB,https://www.thesportsdb.com/player/34176186,2026-09-14T07:24:40.449484+00:00
34148317,134243,Mauro Vigorito,Como,Soccer,https://r2.thesportsdb.com/images/media/player/thumb/en0lqr1678973211.jpg,https://r2.thesportsdb.com/images/media/player/cutout/uxuvd01764278552.png,Italy,1990-05-22,Active,Male,Goalkeeper,25.907421112060547,Vigorito,True,False,False,REVIEW_REQUIRED,TheSportsDB,https://www.thesportsdb.com/player/34148317,2026-09-14T07:24:42.659086+00:00
34145493,133739,Andreas Christensen,Barcelona,Soccer,https://r2.thesportsdb.com/images/media/player/thumb/lg5vvk1771261092.jpg,https://r2.thesportsdb.com/images/media/player/cutout/ynkck21768321682.png,Denmark,1996-04-10,Active,Male,Centre-Back,13.000593185424805,Christensen O.,True,False,False,REVIEW_REQUIRED,TheSportsDB,https://www.thesportsdb.com/player/34145493,2026-09-14T07:24:44.934957+00:00
34148443,133674,Luca Lezzerini,Fiorentina,Soccer,https://r2.thesportsdb.com/images/media/player/thumb/ugiknr1747501675.jpg,https://r2.thesportsdb.com/images/media/player/cutout/2rvj7r1758891901.png,Italy,1995-03-24,Active,Male,Goalkeeper,29.06248664855957,Lezzerini,True,False,False,REVIEW_REQUIRED,TheSportsDB,https://www.thesportsdb.com/player/34148443,2026-09-14T07:24:47.153189+00:00
34239993,137939,Eldin Lolic,Tuzla City,Soccer,,,France,2004-05-15,,Male,Goalkeeper,24.145843505859375,Lolic,True,False,False,REVIEW_REQUIRED,TheSportsDB,https://www.thesportsdb.com/player/34239993,2026-09-14T07:24:49.388385+00:00
34220155,133675,Daniele Sommariva,Genoa,Soccer,https://r2.thesportsdb.com/images/media/player/thumb/890kuz1697978528.jpg,https://r2.thesportsdb.com/images/media/player/cutout/xq8w0i1758997694.png,Italy,1997-07-18,Active,Male,Goalkeeper,29.06248664855957,Sommariva,True,False,False,REVIEW_REQUIRED,TheSportsDB,https://www.thesportsdb.com/player/34220155,2026-09-14T07:24:51.689886+00:00
34155128,135181,Alexander Stolz,_Retired Soccer,Soccer,https://r2.thesportsdb.com/images/media/player/thumb/56ihj21578089272.jpg,https://r2.thesportsdb.com/images/media/player/cutout/q5et9j1578089274.png,Germany,1983-10-13,,Male,Goalkeeper,20.141006469726562,Stolz,True,False,False,REVIEW_REQUIRED,TheSportsDB,https://www.thesportsdb.com/player/34155128,2026-09-14T07:24:54.046627+00:00
34147101,133681,Raffaele Di Gennaro,Inter Milan,Soccer,https://r2.thesportsdb.com/images/media/player/thumb/5hcw3p1546191850.jpg,https://r2.thesportsdb.com/images/media/player/cutout/hl2esp1759408898.png,Italy,1993-10-03,Active,Male,Goalkeeper,16.390682220458984,Di Gennaro,True,False,False,REVIEW_REQUIRED,TheSportsDB,https://www.thesportsdb.com/player/34147101,2026-09-14T07:24:56.285208+00:00
34162104,133676,Carlo Pinsoglio,Juventus,Soccer,https://r2.thesportsdb.com/images/media/player/thumb/4ppm5e1515954865.jpg,https://r2.thesportsdb.com/images/media/player/cutout/8s18041759222421.png,Italy,1990-03-16,Active,Male,Goalkeeper,29.06248664855957,Pinsoglio,True,False,False,REVIEW_REQUIRED,TheSportsDB,https://www.thesportsdb.com/player/34162104,2026-09-14T07:24:58.566657+00:00
34152570,137154,Thiago Motta,_Free Agent Soccer,Soccer,https://r2.thesportsdb.com/images/media/player/thumb/s0gutn1515938419.jpg,https://r2.thesportsdb.com/images/media/player/cutout/cikv011618065233.png,Italy,1982-08-28,Free Agent,Male,Manager,18.018627166748047,Motta,True,False,False,REVIEW_REQUIRED,TheSportsDB,https://www.thesportsdb.com/player/34152570,2026-09-14T07:25:00.814900+00:00
34174446,134780,Francesco Renzetti,Chievo,Soccer,,,France,1988-01-22,Active,Male,Defender,25.907421112060547,Renzetti,True,False,False,REVIEW_REQUIRED,TheSportsDB,https://www.thesportsdb.com/player/34174446,2026-09-14T07:25:03.055065+00:00
34164566,133667,Pietro Terracciano,AC Milan,Soccer,https://r2.thesportsdb.com/images/media/player/thumb/fahhxv1546976704.jpg,https://r2.thesportsdb.com/images/media/player/cutout/za58rr1758893945.png,Italy,1990-03-08,Active,Male,Goalkeeper,25.907421112060547,Terracciano,True,False,False,REVIEW_REQUIRED,TheSportsDB,https://www.thesportsdb.com/player/34164566,2026-09-14T07:25:05.321337+00:00
34244623,133667,Lorenzo Torriani,AC Milan,Soccer,https://r2.thesportsdb.com/images/media/player/thumb/ofl21q1758893989.jpg,https://r2.thesportsdb.com/images/media/player/cutout/9qew3l1758894018.png,Italy,2005-01-31,Active,Male,Goalkeeper,29.06248664855957,Torriani,True,False,False,REVIEW_REQUIRED,TheSportsDB,https://www.thesportsdb.com/player/34244623,2026-09-14T07:25:07.650736+00:00
34345518,134321,Mark Strajnar,Domzale,Soccer,,,Slovenia,2003-12-19,,Male,Defender,25.907421112060547,Strajnar,True,False,False,REVIEW_REQUIRED,TheSportsDB,https://www.thesportsdb.com/player/34345518,2026-09-14T07:25:09.899037+00:00
34148371,135181,Matteo Contini,_Retired Soccer,Soccer,,https://r2.thesportsdb.com/images/media/player/cutout/3801540.png,Italy,1980-04-16,,Male,Defender,22.014801025390625,Contini,True,False,False,REVIEW_REQUIRED,TheSportsDB,https://www.thesportsdb.com/player/34148371,2026-09-14T07:25:13.018276+00:00
34204921,135828,Marzio Martelli,_Retired Tennis,Tennis,,,Italy,1971-12-14,Retired,Male,Tennis Player,19.280559539794922,De Marzi,True,False,False,REVIEW_REQUIRED,TheSportsDB,https://www.thesportsdb.com/player/34204921,2026-09-14T07:25:15.283198+00:00
34148166,133682,Pierluigi Gollini,Roma,Soccer,https://r2.thesportsdb.com/images/media/player/thumb/hkbdpl1546032274.jpg,https://r2.thesportsdb.com/images/media/player/cutout/5yahro1758815679.png,Italy,1995-03-18,Active,Male,Goalkeeper,29.06248664855957,Gollini,True,False,False,REVIEW_REQUIRED,TheSportsDB,https://www.thesportsdb.com/player/34148166,2026-09-14T07:25:17.495274+00:00
34170108,139129,Robbie Russo,Utica Comets,Ice Hockey,https://r2.thesportsdb.com/images/media/player/thumb/stmb2r1584619555.jpg,,United States,1993-02-15,Active,Male,Defenceman,14.895620346069336,Russo A.,True,False,False,REVIEW_REQUIRED,TheSportsDB,https://www.thesportsdb.com/player/34170108,2026-09-14T07:25:19.717310+00:00
34170038,133701,Stefano Turati,Sassuolo,Soccer,https://r2.thesportsdb.com/images/media/player/thumb/6v7jd81610884531.jpg,https://r2.thesportsdb.com/images/media/player/cutout/szarc21764106468.png,Italy,2001-09-05,Active,Male,Goalkeeper,24.145843505859375,Turati,True,False,False,REVIEW_REQUIRED,TheSportsDB,https://www.thesportsdb.com/player/34170038,2026-09-14T07:25:21.945602+00:00
34296645,133879,Diego Mascardi,Spezia,Soccer,,,Italy,2006-09-26,Active,Male,Goalkeeper,29.06248664855957,Mascardi,True,False,False,REVIEW_REQUIRED,TheSportsDB,https://www.thesportsdb.com/player/34296645,2026-09-14T07:25:24.194297+00:00
,,,,,,,,,,,,,Siviero,False,False,,,TheSportsDB,,2026-09-14T07:25:26.528482+00:00
34146986,133679,Daniele Padelli,Udinese,Soccer,https://r2.thesportsdb.com/images/media/player/thumb/trd2231546190222.jpg,https://r2.thesportsdb.com/images/media/player/cutout/ex0tae1764172507.png,Italy,1985-10-25,Active,Male,Goalkeeper,29.06248664855957,Padelli,True,False,False,REVIEW_REQUIRED,TheSportsDB,https://www.thesportsdb.com/player/34146986,2026-09-14T07:25:28.749935+00:00
34270575,135181,Luca Piana,_Retired-Soccer,Soccer,,,Italy,1994-04-06,Retired,Male,Centre-Back,22.933595657348633,Piana,True,False,False,REVIEW_REQUIRED,TheSportsDB,https://www.thesportsdb.com/player/34270575,2026-09-14T07:25:31.094836+00:00
34147925,134628,Elliott Grandin,Ermis Aradippou,Soccer,,,France,1987-10-17,Active,Male,Midfielder,18.918764114379883,Grandi,True,False,False,REVIEW_REQUIRED,TheSportsDB,https://www.thesportsdb.com/player/34147925,2026-09-14T07:25:33.325712+00:00
34147277,135181,Nicola Pozzi,_Retired Soccer,Soccer,https://r2.thesportsdb.com/images/media/player/thumb/e4mpo61666711041.jpg,https://r2.thesportsdb.com/images/media/player/cutout/7984522.png,Italy,1986-06-30,Retired,Male,Forward,22.933595657348633,Pozzi,True,False,False,REVIEW_REQUIRED,TheSportsDB,https://www.thesportsdb.com/player/34147277,2026-09-14T07:25:35.568583+00:00
34193665,133701,Giacomo Satalino,Sassuolo,Soccer,https://r2.thesportsdb.com/images/media/player/thumb/2pka291638447686.jpg,https://r2.thesportsdb.com/images/media/player/cutout/ad5g0f1764106329.png,Italy,1999-05-20,Active,Male,Goalkeeper,25.907421112060547,Satalino,True,False,False,REVIEW_REQUIRED,TheSportsDB,https://www.thesportsdb.com/player/34193665,2026-09-14T07:25:37.826313+00:00
34230815,134092,Nikolas Lyuboslav Penev,Lokomotiv Plovdiv,Soccer,,,Bulgaria,2005-03-18,Active,Male,Attacker,29.06248664855957,Penev,True,False,False,REVIEW_REQUIRED,TheSportsDB,https://www.thesportsdb.com/player/34230815,2026-09-14T07:25:40.039879+00:00
34192653,133669,Matteo Pisseri,Cesena,Soccer,,,Italy,1991-11-21,Active,Male,Goalkeeper,29.06248664855957,Pisseri,True,False,False,REVIEW_REQUIRED,TheSportsDB,https://www.thesportsdb.com/player/34192653,2026-09-14T07:25:42.259634+00:00
34169571,134783,Boris Radunović,Cagliari,Soccer,https://r2.thesportsdb.com/images/media/player/thumb/bam0bf1599569349.jpg,https://r2.thesportsdb.com/images/media/player/cutout/903bc01764336486.png,Serbia,1996-05-26,Active,Male,Goalkeeper,24.145843505859375,Radunovic,True,False,False,REVIEW_REQUIRED,TheSportsDB,https://www.thesportsdb.com/player/34169571,2026-09-14T07:25:44.481926+00:00
34172304,134784,Lorenzo Montipò,Verona,Soccer,https://r2.thesportsdb.com/images/media/player/thumb/0l81jp1605007988.jpg,https://r2.thesportsdb.com/images/media/player/cutout/l6lbp31759245815.png,Italy,1996-02-20,Active,Male,Goalkeeper,29.06248664855957,Montipò,True,False,False,REVIEW_REQUIRED,TheSportsDB,https://www.thesportsdb.com/player/34172304,2026-09-14T07:25:46.738018+00:00
34169481,134666,Marco Bleve,Carrarese,Soccer,https://r2.thesportsdb.com/images/media/player/thumb/oddltg1678972041.jpg,https://r2.thesportsdb.com/images/media/player/cutout/cokpaq1678972062.png,Italy,1995-10-18,Active,Male,Goalkeeper,29.06248664855957,Bleve,True,False,False,REVIEW_REQUIRED,TheSportsDB,https://www.thesportsdb.com/player/34169481,2026-09-14T07:25:48.955511+00:00
34173679,133655,Kamil Grabara,Wolfsburg,Soccer,https://r2.thesportsdb.com/images/media/player/thumb/g6liwc1610643431.jpg,https://r2.thesportsdb.com/images/media/player/cutout/vls14a1763669328.png,Poland,1999-01-08,Active,Male,Goalkeeper,29.06248664855957,Grabara,True,False,False,REVIEW_REQUIRED,TheSportsDB,https://www.thesportsdb.com/player/34173679,2026-09-14T07:25:51.186969+00:00
34221923,134010,Bartosz Mrozek,Lech Poznań,Soccer,https://r2.thesportsdb.com/images/media/player/thumb/ix1id51716968387.jpg,https://r2.thesportsdb.com/images/media/player/cutout/b5jfi51770497710.png,Poland,2000-02-23,Active,Male,Goalkeeper,22.933595657348633,Mrozek,True,False,False,REVIEW_REQUIRED,TheSportsDB,https://www.thesportsdb.com/player/34221923,2026-09-14T07:25:53.411242+00:00
34245264,133683,Simone Ghidotti,Sampdoria,Soccer,,,Italy,2000-03-19,,Male,Goalkeeper,25.907421112060547,Ghidotti,True,False,False,REVIEW_REQUIRED,TheSportsDB,https://www.thesportsdb.com/player/34245264,2026-09-14T07:25:55.705875+00:00
,,,,,,,,,,,,,Pompei,False,False,,,TheSportsDB,,2026-09-14T07:25:57.984110+00:00
34147121,133681,Federico Dimarco,Inter Milan,Soccer,https://r2.thesportsdb.com/images/media/player/thumb/q7lkrg1546596582.jpg,https://r2.thesportsdb.com/images/media/player/cutout/0rhwx41759408849.png,Italy,1997-11-10,Active,Male,Left-Back,22.933595657348633,Dimarco,True,False,False,REVIEW_REQUIRED,TheSportsDB,https://www.thesportsdb.com/player/34147121,2026-09-14T07:26:00.203154+00:00
34146748,135181,Wesley Atkinson,_Retired Soccer,Soccer,,,England,1994-10-13,,Male,Defender,11.193309783935547,Wesley,True,False,False,REVIEW_REQUIRED,TheSportsDB,https://www.thesportsdb.com/player/34146748,2026-09-14T07:26:02.466441+00:00
34148387,134654,Salvatore Molina,Sudtirol,Soccer,https://r2.thesportsdb.com/images/media/player/thumb/sbf6lj1608193839.jpg,https://r2.thesportsdb.com/images/media/player/cutout/wjk4ta1607356229.png,Italy,1992-01-01,Active,Male,Midfielder,10.991986274719238,Molina N.,True,False,False,REVIEW_REQUIRED,TheSportsDB,https://www.thesportsdb.com/player/34148387,2026-09-14T07:26:04.689062+00:00
34164383,133676,Bremer,Juventus,Soccer,https://r2.thesportsdb.com/images/media/player/thumb/icn9je1716707438.jpg,https://r2.thesportsdb.com/images/media/player/cutout/3qx4p71759224866.png,Brazil,1997-03-18,Active,Male,Centre-Back,21.27803611755371,Bremer,True,True,False,REVIEW_REQUIRED,TheSportsDB,https://www.thesportsdb.com/player/34164383,2026-09-14T07:26:06.903340+00:00
34148493,133682,Gianluca Mancini,Roma,Soccer,https://r2.thesportsdb.com/images/media/player/thumb/9tf0bn1546084688.jpg,https://r2.thesportsdb.com/images/media/player/cutout/tnamt91758815939.png,Italy,1996-04-17,Active,Male,Defender,16.727554321289062,Mancini,True,False,False,REVIEW_REQUIRED,TheSportsDB,https://www.thesportsdb.com/player/34148493,2026-09-14T07:26:09.122342+00:00
34162132,133681,Manuel Akanji,Inter Milan,Soccer,https://r2.thesportsdb.com/images/media/player/thumb/rkw8nb1703327216.jpg,https://r2.thesportsdb.com/images/media/player/cutout/k7o5oh1759408095.png,Switzerland,1995-07-19,Active,Male,Centre-Back,29.06248664855957,Akanji,True,False,False,REVIEW_REQUIRED,TheSportsDB,https://www.thesportsdb.com/player/34162132,2026-09-14T07:26:11.373677+00:00
34169562,133670,Amir Rrahmani,Napoli,Soccer,https://r2.thesportsdb.com/images/media/player/thumb/6flxn41610363303.jpg,https://r2.thesportsdb.com/images/media/player/cutout/hvd5tq1762288248.png,Kosovo,1994-02-24,Active,Male,Defender,24.145843505859375,Rrahmani,True,False,False,REVIEW_REQUIRED,TheSportsDB,https://www.thesportsdb.com/player/34169562,2026-09-14T07:26:13.584356+00:00
34169455,133681,Alessandro Bastoni,Inter Milan,Soccer,https://r2.thesportsdb.com/images/media/player/thumb/kgodvf1602959273.jpg,https://r2.thesportsdb.com/images/media/player/cutout/hwixpa1759408795.png,Italy,1999-04-13,Active,Male,Centre-Back,25.907421112060547,Bastoni,True,False,False,REVIEW_REQUIRED,TheSportsDB,https://www.thesportsdb.com/player/34169455,2026-09-14T07:26:16.101150+00:00
34172596,133676,Pierre Kalulu,Juventus,Soccer,https://r2.thesportsdb.com/images/media/player/thumb/1qkw0h1602960156.jpg,https://r2.thesportsdb.com/images/media/player/cutout/bl8oj61759224970.png,France,2000-06-05,Active,Male,Defender,22.933595657348633,Kalulu,True,False,False,REVIEW_REQUIRED,TheSportsDB,https://www.thesportsdb.com/player/34172596,2026-09-14T07:26:18.548477+00:00
34154028,135182,Sasha Pavlovic,_Retired Basketball,Basketball,https://r2.thesportsdb.com/images/media/player/thumb/576igh1756819999.jpg,,Montenegro,1985-11-15,,Male,Guard/Forward,17.30988121032715,Pavlovic,True,False,False,REVIEW_REQUIRED,TheSportsDB,https://www.thesportsdb.com/player/34154028,2026-09-14T07:26:20.870562+00:00
34147150,133859,Alberto Gilardino,Pisa,Soccer,https://r2.thesportsdb.com/images/media/player/thumb/i8f65w1686654293.jpg,https://r2.thesportsdb.com/images/media/player/cutout/3804675.png,Italy,1982-07-05,Free Agent,Male,Manager,18.59146499633789,Gila,True,False,False,REVIEW_REQUIRED,TheSportsDB,https://www.thesportsdb.com/player/34147150,2026-09-14T07:26:23.090277+00:00
34154024,135182,Dan Dickau,_Retired Basketball,Basketball,https://r2.thesportsdb.com/images/media/player/thumb/ntppt31663320894.jpg,https://r2.thesportsdb.com/images/media/player/cutout/ehv3h61663320940.png,United States,1978-09-16,,Male,Point Guard,29.06248664855957,N'Dicka,True,False,False,REVIEW_REQUIRED,TheSportsDB,https://www.thesportsdb.com/player/34154024,2026-09-14T07:26:25.307163+00:00
34177925,133679,Oumar Solet,Udinese,Soccer,https://r2.thesportsdb.com/images/media/player/thumb/woyxpg1763913445.jpg,https://r2.thesportsdb.com/images/media/player/cutout/s4fg6d1764172587.png,France,2000-02-07,Active,Male,Defender,25.907421112060547,Solet,True,False,False,REVIEW_REQUIRED,TheSportsDB,https://www.thesportsdb.com/player/34177925,2026-09-14T07:26:27.524438+00:00
34191710,133681,Yann Bisseck,Inter Milan,Soccer,https://r2.thesportsdb.com/images/media/player/thumb/xz8ecw1654098002.jpg,https://r2.thesportsdb.com/images/media/player/cutout/4unlga1759408810.png,Germany,2000-11-29,Active,Male,Defender,29.06248664855957,Bisseck,True,False,False,REVIEW_REQUIRED,TheSportsDB,https://www.thesportsdb.com/player/34191710,2026-09-14T07:26:29.784765+00:00
34145830,133681,John Stones,Inter Milan,Soccer,https://r2.thesportsdb.com/images/media/player/thumb/iub2p21763068622.jpg,https://r2.thesportsdb.com/images/media/player/cutout/dkq8d41763068509.png,England,1994-05-28,Active,Male,Centre-Back,22.014801025390625,Stones,True,False,False,REVIEW_REQUIRED,TheSportsDB,https://www.thesportsdb.com/player/34145830,2026-09-14T07:26:32.178551+00:00
34147097,135950,Lorenzo Crisetig,Padova,Soccer,https://r2.thesportsdb.com/images/media/player/thumb/w1eolr1512216897.jpg,https://r2.thesportsdb.com/images/media/player/cutout/7cppst1512216920.png,Italy,1993-01-20,Active,Male,Defensive Midfield,8.87648868560791,Di Lorenzo,True,False,False,REVIEW_REQUIRED,TheSportsDB,https://www.thesportsdb.com/player/34147097,2026-09-14T07:26:34.622709+00:00
34173924,133675,Leo Østigård,Genoa,Soccer,https://r2.thesportsdb.com/images/media/player/thumb/qklf4l1609594775.jpg,https://r2.thesportsdb.com/images/media/player/cutout/riue4t1758997507.png,Norway,1999-11-28,Active,Male,Centre-Back,25.907421112060547,Ostigard,True,False,False,REVIEW_REQUIRED,TheSportsDB,https://www.thesportsdb.com/player/34173924,2026-09-14T07:26:36.864270+00:00
34167059,133682,Mario Hermoso,Roma,Soccer,https://r2.thesportsdb.com/images/media/player/thumb/y5mi511565184892.jpg,https://r2.thesportsdb.com/images/media/player/cutout/59p2f91758815973.png,Spain,1995-06-18,Active,Male,Centre-Back,22.014801025390625,Hermoso,True,False,False,REVIEW_REQUIRED,TheSportsDB,https://www.thesportsdb.com/player/34167059,2026-09-14T07:26:39.164797+00:00
34146007,137154,Jordan Spence,_Free Agent Soccer,Soccer,https://r2.thesportsdb.com/images/media/player/thumb/0lxvkg1507039709.jpg,https://r2.thesportsdb.com/images/media/player/cutout/28006282.png,England,1990-05-24,Free Agent,Male,Right-Back,9.34225082397461,Spence,True,False,False,REVIEW_REQUIRED,TheSportsDB,https://www.thesportsdb.com/player/34146007,2026-09-14T07:26:41.374963+00:00
34196044,134782,Giorgio Scalvini,Atalanta,Soccer,https://r2.thesportsdb.com/images/media/player/thumb/hasaks1642935118.jpg,https://r2.thesportsdb.com/images/media/player/cutout/g116sb1695157494.png,Italy,2003-12-11,Active,Male,Centre-Back,29.06248664855957,Scalvini,True,False,False,REVIEW_REQUIRED,TheSportsDB,https://www.thesportsdb.com/player/34196044,2026-09-14T07:26:43.595653+00:00
34149283,137154,Ramon Azeez,_Free Agent Soccer,Soccer,https://r2.thesportsdb.com/images/media/player/thumb/0wy20n1605451217.jpg,https://r2.thesportsdb.com/images/media/player/cutout/9wf9ns1605451255.png,Nigeria,1992-12-12,Free Agent,Male,Midfielder,10.430286407470703,Ramon,True,False,False,REVIEW_REQUIRED,TheSportsDB,https://www.thesportsdb.com/player/34149283,2026-09-14T07:26:45.828810+00:00
34145518,133851,Nathaniel Chalobah,Charlton Athletic,Soccer,https://r2.thesportsdb.com/images/media/player/thumb/i1u3jp1509376013.jpg,https://r2.thesportsdb.com/images/media/player/cutout/tvfe5h1761336435.png,England,1994-12-12,Active,Male,Defensive Midfield,25.907421112060547,Chalobah T.,True,False,False,REVIEW_REQUIRED,TheSportsDB,https://www.thesportsdb.com/player/34145518,2026-09-14T07:26:48.163359+00:00
34145724,137154,Joseph Dodoo,_Free Agent Soccer,Soccer,https://r2.thesportsdb.com/images/media/player/thumb/xpyvxy1469528923.jpg,,England,1995-06-29,Free Agent,Male,Forward,18.918764114379883,Dodò,True,False,False,REVIEW_REQUIRED,TheSportsDB,https://www.thesportsdb.com/player/34145724,2026-09-14T07:26:50.407970+00:00
34190909,142001,Niko Vasquez,Mariachis de Guadalajara,Baseball,https://r2.thesportsdb.com/images/media/player/thumb/egcoj51625598933.jpg,,United States,1989-02-26,Active,Male,Third Base,12.321151733398438,Vasquez,True,False,False,REVIEW_REQUIRED,TheSportsDB,https://www.thesportsdb.com/player/34190909,2026-09-14T07:26:52.796574+00:00
34172276,134243,Mërgim Vojvoda,Como,Soccer,https://r2.thesportsdb.com/images/media/player/thumb/i8ke4j1611160765.jpg,https://r2.thesportsdb.com/images/media/player/cutout/mgfle31764278566.png,Kosovo,1995-02-01,Active,Male,Defender,22.933595657348633,Vojvoda,True,False,False,REVIEW_REQUIRED,TheSportsDB,https://www.thesportsdb.com/player/34172276,2026-09-14T07:26:55.029217+00:00
34145443,133605,Glen Kamara,Queens Park Rangers,Soccer,https://r2.thesportsdb.com/images/media/player/thumb/cjgre61724177120.jpg,https://r2.thesportsdb.com/images/media/player/cutout/7g51sn1788969094.png,Finland,1995-10-28,Active,Male,Central Midfield,14.04383659362793,Kamara H.,True,False,False,REVIEW_REQUIRED,TheSportsDB,https://www.thesportsdb.com/player/34145443,2026-09-14T07:26:57.246165+00:00
34148376,134782,Davide Zappacosta,Atalanta,Soccer,https://r2.thesportsdb.com/images/media/player/thumb/2zclsw1510591427.jpg,https://r2.thesportsdb.com/images/media/player/cutout/sofred1695157710.png,Italy,1992-06-11,Active,Male,Defender,25.907421112060547,Zappacosta,True,False,False,REVIEW_REQUIRED,TheSportsDB,https://www.thesportsdb.com/player/34148376,2026-09-14T07:26:59.469190+00:00
34159226,135181,Miranda,_Retired Soccer,Soccer,https://r2.thesportsdb.com/images/media/player/thumb/7ipfr01631315799.jpg,https://r2.thesportsdb.com/images/media/player/cutout/jyfxw41562597781.png,Brazil,1984-09-07,Retired,Male,Centre-Back,12.321151733398438,Miranda J.,True,False,False,REVIEW_REQUIRED,TheSportsDB,https://www.thesportsdb.com/player/34159226,2026-09-14T07:27:01.762817+00:00
34165652,133682,Zeki Çelik,Roma,Soccer,https://r2.thesportsdb.com/images/media/player/thumb/mqqhyw1737351973.jpg,https://r2.thesportsdb.com/images/media/player/cutout/b8hg8o1758816005.png,Turkey,1997-02-17,Active,Male,Right-Back,15.944235801696777,Celik,True,False,False,REVIEW_REQUIRED,TheSportsDB,https://www.thesportsdb.com/player/34165652,2026-09-14T07:27:03.989107+00:00
34174382,133676,Andrea Cambiaso,Juventus,Soccer,https://r2.thesportsdb.com/images/media/player/thumb/seted61630826525.jpg,https://r2.thesportsdb.com/images/media/player/cutout/6r741t1759225481.png,Italy,2000-02-20,Active,Male,Defender,29.06248664855957,Cambiaso,True,False,False,REVIEW_REQUIRED,TheSportsDB,https://www.thesportsdb.com/player/34174382,2026-09-14T07:27:06.200565+00:00
34164951,134690,Danilho Doekhi,Union Berlin,Soccer,https://r2.thesportsdb.com/images/media/player/thumb/ek3otf1548163138.jpg,https://r2.thesportsdb.com/images/media/player/cutout/a0uy571763641061.png,The Netherlands,1998-06-30,Active,Male,Defender,29.06248664855957,Doekhi,True,False,False,REVIEW_REQUIRED,TheSportsDB,https://www.thesportsdb.com/player/34164951,2026-09-14T07:27:08.700504+00:00
34280137,133678,Tiago Gabriel,Lecce,Soccer,https://r2.thesportsdb.com/images/media/player/thumb/ulir0v1759691693.jpg,https://r2.thesportsdb.com/images/media/player/cutout/ctvvyh1759652211.png,Portugal,2004-12-26,Retired,Male,Centre-Back,17.40126609802246,Tiago Gabriel,True,True,False,REVIEW_REQUIRED,TheSportsDB,https://www.thesportsdb.com/player/34280137,2026-09-14T07:27:10.910314+00:00
34226257,133667,Davide Bartesaghi,AC Milan,Soccer,https://r2.thesportsdb.com/images/media/player/thumb/5q6kwc1758893338.jpg,https://r2.thesportsdb.com/images/media/player/cutout/65the81758893372.png,Italy,2005-12-29,Active,Male,Left-Back,29.06248664855957,Bartesaghi,True,False,False,REVIEW_REQUIRED,TheSportsDB,https://www.thesportsdb.com/player/34226257,2026-09-14T07:27:13.116553+00:00
34164763,133670,Leonardo Spinazzola,Napoli,Soccer,https://r2.thesportsdb.com/images/media/player/thumb/kz7ult1771248856.jpg,https://r2.thesportsdb.com/images/media/player/cutout/qwkncg1764089685.png,Italy,1993-03-25,Active,Male,Left-Back,29.06248664855957,Spinazzola,True,False,False,REVIEW_REQUIRED,TheSportsDB,https://www.thesportsdb.com/player/34164763,2026-09-14T07:27:15.393351+00:00
34275190,135181,Enrico Delprato,_Retired-Soccer,Soccer,,,Italy,1999-11-10,Retired,Male,Right-Back,29.06248664855957,Delprato,True,False,False,REVIEW_REQUIRED,TheSportsDB,https://www.thesportsdb.com/player/34275190,2026-09-14T07:27:17.600707+00:00
34147177,137154,Valerio Verre,_Free Agent Soccer,Soccer,https://r2.thesportsdb.com/images/media/player/thumb/5v6jek1610565242.jpg,https://r2.thesportsdb.com/images/media/player/cutout/k62xjk1610546530.png,Italy,1994-01-11,Free Agent,Male,Midfielder,10.316856384277344,Valeri,True,False,False,REVIEW_REQUIRED,TheSportsDB,https://www.thesportsdb.com/player/34147177,2026-09-14T07:27:19.822040+00:00
34229676,133655,Konstantinos Koulierakis,Wolfsburg,Soccer,https://r2.thesportsdb.com/images/media/player/thumb/ln06gl1732225304.jpg,https://r2.thesportsdb.com/images/media/player/cutout/h9a8ov1763669363.png,Greece,2003-11-28,Active,Male,Centre-Back,29.06248664855957,Koulierakis,True,False,False,REVIEW_REQUIRED,TheSportsDB,https://www.thesportsdb.com/player/34229676,2026-09-14T07:27:22.331626+00:00
34228912,133674,Pietro Comuzzo,Fiorentina,Soccer,https://r2.thesportsdb.com/images/media/player/thumb/dl5r9u1724840270.jpg,https://r2.thesportsdb.com/images/media/player/cutout/2hm6uu1758891667.png,Italy,2005-02-20,Active,Male,Defender,29.06248664855957,Comuzzo,True,False,False,REVIEW_REQUIRED,TheSportsDB,https://www.thesportsdb.com/player/34228912,2026-09-14T07:27:24.776809+00:00
34179138,141098,Maxime Do Couto,Krasava Ypsonas,Soccer,,,France,1996-12-13,Active,Male,Left Wing,18.29290008544922,Couto,True,False,False,REVIEW_REQUIRED,TheSportsDB,https://www.thesportsdb.com/player/34179138,2026-09-14T07:27:26.998694+00:00
34175702,133711,Arthur Theate,Lille,Soccer,https://r2.thesportsdb.com/images/media/player/thumb/i3ftd91630160061.jpg,https://r2.thesportsdb.com/images/media/player/cutout/tr7ftn1762287457.png,Belgium,2000-05-25,Active,Male,Centre-Back,29.06248664855957,Theate,True,False,False,REVIEW_REQUIRED,TheSportsDB,https://www.thesportsdb.com/player/34175702,2026-09-14T07:27:29.231886+00:00
34170301,133807,Diego Carlos,Fenerbahçe,Soccer,https://r2.thesportsdb.com/images/media/player/thumb/w4rtz21710319664.jpg,https://r2.thesportsdb.com/images/media/player/cutout/u0hz4n1764278170.png,Brazil,1993-03-15,Active,Male,Centre-Back,13.024502754211426,Diego Carlos,True,True,False,REVIEW_REQUIRED,TheSportsDB,https://www.thesportsdb.com/player/34170301,2026-09-14T07:27:31.469042+00:00
34190548,134782,Isak Hien,Atalanta,Soccer,https://r2.thesportsdb.com/images/media/player/thumb/cet0p11778627200.jpg,https://r2.thesportsdb.com/images/media/player/cutout/ed5d0g1731837971.png,Sweden,1999-01-13,Active,Male,Defender,22.933595657348633,Hien,True,False,False,REVIEW_REQUIRED,TheSportsDB,https://www.thesportsdb.com/player/34190548,2026-09-14T07:27:33.758963+00:00
34172465,137609,Jeison Lucumí,Deportes Tolima,Soccer,https://r2.thesportsdb.com/images/media/player/thumb/bc23zo1603580773.jpg,https://r2.thesportsdb.com/images/media/player/cutout/e301la1603580805.png,Colombia,1995-04-08,Active,Male,Forward,21.27803611755371,Lucumì,True,False,False,REVIEW_REQUIRED,TheSportsDB,https://www.thesportsdb.com/player/34172465,2026-09-14T07:27:36.000858+00:00
34174568,134781,Nadir Zortea,Bologna,Soccer,https://r2.thesportsdb.com/images/media/player/thumb/go721a1638349826.jpg,https://r2.thesportsdb.com/images/media/player/cutout/0lkq3b1758896611.png,Italy,1999-06-19,Active,Male,Defender,25.907421112060547,Zortea,True,False,False,REVIEW_REQUIRED,TheSportsDB,https://www.thesportsdb.com/player/34174568,2026-09-14T07:27:38.291930+00:00
34149260,136020,Santiago Mina,Al Shabab,Soccer,https://r2.thesportsdb.com/images/media/player/thumb/c2ggsp1514398219.jpg,https://r2.thesportsdb.com/images/media/player/cutout/08oh8u1603553047.png,Spain,1995-12-07,Active,Male,Forward,10.76085090637207,Mina,True,False,False,REVIEW_REQUIRED,TheSportsDB,https://www.thesportsdb.com/player/34149260,2026-09-14T07:27:40.681890+00:00
34146081,138895,Gabriel Obertan,Charlotte Independence,Soccer,https://r2.thesportsdb.com/images/media/player/thumb/eb3rod1708946172.jpg,https://r2.thesportsdb.com/images/media/player/cutout/317yl61708946218.png,France,1989-02-26,Active,Male,Midfielder,20.141006469726562,Obert,True,False,False,REVIEW_REQUIRED,TheSportsDB,https://www.thesportsdb.com/player/34146081,2026-09-14T07:27:42.893563+00:00
34175845,133674,Radu Drăgușin,Fiorentina,Soccer,https://r2.thesportsdb.com/images/media/player/thumb/s3nvu61770893471.jpg,https://r2.thesportsdb.com/images/media/player/cutout/kxqm2l1770893403.png,Romania,2002-02-03,Active,Male,Centre-Back,29.06248664855957,Dragusin,True,False,False,REVIEW_REQUIRED,TheSportsDB,https://www.thesportsdb.com/player/34175845,2026-09-14T07:27:45.287653+00:00
34312434,147368,José Antonio Jiménez Jiménez,_Retired Boxing,Fighting,,,Spain,1952-11-11,Retired,Male,Boxer,20.4168643951416,Jimenez A.,True,False,False,REVIEW_REQUIRED,TheSportsDB,https://www.thesportsdb.com/player/34312434,2026-09-14T07:27:47.517057+00:00
34293789,135181,Gabriele Bracaglia,_Retired-Soccer,Soccer,,,Italy,2003-07-19,Retired,Male,Defender,29.06248664855957,Bracaglia,True,False,False,REVIEW_REQUIRED,TheSportsDB,https://www.thesportsdb.com/player/34293789,2026-09-14T07:27:49.735926+00:00
34154669,134837,John Tavares,Toronto Maple Leafs,Ice Hockey,https://r2.thesportsdb.com/images/media/player/thumb/sxsusa1547693467.jpg,https://r2.thesportsdb.com/images/media/player/cutout/9cvkhj1768389500.png,Canada,1990-09-20,Active,Male,Center,12.617515563964844,Tavares N.,True,False,False,REVIEW_REQUIRED,TheSportsDB,https://www.thesportsdb.com/player/34154669,2026-09-14T07:27:52.043898+00:00
34148117,137831,Manolo Gabbiadini,Al Nasr,Soccer,https://r2.thesportsdb.com/images/media/player/thumb/btjbam1509970213.jpg,https://r2.thesportsdb.com/images/media/player/cutout/oegt7j1679571106.png,Italy,1991-11-26,Active,Male,Forward,22.933595657348633,Gabbia,True,False,False,REVIEW_REQUIRED,TheSportsDB,https://www.thesportsdb.com/player/34148117,2026-09-14T07:27:54.268173+00:00
34178287,134097,Ricardo Mangas,Spartak Moscow,Soccer,https://r2.thesportsdb.com/images/media/player/thumb/gf05v71630491320.jpg,https://r2.thesportsdb.com/images/media/player/cutout/nlcau41755185271.png,Portugal,1998-03-19,Active,Male,Left-Back,25.907421112060547,Mangas,True,False,False,REVIEW_REQUIRED,TheSportsDB,https://www.thesportsdb.com/player/34178287,2026-09-14T07:27:56.486436+00:00
34195343,133701,Jay Idzes,Sassuolo,Soccer,https://r2.thesportsdb.com/images/media/player/thumb/yxy4zc1741949665.jpg,https://r2.thesportsdb.com/images/media/player/cutout/yxihq51764106031.png,Indonesia,2000-06-02,Active,Male,Central Midfield,29.06248664855957,Idzes,True,False,False,REVIEW_REQUIRED,TheSportsDB,https://www.thesportsdb.com/player/34195343,2026-09-14T07:27:58.693631+00:00
34152787,134124,Marcus Coco,Hapoel Tel-Aviv,Soccer,https://r2.thesportsdb.com/images/media/player/thumb/3tsd4e1549738598.jpg,https://r2.thesportsdb.com/images/media/player/cutout/vydtsq1681388718.png,France,1996-06-24,Active,Male,Midfielder,17.765146255493164,Coco,True,False,False,REVIEW_REQUIRED,TheSportsDB,https://www.thesportsdb.com/player/34152787,2026-09-14T07:28:01.011829+00:00
34172386,133687,Ardian Ismajli,Torino,Soccer,https://r2.thesportsdb.com/images/media/player/thumb/28gngn1700755240.jpg,https://r2.thesportsdb.com/images/media/player/cutout/4t6b4k1758813395.png,Albania,1996-09-30,Active,Male,Defender,25.907421112060547,Ismajli,True,False,False,REVIEW_REQUIRED,TheSportsDB,https://www.thesportsdb.com/player/34172386,2026-09-14T07:28:03.227647+00:00
34162174,137154,Loïc Badiashile,_Free Agent Soccer,Soccer,https://r2.thesportsdb.com/images/media/player/thumb/412oo31518285251.jpg,https://r2.thesportsdb.com/images/media/player/cutout/dwis9v1518285596.png,France,1998-02-05,Free Agent,Male,Goalkeeper,25.907421112060547,Badiashile,True,False,False,REVIEW_REQUIRED,TheSportsDB,https://www.thesportsdb.com/player/34162174,2026-09-14T07:28:05.445208+00:00
34169677,135294,Boško Šutalo,Cracovia,Soccer,https://r2.thesportsdb.com/images/media/player/thumb/m7ia601586273934.jpg,https://r2.thesportsdb.com/images/media/player/cutout/0bowlt1633528128.png,Croatia,2000-01-01,Active,Male,Centre-Back,25.907421112060547,Sutalo J.,True,False,False,REVIEW_REQUIRED,TheSportsDB,https://www.thesportsdb.com/player/34169677,2026-09-14T07:28:07.665814+00:00
34220638,134784,Rafik Belghali,Hellas Verona,Soccer,https://r2.thesportsdb.com/images/media/player/thumb/vfqhwg1759162273.jpg,https://r2.thesportsdb.com/images/media/player/cutout/zj4a661759162161.png,Algeria,2002-06-07,Active,Male,Right-Back,29.06248664855957,Belghali,True,False,False,REVIEW_REQUIRED,TheSportsDB,https://www.thesportsdb.com/player/34220638,2026-09-14T07:28:09.925719+00:00
34161349,134782,Sead Kolašinac,Atalanta,Soccer,https://r2.thesportsdb.com/images/media/player/thumb/kzf4g21510852753.jpg,https://r2.thesportsdb.com/images/media/player/cutout/ae2jmk1695157289.png,Bosnia and Herzegovina,1993-06-20,Active,Male,Defender,29.06248664855957,Kolasinac,True,False,False,REVIEW_REQUIRED,TheSportsDB,https://www.thesportsdb.com/player/34161349,2026-09-14T07:28:12.199177+00:00
34169675,134782,Raoul Bellanova,Atalanta,Soccer,https://r2.thesportsdb.com/images/media/player/thumb/j9eyt01586273492.jpg,https://r2.thesportsdb.com/images/media/player/cutout/ueud6b1762957228.png,Italy,2000-05-17,Active,Male,Defender,29.06248664855957,Bellanova,True,False,False,REVIEW_REQUIRED,TheSportsDB,https://www.thesportsdb.com/player/34169675,2026-09-14T07:28:15.283359+00:00
34242834,146676,Cameron Bernasconi,Greater Western Sydney Giants Women,Australian Football,https://r2.thesportsdb.com/images/media/player/thumb/gghy5r1718261677.jpg,,Australia,1992-07-11,Coaching,Male,Manager,22.933595657348633,Bernasconi,True,False,False,REVIEW_REQUIRED,TheSportsDB,https://www.thesportsdb.com/player/34242834,2026-09-14T07:28:17.502861+00:00
34226735,134781,Torbjørn Heggem,Bologna,Soccer,https://r2.thesportsdb.com/images/media/player/thumb/3zsl9f1717613261.jpg,https://r2.thesportsdb.com/images/media/player/cutout/1l1l641758897053.png,Norway,1999-01-12,Active,Male,Centre-Back,25.907421112060547,Heggem,True,False,False,REVIEW_REQUIRED,TheSportsDB,https://www.thesportsdb.com/player/34226735,2026-09-14T07:28:19.724943+00:00
34147040,138109,Holmbert Fridjonsson,Gwangju FC,Soccer,https://r2.thesportsdb.com/images/media/player/thumb/ajrujl1513015679.jpg,,Iceland,1993-04-19,Active,Male,Forward,9.404531478881836,Holm,True,False,False,REVIEW_REQUIRED,TheSportsDB,https://www.thesportsdb.com/player/34147040,2026-09-14T07:28:21.978759+00:00
34241432,134294,Kaiki,Cruzeiro,Soccer,https://r2.thesportsdb.com/images/media/player/thumb/bxu8tj1767454380.jpg,https://r2.thesportsdb.com/images/media/player/cutout/glj9od1767454348.png,Brazil,2003-03-08,Active,Male,Left-Back,29.06248664855957,Kaiki,True,True,False,REVIEW_REQUIRED,TheSportsDB,https://www.thesportsdb.com/player/34241432,2026-09-14T07:28:24.218965+00:00
34160663,134232,Jesús Vallejo,Albacete,Soccer,https://r2.thesportsdb.com/images/media/player/thumb/gmadm01531842105.jpg,https://r2.thesportsdb.com/images/media/player/cutout/t0da8h1787141060.png,Spain,1997-11-30,Free Agent,Male,Centre-Back,11.588521003723145,Valle,True,False,False,REVIEW_REQUIRED,TheSportsDB,https://www.thesportsdb.com/player/34160663,2026-09-14T07:28:26.439304+00:00
34296039,134288,Viery,Grêmio,Soccer,,,Brazil,2005-01-02,Active,Male,Defender,24.145843505859375,Viery,True,True,False,REVIEW_REQUIRED,TheSportsDB,https://www.thesportsdb.com/player/34296039,2026-09-14T07:28:28.913182+00:00
34220136,133818,Ilario Monterisi,Frosinone,Soccer,,https://r2.thesportsdb.com/images/media/player/cutout/7e57sp1697925494.png,Italy,2001-12-19,Active,Male,Defender,29.06248664855957,Monterisi,True,False,False,REVIEW_REQUIRED,TheSportsDB,https://www.thesportsdb.com/player/34220136,2026-09-14T07:28:31.136906+00:00
34220135,133818,Anthony Oyono,Frosinone,Soccer,https://r2.thesportsdb.com/images/media/player/thumb/83i4z91715848544.jpg,https://r2.thesportsdb.com/images/media/player/cutout/rlxk581715848611.png,Gabon,2001-04-12,Active,Male,Defender,24.145843505859375,Oyono A.,True,False,False,REVIEW_REQUIRED,TheSportsDB,https://www.thesportsdb.com/player/34220135,2026-09-14T07:28:33.631000+00:00
34229890,133675,Alessandro Marcandalli,Genoa,Soccer,https://r2.thesportsdb.com/images/media/player/thumb/ygl7p31741950296.jpg,https://r2.thesportsdb.com/images/media/player/cutout/wx8p5c1758989259.png,Italy,2002-10-25,Active,Male,Defender,29.06248664855957,Marcandalli,True,False,False,REVIEW_REQUIRED,TheSportsDB,https://www.thesportsdb.com/player/34229890,2026-09-14T07:28:35.865919+00:00
34163434,133681,Benjamin Pavard,Inter Milan,Soccer,https://r2.thesportsdb.com/images/media/player/thumb/36hwgb1660764260.jpg,https://r2.thesportsdb.com/images/media/player/cutout/d9p3381766153512.png,France,1996-03-28,Active,Male,Centre-Back,25.907421112060547,Pavard,True,False,False,REVIEW_REQUIRED,TheSportsDB,https://www.thesportsdb.com/player/34163434,2026-09-14T07:28:38.080820+00:00
34277337,135181,Carlos Augusto,_Retired-Soccer,Soccer,,,Brazil,1999-01-07,Retired,Male,Left-Back,18.572662353515625,Carlos Augusto,True,True,False,REVIEW_REQUIRED,TheSportsDB,https://www.thesportsdb.com/player/34277337,2026-09-14T07:28:40.372018+00:00
34164522,133668,Alfonso Pedraza,Lazio,Soccer,https://r2.thesportsdb.com/images/media/player/thumb/u72u2q1546539830.jpg,https://r2.thesportsdb.com/images/media/player/cutout/u56efu1762889072.png,Spain,1996-04-09,Active,Male,Left Wing,19.280559539794922,Pedraza,True,False,False,REVIEW_REQUIRED,TheSportsDB,https://www.thesportsdb.com/player/34164522,2026-09-14T07:28:42.607578+00:00
34153393,133668,Adam Marusic,Lazio,Soccer,https://r2.thesportsdb.com/images/media/player/thumb/tkw1bb1577125208.jpg,https://r2.thesportsdb.com/images/media/player/cutout/7iened1698231471.png,Montenegro,1992-10-17,Active,Male,Defender,22.933595657348633,Marusic,True,False,False,REVIEW_REQUIRED,TheSportsDB,https://www.thesportsdb.com/player/34153393,2026-09-14T07:28:44.833817+00:00
34174068,134114,Gabri Veiga,FC Porto,Soccer,https://r2.thesportsdb.com/images/media/player/thumb/0dt8kc1699132653.jpg,https://r2.thesportsdb.com/images/media/player/cutout/sfrp5w1750441360.png,Spain,2002-05-27,Active,Male,Central Midfield,17.5296573638916,Veiga D.,True,False,False,REVIEW_REQUIRED,TheSportsDB,https://www.thesportsdb.com/player/34174068,2026-09-14T07:28:47.086448+00:00
34145853,133836,Brendan Galloway,Plymouth Argyle,Soccer,https://r2.thesportsdb.com/images/media/player/thumb/h4gb5j1508861903.jpg,https://r2.thesportsdb.com/images/media/player/cutout/e3r22e1755674898.png,Zimbabwe,1996-03-17,Active,Male,Defender,13.000593185424805,Gallo,True,False,False,REVIEW_REQUIRED,TheSportsDB,https://www.thesportsdb.com/player/34145853,2026-09-14T07:28:49.537336+00:00
34160914,133667,Fikayo Tomori,AC Milan,Soccer,https://r2.thesportsdb.com/images/media/player/thumb/yxwruu1469436878.jpg,https://r2.thesportsdb.com/images/media/player/cutout/7a8yy11758893186.png,England,1997-12-19,Active,Male,Centre-Back,24.145843505859375,Tomori,True,False,False,REVIEW_REQUIRED,TheSportsDB,https://www.thesportsdb.com/player/34160914,2026-09-14T07:28:51.805598+00:00
34195013,133670,Sam Beukema,Napoli,Soccer,https://r2.thesportsdb.com/images/media/player/thumb/obq5cl1679157374.jpg,https://r2.thesportsdb.com/images/media/player/cutout/ohe2oz1764089427.png,The Netherlands,1998-11-17,Active,Male,Defender,29.06248664855957,Beukema,True,False,False,REVIEW_REQUIRED,TheSportsDB,https://www.thesportsdb.com/player/34195013,2026-09-14T07:28:54.056184+00:00
34174229,133670,Alessandro Buongiorno,Napoli,Soccer,https://r2.thesportsdb.com/images/media/player/thumb/4l687x1771246359.jpg,https://r2.thesportsdb.com/images/media/player/cutout/01fcb61762288142.png,Italy,1999-06-06,Active,Male,Centre-Back,29.06248664855957,Buongiorno,True,False,False,REVIEW_REQUIRED,TheSportsDB,https://www.thesportsdb.com/player/34174229,2026-09-14T07:28:56.286355+00:00
34152941,135181,Patrick Kristensen,_Retired Soccer,Soccer,https://r2.thesportsdb.com/images/media/player/thumb/89njh81654012153.jpg,https://r2.thesportsdb.com/images/media/player/cutout/934946.png,Denmark,1987-04-28,,Male,Defender,16.234739303588867,Kristensen T.,True,False,False,REVIEW_REQUIRED,TheSportsDB,https://www.thesportsdb.com/player/34152941,2026-09-14T07:28:58.504348+00:00
34235457,133687,Rafa Obrador,Torino,Soccer,https://r2.thesportsdb.com/images/media/player/thumb/oe81no1715619090.jpg,https://r2.thesportsdb.com/images/media/player/cutout/1evrpg1777707213.png,Spain,2004-02-24,Active,Male,Left-Back,24.145843505859375,Obrador,True,False,False,REVIEW_REQUIRED,TheSportsDB,https://www.thesportsdb.com/player/34235457,2026-09-14T07:29:00.876888+00:00
34279817,133674,Niccolò Fortini,Fiorentina,Soccer,https://r2.thesportsdb.com/images/media/player/thumb/2yswhm1758892336.jpg,https://r2.thesportsdb.com/images/media/player/cutout/n5zqco1758891721.png,Italy,2006-02-13,Retired,Male,Left-Back,29.06248664855957,Fortini,True,False,False,REVIEW_REQUIRED,TheSportsDB,https://www.thesportsdb.com/player/34279817,2026-09-14T07:29:03.167700+00:00
34183213,133779,Tobe Leysen,Genk,Soccer,https://r2.thesportsdb.com/images/media/player/thumb/89a34n1717949091.jpg,https://r2.thesportsdb.com/images/media/player/cutout/dihuq71767272474.png,Belgium,2002-03-09,Active,Male,Goalkeeper,24.145843505859375,Leysen F.,True,False,False,REVIEW_REQUIRED,TheSportsDB,https://www.thesportsdb.com/player/34183213,2026-09-14T07:29:05.612382+00:00
34164923,133707,Leonardo Balerdi,Marseille,Soccer,https://r2.thesportsdb.com/images/media/player/thumb/yos9we1780010091.jpg,https://r2.thesportsdb.com/images/media/player/cutout/qmafbd1766151863.png,Argentina,1999-01-26,Active,Male,Centre-Back,25.907421112060547,Balerdi,True,False,False,REVIEW_REQUIRED,TheSportsDB,https://www.thesportsdb.com/player/34164923,2026-09-14T07:29:08.057173+00:00
34172218,133713,Duje Ćaleta-Car,Lyon,Soccer,https://r2.thesportsdb.com/images/media/player/thumb/2sa26d1603836531.jpg,https://r2.thesportsdb.com/images/media/player/cutout/625eso1762709855.png,Croatia,1996-09-17,Active,Male,Centre-Back,32.4813232421875,Caleta-Car,True,False,False,REVIEW_REQUIRED,TheSportsDB,https://www.thesportsdb.com/player/34172218,2026-09-14T07:29:10.301479+00:00
34170380,134783,Yukinari Sugawara,Cagliari,Soccer,https://r2.thesportsdb.com/images/media/player/thumb/2a85n91679158480.jpg,https://r2.thesportsdb.com/images/media/player/cutout/9znmfg1763666295.png,Japan,2000-06-28,Active,Male,Right-Back,24.145843505859375,Sugawara,True,False,False,REVIEW_REQUIRED,TheSportsDB,https://www.thesportsdb.com/player/34170380,2026-09-14T07:29:12.512521+00:00
34175511,135181,Alexander Kofler,_Retired Soccer,Soccer,,,Austria,1986-11-06,Retired,Male,Goalkeeper,21.27803611755371,Kofler,True,False,False,REVIEW_REQUIRED,TheSportsDB,https://www.thesportsdb.com/player/34175511,2026-09-14T07:29:14.737643+00:00
34146369,133668,Pedro,Lazio,Soccer,https://r2.thesportsdb.com/images/media/player/thumb/l9xmht1510590221.jpg,https://r2.thesportsdb.com/images/media/player/cutout/1249qj1698231526.png,Spain,1987-07-28,Active,Male,Forward,7.303741455078125,Zè Pedro,True,False,False,REVIEW_REQUIRED,TheSportsDB,https://www.thesportsdb.com/player/34146369,2026-09-14T07:29:17.039483+00:00
34154969,134243,Marc-Oliver Kempf,Como,Soccer,https://r2.thesportsdb.com/images/media/player/thumb/935toz1541086409.jpg,https://r2.thesportsdb.com/images/media/player/cutout/m0scmx1764278311.png,Germany,1995-01-28,Active,Male,Centre-Back,21.27803611755371,Kempf,True,False,False,REVIEW_REQUIRED,TheSportsDB,https://www.thesportsdb.com/player/34154969,2026-09-14T07:29:19.304088+00:00
34434467,133674,Víctor Valdepeñas,Fiorentina,Soccer,https://r2.thesportsdb.com/images/media/player/thumb/vsr1bo1775299872.jpg,https://r2.thesportsdb.com/images/media/player/cutout/ud6jy61775299861.png,Spain,2006-10-20,Active,Male,Centre-Back,29.06248664855957,Valdepenas,True,False,False,REVIEW_REQUIRED,TheSportsDB,https://www.thesportsdb.com/player/34434467,2026-09-14T07:29:21.517626+00:00
34222394,134675,Simone Calvani,Pontedera,Soccer,https://r2.thesportsdb.com/images/media/player/thumb/tg4urw1697973018.jpg,https://r2.thesportsdb.com/images/media/player/cutout/u91wpo1697975395.png,Italy,2005-05-16,Active,Male,Goalkeeper,25.907421112060547,Calvani,True,False,False,REVIEW_REQUIRED,TheSportsDB,https://www.thesportsdb.com/player/34222394,2026-09-14T07:29:23.847005+00:00
34168588,135492,Kelly Kelly,_Retired WWE,Fighting,https://r2.thesportsdb.com/images/media/player/thumb/ljnlu81575307994.jpg,https://r2.thesportsdb.com/images/media/player/cutout/xg23dn1575307996.png,United States,1987-01-15,,Female,Wrestler,16.9809513092041,Kelly L.,True,False,False,REVIEW_REQUIRED,TheSportsDB,https://www.thesportsdb.com/player/34168588,2026-09-14T07:29:26.079120+00:00
34149745,137154,Mario Gaspar,_Free Agent Soccer,Soccer,https://r2.thesportsdb.com/images/media/player/thumb/q122qe1546538279.jpg,https://r2.thesportsdb.com/images/media/player/cutout/mi86tg1603580977.png,Spain,1990-11-24,Free Agent,Male,Centre-Back,13.899516105651855,Gaspar K.,True,False,False,REVIEW_REQUIRED,TheSportsDB,https://www.thesportsdb.com/player/34149745,2026-09-14T07:29:28.293530+00:00
34155680,137154,Yves de Winter,_Free Agent Soccer,Soccer,,https://r2.thesportsdb.com/images/media/player/cutout/18003751.png,Belgium,1987-05-25,Free Agent,Male,Goalkeeper,13.269811630249023,De Winter,True,False,False,REVIEW_REQUIRED,TheSportsDB,https://www.thesportsdb.com/player/34155680,2026-09-14T07:29:30.600636+00:00
34148466,135181,Ruben Olivera,_Retired Soccer,Soccer,,https://r2.thesportsdb.com/images/media/player/cutout/128001.png,Uruguay,1983-05-04,,Male,Midfielder,16.390682220458984,Olivera,True,False,False,REVIEW_REQUIRED,TheSportsDB,https://www.thesportsdb.com/player/34148466,2026-09-14T07:29:32.830253+00:00
34220191,133682,Daniele Ghilardi,Roma,Soccer,https://r2.thesportsdb.com/images/media/player/thumb/b8cwk91697128562.jpg,https://r2.thesportsdb.com/images/media/player/cutout/0j4b8v1758815751.png,Italy,2003-01-06,Active,Male,Defender,29.06248664855957,Ghilardi,True,False,False,REVIEW_REQUIRED,TheSportsDB,https://www.thesportsdb.com/player/34220191,2026-09-14T07:29:35.040966+00:00
34173802,133701,Josh Doig,Sassuolo,Soccer,https://r2.thesportsdb.com/images/media/player/thumb/4hq9p31615235932.jpg,https://r2.thesportsdb.com/images/media/player/cutout/nfi4rj1764105987.png,Scotland,2002-05-18,Active,Male,Defender,22.014801025390625,Doig,True,False,False,REVIEW_REQUIRED,TheSportsDB,https://www.thesportsdb.com/player/34173802,2026-09-14T07:29:37.255997+00:00
34174733,134784,Armel Bella-Kotchap,Hellas Verona,Soccer,https://r2.thesportsdb.com/images/media/player/thumb/c5va6x1655906287.jpg,https://r2.thesportsdb.com/images/media/player/cutout/cg20lp1759162297.png,Germany,2001-12-11,Active,Male,Centre-Back,42.332298278808594,Bella-Kotchap,True,False,False,REVIEW_REQUIRED,TheSportsDB,https://www.thesportsdb.com/player/34174733,2026-09-14T07:29:39.513423+00:00
34146359,135181,Adriano Correia,_Retired Soccer,Soccer,https://r2.thesportsdb.com/images/media/player/thumb/aeq7t81518288671.jpg,https://r2.thesportsdb.com/images/media/player/cutout/2zgi9c1518383810.png,Brazil,1984-10-26,,Male,Defender,13.159012794494629,Correia T.,True,False,False,REVIEW_REQUIRED,TheSportsDB,https://www.thesportsdb.com/player/34146359,2026-09-14T07:29:41.741500+00:00
34155687,134234,Ridgeciano Haps,Venezia,Soccer,https://r2.thesportsdb.com/images/media/player/thumb/oa95jv1633199994.jpg,https://r2.thesportsdb.com/images/media/player/cutout/ldxg2k1697975905.png,Suriname,1993-06-12,Active,Male,Defender,25.907421112060547,Haps,True,False,False,REVIEW_REQUIRED,TheSportsDB,https://www.thesportsdb.com/player/34155687,2026-09-14T07:29:43.963771+00:00
34146833,135181,Caleb Patterson-Sewell,_Retired Soccer,Soccer,https://r2.thesportsdb.com/images/media/player/thumb/q62a3g1547818709.jpg,,Portugal,1987-05-20,,Male,Goalkeeper,11.498632431030273,Patterson,True,False,False,REVIEW_REQUIRED,TheSportsDB,https://www.thesportsdb.com/player/34146833,2026-09-14T07:29:46.182655+00:00
34145747,137154,Jay Rodriguez,_Free Agent Soccer,Soccer,https://r2.thesportsdb.com/images/media/player/thumb/r6vlwa1545242094.jpg,https://r2.thesportsdb.com/images/media/player/cutout/0ml2zi1761148957.png,England,1989-07-29,Free Agent,Male,Centre-Forward,6.698725700378418,Rodriguez R.,True,False,False,REVIEW_REQUIRED,TheSportsDB,https://www.thesportsdb.com/player/34145747,2026-09-14T07:29:48.487580+00:00
34171312,134782,Odilon Kossounou,Atalanta,Soccer,https://r2.thesportsdb.com/images/media/player/thumb/qx8rn71623838893.jpg,https://r2.thesportsdb.com/images/media/player/cutout/p876cf1764331393.png,Ivory Coast,2001-01-04,Active,Male,Centre-Back,29.06248664855957,Kossounou,True,False,False,REVIEW_REQUIRED,TheSportsDB,https://www.thesportsdb.com/player/34171312,2026-09-14T07:29:51.049304+00:00
34179096,134781,Martin Vitík,Bologna,Soccer,https://r2.thesportsdb.com/images/media/player/thumb/r328gs1717654111.jpg,https://r2.thesportsdb.com/images/media/player/cutout/xzer651758896676.png,Czechia,2003-01-21,Active,Male,Centre-Back,29.06248664855957,Vitik,True,False,False,REVIEW_REQUIRED,TheSportsDB,https://www.thesportsdb.com/player/34179096,2026-09-14T07:29:53.461886+00:00
34145747,137154,Jay Rodriguez,_Free Agent Soccer,Soccer,https://r2.thesportsdb.com/images/media/player/thumb/r6vlwa1545242094.jpg,https://r2.thesportsdb.com/images/media/player/cutout/0ml2zi1761148957.png,England,1989-07-29,Free Agent,Male,Centre-Forward,6.698725700378418,Rodriguez Ju.,True,False,False,REVIEW_REQUIRED,TheSportsDB,https://www.thesportsdb.com/player/34145747,2026-09-14T07:29:55.829495+00:00
34200615,138951,Hrvoje Smolčić,Çorum,Soccer,https://r2.thesportsdb.com/images/media/player/thumb/kurloi1678368697.jpg,https://r2.thesportsdb.com/images/media/player/cutout/v447t01678368713.png,Croatia,2000-08-17,Active,Male,Centre-Back,25.907421112060547,Smolcic I.,True,False,False,REVIEW_REQUIRED,TheSportsDB,https://www.thesportsdb.com/player/34200615,2026-09-14T07:29:58.047868+00:00
34169590,133674,Marin Pongračić,Fiorentina,Soccer,https://r2.thesportsdb.com/images/media/player/thumb/3tfxp51585496031.jpg,https://r2.thesportsdb.com/images/media/player/cutout/siq0vs1758892100.png,Croatia,1997-09-11,Active,Male,Centre-Back,29.06248664855957,Pongracic,True,False,False,REVIEW_REQUIRED,TheSportsDB,https://www.thesportsdb.com/player/34169590,2026-09-14T07:30:00.281680+00:00
34174383,133674,Fabiano Parisi,Fiorentina,Soccer,https://r2.thesportsdb.com/images/media/player/thumb/78ovwa1632383773.jpg,https://r2.thesportsdb.com/images/media/player/cutout/xj0yr01758892077.png,Italy,2000-11-09,Active,Male,Defender,18.918764114379883,Parisi,True,False,False,REVIEW_REQUIRED,TheSportsDB,https://www.thesportsdb.com/player/34174383,2026-09-14T07:30:04.394983+00:00
34219660,134640,Leonardo Cittadini,Shanghai Port,Soccer,,,Brazil,1994-02-27,Active,Male,Midfielder,22.933595657348633,Cittadini,True,False,False,REVIEW_REQUIRED,TheSportsDB,https://www.thesportsdb.com/player/34219660,2026-09-14T07:30:06.627498+00:00
34225232,136018,Mario Mitaj,Al-Ittihad,Soccer,https://r2.thesportsdb.com/images/media/player/thumb/h7ibo51700759226.jpg,https://r2.thesportsdb.com/images/media/player/cutout/4s6lck1716833460.png,Albania,2003-08-06,Active,Male,Left-Back,29.06248664855957,Mitaj,True,False,False,REVIEW_REQUIRED,TheSportsDB,https://www.thesportsdb.com/player/34225232,2026-09-14T07:30:09.048941+00:00
34174543,134680,Riccardo Gatti,Casertana,Soccer,,,Italy,1997-03-30,Active,Male,Centre-Back,17.103939056396484,Gatti,True,False,False,REVIEW_REQUIRED,TheSportsDB,https://www.thesportsdb.com/player/34174543,2026-09-14T07:30:11.384482+00:00
34220820,133668,Oliver Provstgaard Nielsen,Lazio,Soccer,https://r2.thesportsdb.com/images/media/player/thumb/a5pjfi1702588013.jpg,https://r2.thesportsdb.com/images/media/player/cutout/0qpouy1759646513.png,Denmark,2003-06-04,Active,Male,Defender,25.907421112060547,Provstgaard,True,False,False,REVIEW_REQUIRED,TheSportsDB,https://www.thesportsdb.com/player/34220820,2026-09-14T07:30:13.648510+00:00
34245761,133668,Romano Floriani Mussolini,Lazio,Soccer,https://r2.thesportsdb.com/images/media/player/thumb/7huzv71758887289.jpg,https://r2.thesportsdb.com/images/media/player/cutout/8w4iyi1758886400.png,Italy,2003-01-27,Active,Male,Defender,48.84101867675781,Floriani Mussolini,True,False,False,REVIEW_REQUIRED,TheSportsDB,https://www.thesportsdb.com/player/34245761,2026-09-14T07:30:15.970965+00:00
34231111,133678,Jamil Siebert,Lecce,Soccer,https://r2.thesportsdb.com/images/media/player/thumb/hnpzdp1759693796.jpg,https://r2.thesportsdb.com/images/media/player/cutout/7rt5hb1759693601.png,Germany,2002-04-02,Active,Male,Defender,21.27803611755371,Siebert,True,False,False,REVIEW_REQUIRED,TheSportsDB,https://www.thesportsdb.com/player/34231111,2026-09-14T07:30:18.209792+00:00
34172007,135181,Alessandro Birindelli,_Retired Soccer,Soccer,,,Italy,1974-11-12,,Male,Full-back,25.907421112060547,Birindelli,True,False,False,REVIEW_REQUIRED,TheSportsDB,https://www.thesportsdb.com/player/34172007,2026-09-14T07:30:20.465905+00:00
34147667,135181,Valentin Gjokaj,_Retired Soccer,Soccer,https://r2.thesportsdb.com/images/media/player/thumb/eiouxh1488278598.jpg,,Albania,1993-08-23,,Male,Defender,8.62975788116455,Valenti,True,False,False,REVIEW_REQUIRED,TheSportsDB,https://www.thesportsdb.com/player/34147667,2026-09-14T07:30:22.760607+00:00
34175798,133682,Devyne Rensch,Roma,Soccer,https://r2.thesportsdb.com/images/media/player/thumb/hkayou1610639546.jpg,https://r2.thesportsdb.com/images/media/player/cutout/eioup51758816339.png,The Netherlands,2003-01-18,Active,Male,Right-Back,29.06248664855957,Rensch,True,False,False,REVIEW_REQUIRED,TheSportsDB,https://www.thesportsdb.com/player/34175798,2026-09-14T07:30:24.982369+00:00
34169424,133701,Sebastian Walukiewicz,Sassuolo,Soccer,https://r2.thesportsdb.com/images/media/player/thumb/a5ss3f1607352233.jpg,https://r2.thesportsdb.com/images/media/player/cutout/1jmkqz1764106519.png,Poland,2000-04-05,Active,Male,Defender,29.06248664855957,Walukiewicz,True,False,False,REVIEW_REQUIRED,TheSportsDB,https://www.thesportsdb.com/player/34169424,2026-09-14T07:30:27.398004+00:00
34181131,137154,Eray Cömert,_Free Agent Soccer,Soccer,https://r2.thesportsdb.com/images/media/player/thumb/2y3kec1622890244.jpg,https://r2.thesportsdb.com/images/media/player/cutout/i8talq1762864103.png,Switzerland,1998-02-04,Free Agent,Male,Centre-Back,29.06248664855957,Comert,True,False,False,REVIEW_REQUIRED,TheSportsDB,https://www.thesportsdb.com/player/34181131,2026-09-14T07:30:29.635134+00:00
34153361,133679,Christian Kabasele,Udinese,Soccer,https://r2.thesportsdb.com/images/media/player/thumb/rhfw1q1509375216.jpg,https://r2.thesportsdb.com/images/media/player/cutout/3ze59q1764172362.png,Belgium,1991-02-24,Active,Male,Defender,25.907421112060547,Kabasele,True,False,False,REVIEW_REQUIRED,TheSportsDB,https://www.thesportsdb.com/player/34153361,2026-09-14T07:30:31.843899+00:00
34147147,133802,Andrea Bertolacci,Kayserispor,Soccer,https://r2.thesportsdb.com/images/media/player/thumb/r5zdf71520099092.jpg,https://r2.thesportsdb.com/images/media/player/cutout/43028376.png,Italy,1991-01-11,Active,Male,Midfielder,22.933595657348633,Bertola,True,False,False,REVIEW_REQUIRED,TheSportsDB,https://www.thesportsdb.com/player/34147147,2026-09-14T07:30:34.132667+00:00
34193291,133679,Alessandro Zanoli,Udinese,Soccer,https://r2.thesportsdb.com/images/media/player/thumb/uswecx1631195751.jpg,https://r2.thesportsdb.com/images/media/player/cutout/hfjxfr1764172621.png,Italy,2000-10-03,Active,Male,Defender,25.907421112060547,Zanoli,True,False,False,REVIEW_REQUIRED,TheSportsDB,https://www.thesportsdb.com/player/34193291,2026-09-14T07:30:36.359984+00:00
34198292,141063,José Arizala,Cortuluá,Soccer,,,Colombia,1996-12-27,Active,Male,Midfielder,21.27803611755371,Arizala,True,False,False,REVIEW_REQUIRED,TheSportsDB,https://www.thesportsdb.com/player/34198292,2026-09-14T07:30:38.581183+00:00
34436323,138201,Andrés Moreno Moreno,Guabirá,Soccer,,,Bolivia,2002-10-09,,Male,Defender,19.09537696838379,Moreno M.,True,False,False,REVIEW_REQUIRED,TheSportsDB,https://www.thesportsdb.com/player/34436323,2026-09-14T07:30:40.851594+00:00
34236865,134234,Antoine Hainaut,Venezia,Soccer,https://r2.thesportsdb.com/images/media/player/thumb/yg9jf41718882463.jpg,https://r2.thesportsdb.com/images/media/player/cutout/shj15b1718882502.png,France,2002-02-18,,Male,Central Midfield,29.06248664855957,Hainaut,True,False,False,REVIEW_REQUIRED,TheSportsDB,https://www.thesportsdb.com/player/34236865,2026-09-14T07:30:43.194742+00:00
34169432,137154,Aleksa Terzić,_Free Agent Soccer,Soccer,https://r2.thesportsdb.com/images/media/player/thumb/idis9l1632410788.jpg,https://r2.thesportsdb.com/images/media/player/cutout/8un0xc1769722219.png,Serbia,1999-08-17,Free Agent,Male,Defender,22.014801025390625,Terzic,True,False,False,REVIEW_REQUIRED,TheSportsDB,https://www.thesportsdb.com/player/34169432,2026-09-14T07:30:45.570918+00:00
34236490,134223,Costantino Favasuli,Catanzaro,Soccer,,,Italy,2004-04-26,,Male,Midfielder,29.06248664855957,Favasuli,True,False,False,REVIEW_REQUIRED,TheSportsDB,https://www.thesportsdb.com/player/34236490,2026-09-14T07:30:47.814647+00:00
34147063,133670,Juan Jesus,Napoli,Soccer,https://r2.thesportsdb.com/images/media/player/thumb/0vijki1771246595.jpg,https://r2.thesportsdb.com/images/media/player/cutout/fo8qyc1764089490.png,Brazil,1991-06-10,Active,Male,Defender,14.041458129882812,Juan Jesus,True,True,False,REVIEW_REQUIRED,TheSportsDB,https://www.thesportsdb.com/player/34147063,2026-09-14T07:30:50.038542+00:00
34169146,133679,Kingsley Ehizibue,Udinese,Soccer,https://r2.thesportsdb.com/images/media/player/thumb/6izw9g1585495093.jpg,https://r2.thesportsdb.com/images/media/player/cutout/qegmhj1764172315.png,The Netherlands,1995-05-25,Active,Male,Right-Back,29.06248664855957,Ehizibue,True,False,False,REVIEW_REQUIRED,TheSportsDB,https://www.thesportsdb.com/player/34169146,2026-09-14T07:30:52.294468+00:00
34174376,134781,Nicolò Casale,Bologna,Soccer,https://r2.thesportsdb.com/images/media/player/thumb/5y70431631719906.jpg,https://r2.thesportsdb.com/images/media/player/cutout/eengna1758896987.png,Italy,1998-02-14,Active,Male,Defender,24.145843505859375,Casale,True,False,False,REVIEW_REQUIRED,TheSportsDB,https://www.thesportsdb.com/player/34174376,2026-09-14T07:30:54.619924+00:00
34237283,135723,Håkon Helland Hoseth,KFUM-Kameratene Oslo,Soccer,https://r2.thesportsdb.com/images/media/player/thumb/6u8o5h1779780803.jpg,,Norway,1999-03-19,Active,Male,Right Midfield,25.907421112060547,Helland,True,False,False,REVIEW_REQUIRED,TheSportsDB,https://www.thesportsdb.com/player/34237283,2026-09-14T07:30:57.281113+00:00
34170370,134191,Oussama Idrissi,Pachuca,Soccer,https://r2.thesportsdb.com/images/media/player/thumb/ixxo6b1612866735.jpg,https://r2.thesportsdb.com/images/media/player/cutout/j9upir1679239802.png,Morocco,1996-02-26,Active,Male,Left Wing,19.280559539794922,Idrissi R.,True,False,False,REVIEW_REQUIRED,TheSportsDB,https://www.thesportsdb.com/player/34170370,2026-09-14T07:30:59.599135+00:00
34165477,135181,Claudio Ranieri,_Retired Soccer,Soccer,https://r2.thesportsdb.com/images/media/player/thumb/bd90481549368495.jpg,,Italy,1951-10-20,Retired,Male,Defender,20.141006469726562,Ranieri L.,True,False,False,REVIEW_REQUIRED,TheSportsDB,https://www.thesportsdb.com/player/34165477,2026-09-14T07:31:02.000345+00:00
34191431,133794,João Mário,Beşiktaş,Soccer,https://r2.thesportsdb.com/images/media/player/thumb/0g2ybx1632996268.jpg,https://r2.thesportsdb.com/images/media/player/cutout/fc2hqy1632996322.png,Portugal,1993-01-19,Active,Male,Midfielder,15.7034912109375,Joao Mario,True,True,False,REVIEW_REQUIRED,TheSportsDB,https://www.thesportsdb.com/player/34191431,2026-09-14T07:31:04.230790+00:00
34155135,133657,Kevin Akpoguma,Hoffenheim,Soccer,https://r2.thesportsdb.com/images/media/player/thumb/6t2pep1578088910.jpg,https://r2.thesportsdb.com/images/media/player/cutout/rbif1m1763487053.png,Germany,1995-04-19,Active,Male,Defender,29.06248664855957,Akpoguma,True,False,False,REVIEW_REQUIRED,TheSportsDB,https://www.thesportsdb.com/player/34155135,2026-09-14T07:31:06.541762+00:00
34170297,133667,Pervis Estupiñán,AC Milan,Soccer,https://r2.thesportsdb.com/images/media/player/thumb/vuzi4g1604867431.jpg,https://r2.thesportsdb.com/images/media/player/cutout/qc2kib1758892363.png,Ecuador,1998-01-21,Active,Male,Left-Back,19.684492111206055,Estupinan,True,False,False,REVIEW_REQUIRED,TheSportsDB,https://www.thesportsdb.com/player/34170297,2026-09-14T07:31:08.785950+00:00
34166266,135258,Joey Lucchesi,Los Angeles Angels,Baseball,https://r2.thesportsdb.com/images/media/player/thumb/6hyzqa1552251770.jpg,https://r2.thesportsdb.com/images/media/player/cutout/fndq8t1774443950.png,United States,1993-06-06,Active,Male,Pitcher,24.145843505859375,Lucchesi,True,False,False,REVIEW_REQUIRED,TheSportsDB,https://www.thesportsdb.com/player/34166266,2026-09-14T07:31:11.003760+00:00
34230346,137832,Kouame Autonne Kouadio,Al Ain,Soccer,https://r2.thesportsdb.com/images/media/player/thumb/ymc4jn1749944700.jpg,https://r2.thesportsdb.com/images/media/player/cutout/x3vmjo1750753547.png,United Arab Emirates,2000-09-22,Active,Male,Centre-Back,18.018627166748047,Kouadio,True,False,False,REVIEW_REQUIRED,TheSportsDB,https://www.thesportsdb.com/player/34230346,2026-09-14T07:31:13.356898+00:00
34148290,135181,Werther Carboni,_Retired Soccer,Soccer,,,Italy,1996-04-04,,Male,Goalkeeper,20.664892196655273,Carboni A.,True,False,False,REVIEW_REQUIRED,TheSportsDB,https://www.thesportsdb.com/player/34148290,2026-09-14T07:31:15.692685+00:00
34238056,135728,Mariano Troilo,Parma,Soccer,https://r2.thesportsdb.com/images/media/player/thumb/yqhbbc1764344169.jpg,https://r2.thesportsdb.com/images/media/player/cutout/kxblpz1759780963.png,Argentina,2003-06-22,Active,Male,Centre-Back,29.06248664855957,Troilo,True,False,False,REVIEW_REQUIRED,TheSportsDB,https://www.thesportsdb.com/player/34238056,2026-09-14T07:31:17.906607+00:00
34303316,135728,Sascha Britschgi,Parma,Soccer,https://r2.thesportsdb.com/images/media/player/thumb/yjnyic1764341604.jpg,https://r2.thesportsdb.com/images/media/player/cutout/wv6q5g1759779757.png,Switzerland,2006-08-27,Active,Male,Defender,29.06248664855957,Britschgi,True,False,False,REVIEW_REQUIRED,TheSportsDB,https://www.thesportsdb.com/player/34303316,2026-09-14T07:31:20.173706+00:00
34146763,133798,Daniel Candeias,Gençlerbirliği,Soccer,https://r2.thesportsdb.com/images/media/player/thumb/g603ih1549299583.jpg,,Portugal,1988-02-25,Active,Male,Midfielder,15.553600311279297,Candè,True,False,False,REVIEW_REQUIRED,TheSportsDB,https://www.thesportsdb.com/player/34146763,2026-09-14T07:31:22.413202+00:00
34148380,143905,Antonio Palma,Alcione,Soccer,,,Italy,1994-01-03,Active,Male,Central Midfield,15.808496475219727,Palma,True,False,False,REVIEW_REQUIRED,TheSportsDB,https://www.thesportsdb.com/player/34148380,2026-09-14T07:31:24.653022+00:00
34193663,133687,Enzo Ebosse,Torino,Soccer,https://r2.thesportsdb.com/images/media/player/thumb/7xg0z21653404724.jpg,https://r2.thesportsdb.com/images/media/player/cutout/583adc1777706743.png,Cameroon,1999-03-11,Active,Male,Centre-Back,29.06248664855957,Ebosse,True,False,False,REVIEW_REQUIRED,TheSportsDB,https://www.thesportsdb.com/player/34193663,2026-09-14T07:31:26.988389+00:00
34250993,133787,Redouane Halhal,Mechelen,Soccer,https://r2.thesportsdb.com/images/media/player/thumb/jxdwvn1767358699.jpg,https://r2.thesportsdb.com/images/media/player/cutout/95ib9y1767362287.png,Morocco,2003-03-05,Active,Male,Centre-Back,29.06248664855957,Halhal,True,False,False,REVIEW_REQUIRED,TheSportsDB,https://www.thesportsdb.com/player/34250993,2026-09-14T07:31:29.200781+00:00
34220652,134234,Joël Schingtienne,Venezia,Soccer,https://r2.thesportsdb.com/images/media/player/thumb/wprljp1741954533.jpg,,Belgium,2002-08-14,Active,Male,Defender,29.06248664855957,Schingtienne,True,False,False,REVIEW_REQUIRED,TheSportsDB,https://www.thesportsdb.com/player/34220652,2026-09-14T07:31:31.427045+00:00
34195005,134234,Marin Šverko,Venezia,Soccer,https://r2.thesportsdb.com/images/media/player/thumb/lww12j1741954749.jpg,,Croatia,1998-02-04,Active,Male,Centre-Back,29.06248664855957,Sverko,True,False,False,REVIEW_REQUIRED,TheSportsDB,https://www.thesportsdb.com/player/34195005,2026-09-14T07:31:33.654995+00:00
34149146,141634,Ivan Franjic,Heidelberg United FC,Soccer,https://r2.thesportsdb.com/images/media/player/thumb/y9wxoq1547131630.jpg,https://r2.thesportsdb.com/images/media/player/cutout/15004535.png,Australia,1987-09-10,Active,Male,Right-Back,25.907421112060547,Franjic,True,False,False,REVIEW_REQUIRED,TheSportsDB,https://www.thesportsdb.com/player/34149146,2026-09-14T07:31:35.963554+00:00
34193518,133688,Cas Odenthal,Bari,Soccer,https://r2.thesportsdb.com/images/media/player/thumb/o9w4551718965009.jpg,https://r2.thesportsdb.com/images/media/player/cutout/lmxg3p1764106152.png,The Netherlands,2000-09-26,Active,Male,Centre-Back,29.06248664855957,Odenthal,True,False,False,REVIEW_REQUIRED,TheSportsDB,https://www.thesportsdb.com/player/34193518,2026-09-14T07:31:38.180436+00:00
34200122,133709,Enzo Tchato,Montpellier,Soccer,https://r2.thesportsdb.com/images/media/player/thumb/n58db51674742107.jpg,https://r2.thesportsdb.com/images/media/player/cutout/g7hu2t1674742125.png,Cameroon,2002-11-23,Active,Male,Centre-Back,25.907421112060547,Tchato,True,False,False,REVIEW_REQUIRED,TheSportsDB,https://www.thesportsdb.com/player/34200122,2026-09-14T07:31:40.422903+00:00
34226514,133740,Willy Kambwala,Villarreal,Soccer,https://r2.thesportsdb.com/images/media/player/thumb/8gta4f1705921055.jpg,https://r2.thesportsdb.com/images/media/player/cutout/a7v0a91762888875.png,DR Congo,2004-08-25,Active,Male,Centre-Back,29.06248664855957,Kambwala,True,False,False,REVIEW_REQUIRED,TheSportsDB,https://www.thesportsdb.com/player/34226514,2026-09-14T07:31:42.717907+00:00
34195226,133617,Cody Drameh,Hull City,Soccer,https://r2.thesportsdb.com/images/media/player/thumb/h2aypw1642023773.jpg,https://r2.thesportsdb.com/images/media/player/cutout/rmaian1787492188.png,England,2001-12-08,Active,Male,Right-Back,29.06248664855957,Drameh,True,False,False,REVIEW_REQUIRED,TheSportsDB,https://www.thesportsdb.com/player/34195226,2026-09-14T07:31:44.934273+00:00
34258861,134781,Rahim Alhassane,Bologna,Soccer,https://r2.thesportsdb.com/images/media/player/thumb/l3ebw91762605181.jpg,https://r2.thesportsdb.com/images/media/player/cutout/ea05d41762619935.png,Niger,2002-01-01,Active,Male,Left-Back,22.014801025390625,Alhassane,True,False,False,REVIEW_REQUIRED,TheSportsDB,https://www.thesportsdb.com/player/34258861,2026-09-14T07:31:47.210744+00:00
34177880,134243,Ignace Van der Brempt,Como,Soccer,https://r2.thesportsdb.com/images/media/player/thumb/up6p0i1623840518.jpg,https://r2.thesportsdb.com/images/media/player/cutout/se3w5j1764278124.png,Belgium,2002-04-01,Active,Male,Right-Back,39.65438461303711,Van Der Brempt,True,False,False,REVIEW_REQUIRED,TheSportsDB,https://www.thesportsdb.com/player/34177880,2026-09-14T07:31:49.708210+00:00
34242257,133675,Sebastian Otoa,Genoa,Soccer,https://r2.thesportsdb.com/images/media/player/thumb/qfm0i11758997621.jpg,https://r2.thesportsdb.com/images/media/player/cutout/p5whxi1758997523.png,Denmark,2004-05-13,Active,Male,Defender,29.06248664855957,Otoa,True,False,False,REVIEW_REQUIRED,TheSportsDB,https://www.thesportsdb.com/player/34242257,2026-09-14T07:31:51.951573+00:00
34300520,133675,David Puczka,Genoa,Soccer,,,Austria,2005-01-26,Active,Male,Left-Back,25.907421112060547,Puczka,True,False,False,REVIEW_REQUIRED,TheSportsDB,https://www.thesportsdb.com/player/34300520,2026-09-14T07:31:54.252347+00:00
34169395,133675,Stefano Sabelli,Genoa,Soccer,https://r2.thesportsdb.com/images/media/player/thumb/8mtbku1586353187.jpg,https://r2.thesportsdb.com/images/media/player/cutout/h55zq61758997662.png,Italy,1993-01-13,Active,Male,Defender,29.06248664855957,Sabelli,True,False,False,REVIEW_REQUIRED,TheSportsDB,https://www.thesportsdb.com/player/34169395,2026-09-14T07:31:56.470386+00:00
34148480,135181,Andrea Lazzari,_Retired Soccer,Soccer,,https://r2.thesportsdb.com/images/media/player/cutout/7982744.png,Italy,1984-12-03,,Male,Midfielder,22.014801025390625,Lazzari,True,False,False,REVIEW_REQUIRED,TheSportsDB,https://www.thesportsdb.com/player/34148480,2026-09-14T07:31:58.680509+00:00
34147248,133682,Lorenzo Pellegrini,Roma,Soccer,https://r2.thesportsdb.com/images/media/player/thumb/b7003u1533985895.jpg,https://r2.thesportsdb.com/images/media/player/cutout/wq1jr81758815397.png,Italy,1996-06-19,Active,Male,Attacking Midfield,18.918764114379883,Pellegrini Lu.,True,False,False,REVIEW_REQUIRED,TheSportsDB,https://www.thesportsdb.com/player/34147248,2026-09-14T07:32:00.895516+00:00
34146662,135181,Jean Deza,_Retired Soccer,Soccer,,,Peru,1993-06-09,,Male,Midfielder,6.8230085372924805,Jean,True,False,False,REVIEW_REQUIRED,TheSportsDB,https://www.thesportsdb.com/player/34146662,2026-09-14T07:32:03.160656+00:00
34203677,133678,Corrie Ndaba,Lecce,Soccer,https://r2.thesportsdb.com/images/media/player/thumb/2bdhwn1675191646.jpg,https://r2.thesportsdb.com/images/media/player/cutout/z1wj4l1759692825.png,Ireland,1999-12-25,Active,Male,Centre-Back,22.014801025390625,Ndaba,True,False,False,REVIEW_REQUIRED,TheSportsDB,https://www.thesportsdb.com/player/34203677,2026-09-14T07:32:05.612956+00:00
34149439,137154,Baba Diawara,_Free Agent Soccer,Soccer,https://r2.thesportsdb.com/images/media/player/thumb/e2ur4a1532343970.jpg,,Senegal,1988-01-05,Free Agent,Male,Forward,17.103939056396484,Diawara S.,True,False,False,REVIEW_REQUIRED,TheSportsDB,https://www.thesportsdb.com/player/34149439,2026-09-14T07:32:07.880563+00:00
34244625,147946,Adam Bakoune,Milan Youth,Soccer,,,Italy,2006-02-06,,Male,Defender,29.06248664855957,Bakoune,True,False,False,REVIEW_REQUIRED,TheSportsDB,https://www.thesportsdb.com/player/34244625,2026-09-14T07:32:10.118898+00:00
34145522,135181,Marko Marin,_Retired Soccer,Soccer,https://r2.thesportsdb.com/images/media/player/thumb/ttqswr1431639705.jpg,https://r2.thesportsdb.com/images/media/player/cutout/156766.png,Germany,1989-03-13,Retired,Male,Attacking Midfield,8.896638870239258,Marin R.,True,False,False,REVIEW_REQUIRED,TheSportsDB,https://www.thesportsdb.com/player/34145522,2026-09-14T07:32:13.376656+00:00
34164954,135345,Bouna Ndiaye,Glasgow Rocks,Basketball,https://r2.thesportsdb.com/images/media/player/thumb/70se9a1548168497.jpg,,Norway,1992-10-22,Active,Male,Forward,14.525091171264648,Ndiaye,True,False,False,REVIEW_REQUIRED,TheSportsDB,https://www.thesportsdb.com/player/34164954,2026-09-14T07:32:15.596747+00:00
34147090,133687,Cristiano Biraghi,Torino,Soccer,https://r2.thesportsdb.com/images/media/player/thumb/013bbl1546377757.jpg,https://r2.thesportsdb.com/images/media/player/cutout/39grvw1758813369.png,Italy,1992-09-01,Active,Male,Defender,29.06248664855957,Biraghi,True,False,False,REVIEW_REQUIRED,TheSportsDB,https://www.thesportsdb.com/player/34147090,2026-09-14T07:32:17.924240+00:00
34219352,133679,James Adusei Abankwah,Udinese,Soccer,https://r2.thesportsdb.com/images/media/player/thumb/cxoks21739971568.jpg,https://r2.thesportsdb.com/images/media/player/cutout/v5qmpl1761216296.png,Ireland,2004-01-16,Active,Male,Defender,29.06248664855957,Abankwah,True,False,False,REVIEW_REQUIRED,TheSportsDB,https://www.thesportsdb.com/player/34219352,2026-09-14T07:32:20.292367+00:00
34220613,134234,Richie Sagrado Sebastiao,Venezia,Soccer,https://r2.thesportsdb.com/images/media/player/thumb/4ktvjw1741949275.jpg,https://r2.thesportsdb.com/images/media/player/cutout/a8k4mt1741949285.png,Belgium,2004-01-30,Active,Male,Defender,25.907421112060547,Sagrado,True,False,False,REVIEW_REQUIRED,TheSportsDB,https://www.thesportsdb.com/player/34220613,2026-09-14T07:32:22.736868+00:00
34163307,134115,João Aurélio,Guimaraes,Soccer,https://r2.thesportsdb.com/images/media/player/thumb/w2su2a1527591108.jpg,,Portugal,1998-08-17,Active,Male,Midfielder,16.554677963256836,Aurelio,True,False,False,REVIEW_REQUIRED,TheSportsDB,https://www.thesportsdb.com/player/34163307,2026-09-14T07:32:25.028887+00:00
34194947,143118,Leo Goglichidze,Rodina Moscow,Soccer,,,Russia,1997-05-29,Active,Male,Defender,24.145843505859375,Goglichidze,True,False,False,REVIEW_REQUIRED,TheSportsDB,https://www.thesportsdb.com/player/34194947,2026-09-14T07:32:27.333729+00:00
,,,,,,,,,,,,,Cinquegrano,False,False,,,TheSportsDB,,2026-09-14T07:32:29.568258+00:00
34164566,133667,Pietro Terracciano,AC Milan,Soccer,https://r2.thesportsdb.com/images/media/player/thumb/fahhxv1546976704.jpg,https://r2.thesportsdb.com/images/media/player/cutout/za58rr1758893945.png,Italy,1990-03-08,Active,Male,Goalkeeper,25.907421112060547,Terracciano F.,True,False,False,REVIEW_REQUIRED,TheSportsDB,https://www.thesportsdb.com/player/34164566,2026-09-14T07:32:31.778739+00:00
34270607,135181,Luca Lulli,_Retired-Soccer,Soccer,,,Italy,1991-12-22,Retired,Male,Defensive Midfield,24.145843505859375,Lulli,True,False,False,REVIEW_REQUIRED,TheSportsDB,https://www.thesportsdb.com/player/34270607,2026-09-14T07:32:33.995581+00:00
,,,,,,,,,,,,,Drobnic,False,False,,,TheSportsDB,,2026-09-14T07:32:36.368221+00:00
34147868,134224,Marco Silvestri,Cremonese,Soccer,https://r2.thesportsdb.com/images/media/player/thumb/dfq8tj1507124759.jpg,https://r2.thesportsdb.com/images/media/player/cutout/x39sj01764273194.png,Italy,1991-03-02,Active,Male,Goalkeeper,19.684492111206055,De Silvestri,True,False,False,REVIEW_REQUIRED,TheSportsDB,https://www.thesportsdb.com/player/34147868,2026-09-14T07:32:38.575876+00:00
34148185,134243,Edoardo Goldaniga,Como,Soccer,https://r2.thesportsdb.com/images/media/player/thumb/p8y4uh1607975860.jpg,https://r2.thesportsdb.com/images/media/player/cutout/2ban201764278291.png,Italy,1993-11-02,Active,Male,Centre-Back,29.06248664855957,Goldaniga,True,False,False,REVIEW_REQUIRED,TheSportsDB,https://www.thesportsdb.com/player/34148185,2026-09-14T07:32:40.793279+00:00
34177611,139370,Amey Ranawade,Odisha,Soccer,,,India,1998-03-07,Active,Male,Centre-Back,19.684492111206055,Amey,True,False,False,REVIEW_REQUIRED,TheSportsDB,https://www.thesportsdb.com/player/34177611,2026-09-14T07:32:43.095663+00:00
34148059,133674,Daniele Rugani,Fiorentina,Soccer,https://r2.thesportsdb.com/images/media/player/thumb/rzh0541533468253.jpg,https://r2.thesportsdb.com/images/media/player/cutout/p9ftr21776937845.png,Italy,1994-07-29,Active,Male,Defender,29.06248664855957,Rugani,True,False,False,REVIEW_REQUIRED,TheSportsDB,https://www.thesportsdb.com/player/34148059,2026-09-14T07:32:45.314238+00:00
34145622,135181,Wilfredo Caballero,_Retired Soccer,Soccer,https://r2.thesportsdb.com/images/media/player/thumb/evn5fp1674644939.jpg,https://r2.thesportsdb.com/images/media/player/cutout/tfj3ne1557998376.png,Argentina,1981-09-28,Retired,Male,Goalkeeper,14.355788230895996,Cabal,True,False,False,REVIEW_REQUIRED,TheSportsDB,https://www.thesportsdb.com/player/34145622,2026-09-14T07:32:47.549505+00:00
34145528,133811,Patrick Bamford,Sheffield United,Soccer,https://r2.thesportsdb.com/images/media/player/thumb/olk47m1725517793.jpg,https://r2.thesportsdb.com/images/media/player/cutout/gfo4qg1778010395.png,England,1993-09-05,Active,Male,Centre-Forward,6.404064655303955,Patric,True,False,False,REVIEW_REQUIRED,TheSportsDB,https://www.thesportsdb.com/player/34145528,2026-09-14T07:32:49.822914+00:00
34176973,134270,Valentin Antov,Monza,Soccer,https://r2.thesportsdb.com/images/media/player/thumb/oxgtki1612611247.jpg,https://r2.thesportsdb.com/images/media/player/cutout/cch8sl1679662997.png,Bulgaria,2000-11-09,Active,Male,Centre-Back,29.06248664855957,Antov,True,False,False,REVIEW_REQUIRED,TheSportsDB,https://www.thesportsdb.com/player/34176973,2026-09-14T07:32:52.042438+00:00
34279010,133687,Luca Marianucci,Torino,Soccer,https://r2.thesportsdb.com/images/media/player/thumb/spwfgn1750072841.jpg,https://r2.thesportsdb.com/images/media/player/cutout/mjeldw1777707141.png,Italy,2004-07-23,Active,Male,Centre-Back,29.06248664855957,Marianucci,True,False,False,REVIEW_REQUIRED,TheSportsDB,https://www.thesportsdb.com/player/34279010,2026-09-14T07:32:54.264102+00:00
34174518,134253,Simone Mazzocchi,Cosenza,Soccer,https://r2.thesportsdb.com/images/media/player/thumb/9vy1e31690141910.jpg,,Italy,1998-08-17,Active,Male,Forward,24.145843505859375,Mazzocchi,True,False,False,REVIEW_REQUIRED,TheSportsDB,https://www.thesportsdb.com/player/34174518,2026-09-14T07:32:56.473861+00:00
34148290,135181,Werther Carboni,_Retired Soccer,Soccer,,,Italy,1996-04-04,,Male,Goalkeeper,20.664892196655273,Carboni F.,True,False,False,REVIEW_REQUIRED,TheSportsDB,https://www.thesportsdb.com/player/34148290,2026-09-14T07:32:58.794438+00:00
34226337,133682,Jan Ziolkowski,Roma,Soccer,https://r2.thesportsdb.com/images/media/player/thumb/q63pk71703015842.jpg,https://r2.thesportsdb.com/images/media/player/cutout/4wjqvf1764103153.png,Poland,2005-06-05,Active,Male,Centre-Back,25.907421112060547,Ziolkowski,True,False,False,REVIEW_REQUIRED,TheSportsDB,https://www.thesportsdb.com/player/34226337,2026-09-14T07:33:01.014475+00:00
34229891,133701,Edoardo Pieragnolo,Sassuolo,Soccer,https://r2.thesportsdb.com/images/media/player/thumb/in4mwz1764101637.jpg,https://r2.thesportsdb.com/images/media/player/cutout/zkfhoi1764106179.png,Italy,2003-01-03,Active,Male,Defender,29.06248664855957,Pieragnolo,True,False,False,REVIEW_REQUIRED,TheSportsDB,https://www.thesportsdb.com/player/34229891,2026-09-14T07:33:03.235341+00:00
34146523,134152,Andre Gomes,Columbus Crew,Soccer,https://r2.thesportsdb.com/images/media/player/thumb/ffhski1516994204.jpg,https://r2.thesportsdb.com/images/media/player/cutout/n6f0be1777987455.png,Portugal,1993-07-30,Active,Male,Central Midfield,10.528956413269043,Gomes,True,False,False,REVIEW_REQUIRED,TheSportsDB,https://www.thesportsdb.com/player/34146523,2026-09-14T07:33:05.458312+00:00
34247638,134387,Omar Fayed,Arouca,Soccer,https://r2.thesportsdb.com/images/media/player/thumb/g3x6p01724770901.jpg,https://r2.thesportsdb.com/images/media/player/cutout/govlh11724771322.png,Egypt,2003-07-04,Active,Male,Centre-Back,32.76663589477539,Omar Fayed,True,True,False,REVIEW_REQUIRED,TheSportsDB,https://www.thesportsdb.com/player/34247638,2026-09-14T07:33:07.706113+00:00
34160090,134915,Jordan Mayer,Hull Stingrays,Ice Hockey,,,Canada,1991-08-24,Active,Male,Forward/Center,11.558213233947754,Maye,True,False,False,REVIEW_REQUIRED,TheSportsDB,https://www.thesportsdb.com/player/34160090,2026-09-14T07:33:09.990334+00:00
34146208,135181,Mousa Dembele,_Retired Soccer,Soccer,https://r2.thesportsdb.com/images/media/player/thumb/n5804m1548096753.jpg,https://r2.thesportsdb.com/images/media/player/cutout/1q8v7z1715491823.png,Belgium,1987-07-16,Retired,Male,Central Midfield,17.103939056396484,Dembelè A.,True,False,False,REVIEW_REQUIRED,TheSportsDB,https://www.thesportsdb.com/player/34146208,2026-09-14T07:33:12.365154+00:00
34234803,147082,Yeferson Paz Paz,Rayo Zuliano,Soccer,,,Venezuela,1990-10-12,,Male,Attacker,24.973094940185547,Paz N.,True,False,False,REVIEW_REQUIRED,TheSportsDB,https://www.thesportsdb.com/player/34234803,2026-09-14T07:33:14.989800+00:00
34155404,133681,Hakan Çalhanoğlu,Inter Milan,Soccer,https://r2.thesportsdb.com/images/media/player/thumb/ays7ot1737352882.jpg,https://r2.thesportsdb.com/images/media/player/cutout/hw8uxm1759408821.png,Turkey,1994-02-08,Active,Male,Defensive Midfield,25.907421112060547,Calhanoglu,True,False,False,REVIEW_REQUIRED,TheSportsDB,https://www.thesportsdb.com/player/34155404,2026-09-14T07:33:17.219569+00:00
34168051,133670,Scott McTominay,Napoli,Soccer,https://r2.thesportsdb.com/images/media/player/thumb/vjfgf21771246923.jpg,https://r2.thesportsdb.com/images/media/player/cutout/b7truo1762288079.png,Scotland,1996-12-08,Active,Male,Defensive Midfield,29.06248664855957,McTominay,True,False,False,REVIEW_REQUIRED,TheSportsDB,https://www.thesportsdb.com/player/34168051,2026-09-14T07:33:19.442785+00:00
34169386,134781,Riccardo Orsolini,Bologna,Soccer,https://r2.thesportsdb.com/images/media/player/thumb/lvu0ea1586286219.jpg,https://r2.thesportsdb.com/images/media/player/cutout/hkoyvk1758897555.png,Italy,1997-01-24,Active,Male,Forward,29.06248664855957,Orsolini,True,False,False,REVIEW_REQUIRED,TheSportsDB,https://www.thesportsdb.com/player/34169386,2026-09-14T07:33:21.671276+00:00
34163470,133667,Christian Pulisic,AC Milan,Soccer,https://r2.thesportsdb.com/images/media/player/thumb/40pxda1669799830.jpg,https://r2.thesportsdb.com/images/media/player/cutout/qwii9r1758893548.png,United States,1998-09-18,Active,Male,Right Winger,25.907421112060547,Pulisic,True,False,False,REVIEW_REQUIRED,TheSportsDB,https://www.thesportsdb.com/player/34163470,2026-09-14T07:33:23.960990+00:00
34152573,133667,Adrien Rabiot,AC Milan,Soccer,https://r2.thesportsdb.com/images/media/player/thumb/dqh5pj1778817478.jpg,https://r2.thesportsdb.com/images/media/player/cutout/m2upnx1758893486.png,France,1995-04-03,Active,Male,Central Midfield,29.06248664855957,Rabiot,True,False,False,REVIEW_REQUIRED,TheSportsDB,https://www.thesportsdb.com/player/34152573,2026-09-14T07:33:26.350569+00:00
34177077,134113,Roko Baturina,Gil Vicente,Soccer,https://r2.thesportsdb.com/images/media/player/thumb/p2ob651653654644.jpg,,Croatia,2000-06-20,Active,Male,Centre-Forward,24.145843505859375,Baturina,True,False,False,REVIEW_REQUIRED,TheSportsDB,https://www.thesportsdb.com/player/34177077,2026-09-14T07:33:28.794432+00:00
34436714,138885,Sebastián Mora-Mora,El Paso Locomotive,Soccer,https://r2.thesportsdb.com/images/media/player/thumb/eygglj1784024708.jpg,https://r2.thesportsdb.com/images/media/player/cutout/8wkm091784037072.png,United States,1998-04-14,Active,Male,Goalkeeper,15.857183456420898,Mora,True,False,False,REVIEW_REQUIRED,TheSportsDB,https://www.thesportsdb.com/player/34436714,2026-09-14T07:33:31.039846+00:00
34163332,134112,Edno Cunha,Moreirense,Soccer,https://r2.thesportsdb.com/images/media/player/thumb/twq43z1527596233.jpg,,Brazil,1983-05-31,Active,Male,Forward,14.798603057861328,Da Cunha,True,False,False,REVIEW_REQUIRED,TheSportsDB,https://www.thesportsdb.com/player/34163332,2026-09-14T07:33:33.336588+00:00
34148307,133681,Nicolo Barella,Inter Milan,Soccer,https://r2.thesportsdb.com/images/media/player/thumb/mnj6hw1546611238.jpg,https://r2.thesportsdb.com/images/media/player/cutout/k03sge1759408783.png,Italy,1997-02-07,Active,Male,Central Midfield,24.145843505859375,Barella,True,False,False,REVIEW_REQUIRED,TheSportsDB,https://www.thesportsdb.com/player/34148307,2026-09-14T07:33:35.554080+00:00
34163661,133804,Nicolò Zaniolo,Galatasaray,Soccer,https://r2.thesportsdb.com/images/media/player/thumb/bxsfqr1534000448.jpg,https://r2.thesportsdb.com/images/media/player/cutout/eh88s41764172604.png,Italy,1999-07-02,Active,Male,Right Midfield,29.06248664855957,Zaniolo,True,False,False,REVIEW_REQUIRED,TheSportsDB,https://www.thesportsdb.com/player/34163661,2026-09-14T07:33:37.775326+00:00
34163483,133676,Weston McKennie,Juventus,Soccer,https://r2.thesportsdb.com/images/media/player/thumb/k5lx3p1621545726.jpg,https://r2.thesportsdb.com/images/media/player/cutout/ct34v01759225325.png,United States,1998-08-28,Active,Male,Central Midfield,29.06248664855957,McKennie,True,False,False,REVIEW_REQUIRED,TheSportsDB,https://www.thesportsdb.com/player/34163483,2026-09-14T07:33:39.992652+00:00
34155057,133670,Kevin De Bruyne,Napoli,Soccer,https://r2.thesportsdb.com/images/media/player/thumb/627wh81779038446.jpg,https://r2.thesportsdb.com/images/media/player/cutout/o4flia1764089447.png,Belgium,1991-06-28,Active,Male,Attacking Midfield,29.06248664855957,De Bruyne,True,False,False,REVIEW_REQUIRED,TheSportsDB,https://www.thesportsdb.com/player/34155057,2026-09-14T07:33:42.425866+00:00
34148165,133668,Mattia Zaccagni,Lazio,Soccer,https://r2.thesportsdb.com/images/media/player/thumb/ely35j1546372853.jpg,https://r2.thesportsdb.com/images/media/player/cutout/zypi1b1698231657.png,Italy,1995-06-16,Active,Male,Forward,29.06248664855957,Zaccagni,True,False,False,REVIEW_REQUIRED,TheSportsDB,https://www.thesportsdb.com/player/34148165,2026-09-14T07:33:44.646537+00:00
34160574,135050,Marco Attard,Ecurie Ecosse,Motorsport,https://r2.thesportsdb.com/images/media/player/thumb/yupvts1431796568.jpg,https://r2.thesportsdb.com/images/media/player/cutout/xyuurp1432988055.png,Scotland,1961-03-21,Active,Male,Driver,14.613506317138672,Atta,True,False,False,REVIEW_REQUIRED,TheSportsDB,https://www.thesportsdb.com/player/34160574,2026-09-14T07:33:47.143486+00:00
34174148,134782,Lazar Samardžić,Atalanta,Soccer,https://r2.thesportsdb.com/images/media/player/thumb/lwr4bu1610108290.jpg,https://r2.thesportsdb.com/images/media/player/cutout/43jwpu1764331634.png,Serbia,2002-02-24,Active,Male,Central Midfield,22.014801025390625,Samardzic,True,False,False,REVIEW_REQUIRED,TheSportsDB,https://www.thesportsdb.com/player/34174148,2026-09-14T07:33:49.360843+00:00
34171889,135181,Sérgio Conceição,_Retired Soccer,Soccer,https://r2.thesportsdb.com/images/media/player/thumb/d8q6w41614028242.jpg,,Portugal,1974-11-15,Retired,Male,Winger,14.70462417602539,Conceicao,True,False,False,REVIEW_REQUIRED,TheSportsDB,https://www.thesportsdb.com/player/34171889,2026-09-14T07:33:51.579144+00:00
34145706,135181,Gary Taylor-Fletcher,_Retired Soccer,Soccer,https://r2.thesportsdb.com/images/media/player/thumb/ydtviz1657873000.jpg,https://r2.thesportsdb.com/images/media/player/cutout/134115.png,England,1981-06-04,,Male,Forward,6.7416839599609375,Taylor K.,True,False,False,REVIEW_REQUIRED,TheSportsDB,https://www.thesportsdb.com/player/34145706,2026-09-14T07:33:53.849052+00:00
34154760,137157,Marc-Edouard Vlasic,_Free Agent Ice Hockey,Ice Hockey,https://r2.thesportsdb.com/images/media/player/thumb/qudsaf1557141286.jpg,https://r2.thesportsdb.com/images/media/player/cutout/k13tcn1768334886.png,Canada,1987-03-30,Free Agent,Male,Defenceman,22.933595657348633,Vlasic,True,False,False,REVIEW_REQUIRED,TheSportsDB,https://www.thesportsdb.com/player/34154760,2026-09-14T07:33:56.079153+00:00
34146911,133807,Ederson,Fenerbahçe,Soccer,https://r2.thesportsdb.com/images/media/player/thumb/lqvotq1741317988.jpg,https://r2.thesportsdb.com/images/media/player/cutout/xhlait1769179027.png,Brazil,1993-08-17,Active,Male,Goalkeeper,18.59146499633789,Ederson D.S.,True,False,False,REVIEW_REQUIRED,TheSportsDB,https://www.thesportsdb.com/player/34146911,2026-09-14T07:33:58.501252+00:00
34148667,149111,Johann Berg Gudmundsson,Al-Orobah,Soccer,https://r2.thesportsdb.com/images/media/player/thumb/oyp5br1510753042.jpg,https://r2.thesportsdb.com/images/media/player/cutout/h52ojr1694092216.png,Iceland,1990-10-27,Active,Male,Right Winger,18.29290008544922,Gudmundsson A.,True,False,False,REVIEW_REQUIRED,TheSportsDB,https://www.thesportsdb.com/player/34148667,2026-09-14T07:34:00.951597+00:00
34163619,133681,Piotr Zieliński,Inter Milan,Soccer,https://r2.thesportsdb.com/images/media/player/thumb/4sua201533748248.jpg,https://r2.thesportsdb.com/images/media/player/cutout/8wynz41759408193.png,Poland,1994-05-20,Active,Male,Central Midfield,20.141006469726562,Zielinski,True,False,False,REVIEW_REQUIRED,TheSportsDB,https://www.thesportsdb.com/player/34163619,2026-09-14T07:34:03.396327+00:00
34146306,133667,Luka Modrić,AC Milan,Soccer,https://r2.thesportsdb.com/images/media/player/thumb/6j40781707595475.jpg,https://r2.thesportsdb.com/images/media/player/cutout/msewdx1758892756.png,Croatia,1985-09-09,Active,Male,Central Midfield,25.907421112060547,Modric,True,False,False,REVIEW_REQUIRED,TheSportsDB,https://www.thesportsdb.com/player/34146306,2026-09-14T07:34:05.620044+00:00
34170356,133679,Jurgen Ekkelenkamp,Udinese,Soccer,https://r2.thesportsdb.com/images/media/player/thumb/adv2sl1603837511.jpg,https://r2.thesportsdb.com/images/media/player/cutout/ecel3d1764172331.png,The Netherlands,2000-04-05,Active,Male,Midfielder,29.06248664855957,Ekkelenkamp,True,False,False,REVIEW_REQUIRED,TheSportsDB,https://www.thesportsdb.com/player/34170356,2026-09-14T07:34:07.938388+00:00
34145359,135181,Kenwyne Jones,_Retired Soccer,Soccer,https://r2.thesportsdb.com/images/media/player/thumb/vjepgt1759696212.jpg,https://r2.thesportsdb.com/images/media/player/cutout/tug6fa1759696283.png,Trinidad and Tobago,1984-10-05,Retired,Male,Forward,6.089638710021973,Jones C.,True,False,False,REVIEW_REQUIRED,TheSportsDB,https://www.thesportsdb.com/player/34145359,2026-09-14T07:34:10.161505+00:00
34197981,137610,Juan David González González,Deportivo Cali,Soccer,,,Colombia,2002-01-16,Active,Male,Attacker,13.87936019897461,Gonzalez N.,True,False,False,REVIEW_REQUIRED,TheSportsDB,https://www.thesportsdb.com/player/34197981,2026-09-14T07:34:12.394404+00:00
34162310,137721,Franck Kessié,Al-Ahli,Soccer,https://r2.thesportsdb.com/images/media/player/thumb/jjgcgk1771663908.jpg,https://r2.thesportsdb.com/images/media/player/cutout/wcmpma1771663848.png,Ivory Coast,1996-12-19,Active,Male,Central Midfield,29.06248664855957,Kessiè,True,False,False,REVIEW_REQUIRED,TheSportsDB,https://www.thesportsdb.com/player/34162310,2026-09-14T07:34:14.640269+00:00
34162504,133835,Diogo Gonçalves,Konyaspor,Soccer,https://r2.thesportsdb.com/images/media/player/thumb/dzanp91522245964.jpg,https://r2.thesportsdb.com/images/media/player/cutout/niocin1766758912.png,Portugal,1997-02-06,Active,Male,Attacking Midfield,12.127655029296875,Goncalves P.,True,False,False,REVIEW_REQUIRED,TheSportsDB,https://www.thesportsdb.com/player/34162504,2026-09-14T07:34:17.027310+00:00
34145747,137154,Jay Rodriguez,_Free Agent Soccer,Soccer,https://r2.thesportsdb.com/images/media/player/thumb/r6vlwa1545242094.jpg,https://r2.thesportsdb.com/images/media/player/cutout/0ml2zi1761148957.png,England,1989-07-29,Free Agent,Male,Centre-Forward,6.698725700378418,Rodriguez Je.,True,False,False,REVIEW_REQUIRED,TheSportsDB,https://www.thesportsdb.com/player/34145747,2026-09-14T07:34:19.259329+00:00
34174395,133675,Tommaso Baldanzi,Genoa,Soccer,https://r2.thesportsdb.com/images/media/player/thumb/rap9ol1777708986.jpg,https://r2.thesportsdb.com/images/media/player/cutout/vg7j8q1758815262.png,Italy,2003-03-23,Active,Male,Forward,29.06248664855957,Baldanzi,True,False,False,REVIEW_REQUIRED,TheSportsDB,https://www.thesportsdb.com/player/34174395,2026-09-14T07:34:21.472204+00:00
34302067,133676,Kerim Alajbegović,Juventus,Soccer,https://r2.thesportsdb.com/images/media/player/thumb/2dtxv61778542471.jpg,https://r2.thesportsdb.com/images/media/player/cutout/sfkv2p1769721901.png,Bosnia and Herzegovina,2007-09-21,Active,Male,Forward,29.06248664855957,Alajbegovic,True,False,False,REVIEW_REQUIRED,TheSportsDB,https://www.thesportsdb.com/player/34302067,2026-09-14T07:34:23.720670+00:00
34169691,133667,Alexis Saelemaekers,AC Milan,Soccer,https://r2.thesportsdb.com/images/media/player/thumb/zvqwjg1598645973.jpg,https://r2.thesportsdb.com/images/media/player/cutout/li7qc71758893296.png,Belgium,1999-06-27,Active,Male,Left Midfield,29.06248664855957,Saelemaekers,True,False,False,REVIEW_REQUIRED,TheSportsDB,https://www.thesportsdb.com/player/34169691,2026-09-14T07:34:25.959536+00:00
34238605,133674,Franco Mastantuono,Fiorentina,Soccer,https://r2.thesportsdb.com/images/media/player/thumb/i1b8sm1771265267.jpg,https://r2.thesportsdb.com/images/media/player/cutout/pgq83k1762604333.png,Argentina,2007-08-14,Active,Male,Right Winger,29.06248664855957,Mastantuono,True,False,False,REVIEW_REQUIRED,TheSportsDB,https://www.thesportsdb.com/player/34238605,2026-09-14T07:34:28.181090+00:00
34152505,134152,Steven Moreira,Columbus Crew,Soccer,https://r2.thesportsdb.com/images/media/player/thumb/m7dkfl1691077984.jpg,https://r2.thesportsdb.com/images/media/player/cutout/2mxyy11766428190.png,Cape Verde,1994-08-13,Active,Male,Right-Back,12.66259765625,Moreira,True,False,False,REVIEW_REQUIRED,TheSportsDB,https://www.thesportsdb.com/player/34152505,2026-09-14T07:34:30.482075+00:00
34148472,134781,Federico Bernardeschi,Bologna,Soccer,https://r2.thesportsdb.com/images/media/player/thumb/ptaxx21515958866.jpg,https://r2.thesportsdb.com/images/media/player/cutout/fwmcl01758896784.png,Italy,1994-02-16,Active,Male,Winger,29.06248664855957,Bernardeschi,True,False,False,REVIEW_REQUIRED,TheSportsDB,https://www.thesportsdb.com/player/34148472,2026-09-14T07:34:32.803420+00:00
34148891,140199,Tommy Rowe,Manchester United U21,Soccer,https://r2.thesportsdb.com/images/media/player/thumb/km9ey31539551117.jpg,https://r2.thesportsdb.com/images/media/player/cutout/wckidt1586263221.png,England,1988-09-24,Active,Male,Midfielder,11.947149276733398,Rowe,True,False,False,REVIEW_REQUIRED,TheSportsDB,https://www.thesportsdb.com/player/34148891,2026-09-14T07:34:35.200061+00:00
34202755,134243,Maximo Perrone,Como,Soccer,https://r2.thesportsdb.com/images/media/player/thumb/9jiyou1674508618.jpg,https://r2.thesportsdb.com/images/media/player/cutout/gqcg4e1764278402.png,Argentina,2003-01-07,Active,Male,Defensive Midfield,22.014801025390625,Perrone,True,False,False,REVIEW_REQUIRED,TheSportsDB,https://www.thesportsdb.com/player/34202755,2026-09-14T07:34:37.648938+00:00
34174576,133668,Davide Frattesi,Lazio,Soccer,https://r2.thesportsdb.com/images/media/player/thumb/tf9z141716845501.jpg,https://r2.thesportsdb.com/images/media/player/cutout/z58bx11759408884.png,Italy,1999-09-22,Active,Male,Central Midfield,29.06248664855957,Frattesi,True,False,False,REVIEW_REQUIRED,TheSportsDB,https://www.thesportsdb.com/player/34174576,2026-09-14T07:34:39.979964+00:00
34163809,133670,Andre-Frank Zambo Anguissa,Napoli,Soccer,https://r2.thesportsdb.com/images/media/player/thumb/g80skn1771245651.jpg,https://r2.thesportsdb.com/images/media/player/cutout/bedkjv1762288303.png,Cameroon,1995-11-16,Active,Male,Midfielder,47.92222213745117,Zambo Anguissa,True,False,False,REVIEW_REQUIRED,TheSportsDB,https://www.thesportsdb.com/player/34163809,2026-09-14T07:34:42.222200+00:00
34148405,137154,Jherson Vergara,_Free Agent Soccer,Soccer,,,Colombia,1994-05-26,Free Agent,Male,Defender,15.433626174926758,Vergara,True,False,False,REVIEW_REQUIRED,TheSportsDB,https://www.thesportsdb.com/player/34148405,2026-09-14T07:34:44.440166+00:00
34145841,135181,Arouna Kone,_Retired Soccer,Soccer,https://r2.thesportsdb.com/images/media/player/thumb/tsvywx1471027001.jpg,,Ivory Coast,1983-11-11,,Male,Forward,12.949718475341797,Konè M.,True,False,False,REVIEW_REQUIRED,TheSportsDB,https://www.thesportsdb.com/player/34145841,2026-09-14T07:34:46.734359+00:00
34178456,133701,Kristian Thorstvedt,Sassuolo,Soccer,https://r2.thesportsdb.com/images/media/player/thumb/lc8edn1623869248.jpg,https://r2.thesportsdb.com/images/media/player/cutout/2kqceq1764106371.png,Norway,1999-03-13,Active,Male,Central Midfield,29.06248664855957,Thorstvedt,True,False,False,REVIEW_REQUIRED,TheSportsDB,https://www.thesportsdb.com/player/34178456,2026-09-14T07:34:48.958301+00:00
34145973,133835,Mame Biram Diouf,Konyaspor,Soccer,https://r2.thesportsdb.com/images/media/player/thumb/wwttwx1452726949.jpg,https://r2.thesportsdb.com/images/media/player/cutout/53016763.png,Senegal,1987-12-16,Active,Male,Forward,15.808496475219727,Diouf,True,False,False,REVIEW_REQUIRED,TheSportsDB,https://www.thesportsdb.com/player/34145973,2026-09-14T07:34:51.281351+00:00
34176818,133724,Luka Sučić,Real Sociedad,Soccer,https://r2.thesportsdb.com/images/media/player/thumb/kdhx3f1634810422.jpg,https://r2.thesportsdb.com/images/media/player/cutout/pmp5rt1762709318.png,Croatia,2002-09-08,Active,Male,Central Midfield,25.907421112060547,Sucic P.,True,False,False,REVIEW_REQUIRED,TheSportsDB,https://www.thesportsdb.com/player/34176818,2026-09-14T07:34:53.548992+00:00
34162311,133676,Manuel Locatelli,Juventus,Soccer,https://r2.thesportsdb.com/images/media/player/thumb/qeqsnr1520156757.jpg,https://r2.thesportsdb.com/images/media/player/cutout/0zlnug1759225148.png,Italy,1998-01-08,Active,Male,Midfielder,20.664892196655273,Locatelli,True,False,False,REVIEW_REQUIRED,TheSportsDB,https://www.thesportsdb.com/player/34162311,2026-09-14T07:34:55.765588+00:00
34169231,133681,Marcus Thuram,Inter Milan,Soccer,https://r2.thesportsdb.com/images/media/player/thumb/qo7y1v1724515703.jpg,https://r2.thesportsdb.com/images/media/player/cutout/aykui01759408989.png,France,1997-08-06,Active,Male,Centre-Forward,21.27803611755371,Thuram K.,True,False,False,REVIEW_REQUIRED,TheSportsDB,https://www.thesportsdb.com/player/34169231,2026-09-14T07:34:58.025704+00:00
34193829,133668,Matteo Cancellieri,Lazio,Soccer,https://r2.thesportsdb.com/images/media/player/thumb/75gwua1633508100.jpg,https://r2.thesportsdb.com/images/media/player/cutout/cl41c51759646285.png,Italy,2002-02-12,Active,Male,Forward,25.907421112060547,Cancellieri,True,False,False,REVIEW_REQUIRED,TheSportsDB,https://www.thesportsdb.com/player/34193829,2026-09-14T07:35:00.267885+00:00
34173767,133668,Gustav Isaksen,Lazio,Soccer,https://r2.thesportsdb.com/images/media/player/thumb/zrk1111654283385.jpg,https://r2.thesportsdb.com/images/media/player/cutout/le8xvv1698231395.png,Denmark,2001-04-19,Active,Male,Forward,25.907421112060547,Isaksen,True,False,False,REVIEW_REQUIRED,TheSportsDB,https://www.thesportsdb.com/player/34173767,2026-09-14T07:35:02.560761+00:00
34174270,134270,Andrea Colpani,Monza,Soccer,https://r2.thesportsdb.com/images/media/player/thumb/ueoy1v1679664047.jpg,https://r2.thesportsdb.com/images/media/player/cutout/kyjmlj1679664099.png,Italy,1999-05-11,Active,Male,Midfielder,29.06248664855957,Colpani,True,False,False,REVIEW_REQUIRED,TheSportsDB,https://www.thesportsdb.com/player/34174270,2026-09-14T07:35:04.786786+00:00
34147231,133670,Matteo Politano,Napoli,Soccer,https://r2.thesportsdb.com/images/media/player/thumb/4pr9591702565157.jpg,https://r2.thesportsdb.com/images/media/player/cutout/cpnmfs1762288328.png,Italy,1993-08-03,Active,Male,Right Winger,29.06248664855957,Politano,True,False,False,REVIEW_REQUIRED,TheSportsDB,https://www.thesportsdb.com/player/34147231,2026-09-14T07:35:07.024412+00:00
34146499,133682,Bryan Cristante,Roma,Soccer,https://r2.thesportsdb.com/images/media/player/thumb/4y6tzt1533894093.jpg,https://r2.thesportsdb.com/images/media/player/cutout/0b2tmm1758815345.png,Italy,1995-03-03,Active,Male,Midfielder,25.907421112060547,Cristante,True,False,False,REVIEW_REQUIRED,TheSportsDB,https://www.thesportsdb.com/player/34146499,2026-09-14T07:35:09.278295+00:00
34403218,135850,Leonardo Volpato,_Retired Cycling,Cycling,,,Italy,2004-12-14,Retired,Male,Cyclist,25.907421112060547,Volpato,True,False,False,REVIEW_REQUIRED,TheSportsDB,https://www.thesportsdb.com/player/34403218,2026-09-14T07:35:12.582158+00:00
34169096,155354,Mattia Casadei,D34G WorldSSP Racing Team,Motorsport,https://r2.thesportsdb.com/images/media/player/thumb/950h2n1577723965.jpg,https://r2.thesportsdb.com/images/media/player/cutout/1k0j6n1776109350.png,Italy,1999-07-02,Active,Male,Driver,22.014801025390625,Casadei,True,False,False,REVIEW_REQUIRED,TheSportsDB,https://www.thesportsdb.com/player/34169096,2026-09-14T07:35:14.820805+00:00
34147248,133682,Lorenzo Pellegrini,Roma,Soccer,https://r2.thesportsdb.com/images/media/player/thumb/b7003u1533985895.jpg,https://r2.thesportsdb.com/images/media/player/cutout/wq1jr81758815397.png,Italy,1996-06-19,Active,Male,Attacking Midfield,18.918764114379883,Pellegrini Lo.,True,False,False,REVIEW_REQUIRED,TheSportsDB,https://www.thesportsdb.com/player/34147248,2026-09-14T07:35:17.041309+00:00
34145537,134782,Mario Pašalić,Atalanta,Soccer,https://r2.thesportsdb.com/images/media/player/thumb/u3di9z1546032437.jpg,https://r2.thesportsdb.com/images/media/player/cutout/akmxr91695157400.png,Croatia,1995-02-09,Active,Male,Central Midfield,24.145843505859375,Pasalic,True,False,False,REVIEW_REQUIRED,TheSportsDB,https://www.thesportsdb.com/player/34145537,2026-09-14T07:35:19.299368+00:00
34216573,134781,Jens Odgaard,Bologna,Soccer,https://r2.thesportsdb.com/images/media/player/thumb/bkznay1679158087.jpg,https://r2.thesportsdb.com/images/media/player/cutout/ls06i11758896851.png,Denmark,1999-03-31,Active,Male,Right Winger,25.907421112060547,Odgaard,True,False,False,REVIEW_REQUIRED,TheSportsDB,https://www.thesportsdb.com/player/34216573,2026-09-14T07:35:21.527009+00:00
34200295,134781,Nicolò Cambiaghi,Bologna,Soccer,https://r2.thesportsdb.com/images/media/player/thumb/kyslms1678718823.jpg,https://r2.thesportsdb.com/images/media/player/cutout/4x68lo1758896955.png,Italy,2000-12-28,Active,Male,Forward,25.907421112060547,Cambiaghi,True,False,False,REVIEW_REQUIRED,TheSportsDB,https://www.thesportsdb.com/player/34200295,2026-09-14T07:35:23.791114+00:00
34147179,133674,Rolando Mandragora,Fiorentina,Soccer,https://r2.thesportsdb.com/images/media/player/thumb/0owzgf1546517167.jpg,https://r2.thesportsdb.com/images/media/player/cutout/slgfda1758891918.png,Italy,1997-06-29,Active,Male,Midfielder,29.06248664855957,Mandragora,True,False,False,REVIEW_REQUIRED,TheSportsDB,https://www.thesportsdb.com/player/34147179,2026-09-14T07:35:26.053908+00:00
34174422,133818,Giacomo Calò,Frosinone,Soccer,,,Italy,1997-02-05,Active,Male,Midfielder,19.280559539794922,Calò,True,False,False,REVIEW_REQUIRED,TheSportsDB,https://www.thesportsdb.com/player/34174422,2026-09-14T07:35:28.276476+00:00
34170333,133667,Samuel Chukwueze,AC Milan,Soccer,https://r2.thesportsdb.com/images/media/player/thumb/x8mfz71772025092.jpg,https://r2.thesportsdb.com/images/media/player/cutout/8t0gxa1757069795.png,Nigeria,1999-05-22,Active,Male,Forward,29.06248664855957,Chukwueze,True,False,False,REVIEW_REQUIRED,TheSportsDB,https://www.thesportsdb.com/player/34170333,2026-09-14T07:35:30.518210+00:00
34162023,133670,Stanislav Lobotka,Napoli,Soccer,https://r2.thesportsdb.com/images/media/player/thumb/c4cknf1771246665.jpg,https://r2.thesportsdb.com/images/media/player/cutout/spo0qz1762288279.png,Slovakia,1994-11-25,Active,Male,Defensive Midfield,29.06248664855957,Lobotka,True,False,False,REVIEW_REQUIRED,TheSportsDB,https://www.thesportsdb.com/player/34162023,2026-09-14T07:35:32.734177+00:00
34145841,135181,Arouna Kone,_Retired Soccer,Soccer,https://r2.thesportsdb.com/images/media/player/thumb/tsvywx1471027001.jpg,,Ivory Coast,1983-11-11,,Male,Forward,12.949718475341797,Konè I.,True,False,False,REVIEW_REQUIRED,TheSportsDB,https://www.thesportsdb.com/player/34145841,2026-09-14T07:35:35.030762+00:00
34154986,138347,Jonathan Schmid,Progrès Niederkorn,Soccer,https://r2.thesportsdb.com/images/media/player/thumb/r0tb2s1578088058.jpg,https://r2.thesportsdb.com/images/media/player/cutout/7c7u091680092610.png,France,1990-06-26,Active,Male,Right Midfield,11.090668678283691,Schmid,True,False,False,REVIEW_REQUIRED,TheSportsDB,https://www.thesportsdb.com/player/34154986,2026-09-14T07:35:37.251734+00:00
34148542,134241,Sam Hutchinson,AFC Wimbledon,Soccer,https://r2.thesportsdb.com/images/media/player/thumb/kmjihq1508583573.jpg,https://r2.thesportsdb.com/images/media/player/cutout/z31c0r1759421853.png,England,1989-08-03,Active,Male,Midfielder,14.355788230895996,Hutchinson,True,False,False,REVIEW_REQUIRED,TheSportsDB,https://www.thesportsdb.com/player/34148542,2026-09-14T07:35:39.572384+00:00
34246804,133662,Samuel Mbangula,Werder Bremen,Soccer,https://r2.thesportsdb.com/images/media/player/thumb/944dzm1724146372.jpg,https://r2.thesportsdb.com/images/media/player/cutout/yqmqiz1763666165.png,Belgium,2004-01-16,Active,Male,Attacker,29.06248664855957,Mbangula,True,False,False,REVIEW_REQUIRED,TheSportsDB,https://www.thesportsdb.com/player/34246804,2026-09-14T07:35:41.959075+00:00
34147867,140612,Gaetano Berardi,Bellinzona,Soccer,https://r2.thesportsdb.com/images/media/player/thumb/mq61121506935053.jpg,https://r2.thesportsdb.com/images/media/player/cutout/qyozca1604350124.png,Switzerland,1988-08-21,Active,Male,Defender,17.5296573638916,Gaetano,True,False,False,REVIEW_REQUIRED,TheSportsDB,https://www.thesportsdb.com/player/34147867,2026-09-14T07:35:44.177848+00:00
34179917,134782,Nicola Zalewski,Atalanta,Soccer,https://r2.thesportsdb.com/images/media/player/thumb/63x2kb1679567541.jpg,https://r2.thesportsdb.com/images/media/player/cutout/zbqpct1764331476.png,Poland,2002-01-23,Active,Male,Left Midfield,24.145843505859375,Zalewski,True,False,False,REVIEW_REQUIRED,TheSportsDB,https://www.thesportsdb.com/player/34179917,2026-09-14T07:35:46.396985+00:00
34146090,137154,Shane Ferguson,_Free Agent Soccer,Soccer,https://r2.thesportsdb.com/images/media/player/thumb/kcl6el1502447688.jpg,https://r2.thesportsdb.com/images/media/player/cutout/zupdn51695390498.png,Northern Ireland,1991-07-12,Free Agent,Male,Defender,11.588521003723145,Ferguson,True,False,False,REVIEW_REQUIRED,TheSportsDB,https://www.thesportsdb.com/player/34146090,2026-09-14T07:35:48.697623+00:00
34200190,134783,Ndary Adopo,Cagliari,Soccer,https://r2.thesportsdb.com/images/media/player/thumb/4nxaej1679577720.jpg,https://r2.thesportsdb.com/images/media/player/cutout/v7jfga1764336091.png,France,2000-07-19,Active,Male,Midfielder,25.907421112060547,Adopo,True,False,False,REVIEW_REQUIRED,TheSportsDB,https://www.thesportsdb.com/player/34200190,2026-09-14T07:35:50.916932+00:00
34147098,134668,Andrea Romano,Reggiana,Soccer,,https://r2.thesportsdb.com/images/media/player/cutout/43000499.png,Italy,1993-07-23,Active,Male,Midfielder,13.630814552307129,Romano,True,False,False,REVIEW_REQUIRED,TheSportsDB,https://www.thesportsdb.com/player/34147098,2026-09-14T07:35:53.134451+00:00
34180749,133674,Nicolò Fagioli,Fiorentina,Soccer,https://r2.thesportsdb.com/images/media/player/thumb/bll7t71621546917.jpg,https://r2.thesportsdb.com/images/media/player/cutout/d4gbgc1758891694.png,Italy,2001-02-12,Active,Male,Midfielder,25.907421112060547,Fagioli,True,False,False,REVIEW_REQUIRED,TheSportsDB,https://www.thesportsdb.com/player/34180749,2026-09-14T07:35:55.413146+00:00
34180067,136445,Astou Ndour-Fall,Connecticut Sun,Basketball,https://r2.thesportsdb.com/images/media/player/thumb/6qcfkp1621018689.jpg,https://r2.thesportsdb.com/images/media/player/cutout/egigm71738406550.png,Spain,1994-08-22,Active,Female,Center,20.664892196655273,Ndour,True,False,False,REVIEW_REQUIRED,TheSportsDB,https://www.thesportsdb.com/player/34180067,2026-09-14T07:35:57.744423+00:00
34173667,133675,Morten Wetche Frendrup,Genoa,Soccer,https://r2.thesportsdb.com/images/media/player/thumb/lcmssc1610626477.jpg,https://r2.thesportsdb.com/images/media/player/cutout/nmzwe81758989202.png,Denmark,2001-04-07,Active,Male,Midfielder,25.907421112060547,Frendrup,True,False,False,REVIEW_REQUIRED,TheSportsDB,https://www.thesportsdb.com/player/34173667,2026-09-14T07:35:59.962927+00:00
34170367,133676,Teun Koopmeiners,Juventus,Soccer,https://r2.thesportsdb.com/images/media/player/thumb/9rlzkj1622152930.jpg,https://r2.thesportsdb.com/images/media/player/cutout/pvqhh01759225850.png,The Netherlands,1998-02-28,Active,Male,Defensive Midfield,25.907421112060547,Koopmeiners,True,False,False,REVIEW_REQUIRED,TheSportsDB,https://www.thesportsdb.com/player/34170367,2026-09-14T07:36:02.229226+00:00
34169449,133668,Nicolò Rovella,Lazio,Soccer,https://r2.thesportsdb.com/images/media/player/thumb/cl4e9k1604865541.jpg,https://r2.thesportsdb.com/images/media/player/cutout/8d65j91698231605.png,Italy,2001-12-04,Active,Male,Midfielder,29.06248664855957,Rovella,True,False,False,REVIEW_REQUIRED,TheSportsDB,https://www.thesportsdb.com/player/34169449,2026-09-14T07:36:04.453984+00:00
34146216,135181,Souleymane Coulibaly,_Retired Soccer,Soccer,https://r2.thesportsdb.com/images/media/player/thumb/uyturr1431565848.jpg,https://r2.thesportsdb.com/images/media/player/cutout/rrvpqs1424827568.png,Ivory Coast,1994-12-26,,Male,Forward,13.105206489562988,Coulibaly L.,True,False,False,REVIEW_REQUIRED,TheSportsDB,https://www.thesportsdb.com/player/34146216,2026-09-14T07:36:06.670184+00:00
34247805,133859,Ebenezer Ajodun Akinsanmiro,Pisa,Soccer,https://r2.thesportsdb.com/images/media/player/thumb/x7sm4z1764163977.jpg,https://r2.thesportsdb.com/images/media/player/cutout/2y7e811764188572.png,Nigeria,2004-11-25,Active,Male,Midfielder,29.06248664855957,Akinsanmiro,True,False,False,REVIEW_REQUIRED,TheSportsDB,https://www.thesportsdb.com/player/34247805,2026-09-14T07:36:08.889156+00:00
34207906,135828,Bernabe Zapata Miralles,_Retired Tennis,Tennis,,,Spain,1997-01-12,Retired,Male,Tennis Player,18.29290008544922,Bernabè,True,False,False,REVIEW_REQUIRED,TheSportsDB,https://www.thesportsdb.com/player/34207906,2026-09-14T07:36:11.147483+00:00
34249711,133682,Niccolò Pisilli,Roma,Soccer,https://r2.thesportsdb.com/images/media/player/thumb/5v8phc1758815586.jpg,https://r2.thesportsdb.com/images/media/player/cutout/greier1758815494.png,Italy,2004-09-23,Active,Male,Midfielder,29.06248664855957,Pisilli,True,False,False,REVIEW_REQUIRED,TheSportsDB,https://www.thesportsdb.com/player/34249711,2026-09-14T07:36:13.475312+00:00
34176094,133679,Jesper Karlström,Udinese,Soccer,https://r2.thesportsdb.com/images/media/player/thumb/sofcs51778612331.jpg,https://r2.thesportsdb.com/images/media/player/cutout/r1owct1764172392.png,Sweden,1995-06-21,Active,Male,Defensive Midfield,22.933595657348633,Karlstrom,True,False,False,REVIEW_REQUIRED,TheSportsDB,https://www.thesportsdb.com/player/34176094,2026-09-14T07:36:15.859625+00:00
34226401,133727,Unai Gómez,Athletic Bilbao,Soccer,https://r2.thesportsdb.com/images/media/player/thumb/8y9gnl1703241679.jpg,https://r2.thesportsdb.com/images/media/player/cutout/97cfji1703241759.png,Spain,2003-05-25,Active,Male,Attacking Midfield,22.46240997314453,Unai Gomez,True,True,False,REVIEW_REQUIRED,TheSportsDB,https://www.thesportsdb.com/player/34226401,2026-09-14T07:36:18.082832+00:00
34148267,133885,Ali Sowe,Rizespor,Soccer,https://r2.thesportsdb.com/images/media/player/thumb/nhu1sk1638529278.jpg,https://r2.thesportsdb.com/images/media/player/cutout/q64rf41705489526.png,Gambia,1994-06-14,Active,Male,Centre-Forward,13.000593185424805,Sow,True,False,False,REVIEW_REQUIRED,TheSportsDB,https://www.thesportsdb.com/player/34148267,2026-09-14T07:36:20.308557+00:00
34169492,133670,Eljif Elmas,Napoli,Soccer,https://r2.thesportsdb.com/images/media/player/thumb/4lolhe1771246306.jpg,https://r2.thesportsdb.com/images/media/player/cutout/38hezl1762288414.png,Macedonia,1999-09-24,Active,Male,Attacking Midfield,24.145843505859375,Elmas,True,False,False,REVIEW_REQUIRED,TheSportsDB,https://www.thesportsdb.com/player/34169492,2026-09-14T07:36:22.531886+00:00
34147501,135181,Hugo Monteiro,_Retired Soccer,Soccer,https://r2.thesportsdb.com/images/media/player/thumb/sssrqr1421422969.jpg,https://r2.thesportsdb.com/images/media/player/cutout/744603.png,Portugal,1985-05-09,Retired,Male,Forward,13.970781326293945,Monteiro J.,True,False,False,REVIEW_REQUIRED,TheSportsDB,https://www.thesportsdb.com/player/34147501,2026-09-14T07:36:24.823916+00:00
34146603,141175,Mahamadou-Naby Sarr,Al-Markhiya,Soccer,https://r2.thesportsdb.com/images/media/player/thumb/yqtuxq1432842714.jpg,https://r2.thesportsdb.com/images/media/player/cutout/1swf371675073280.png,France,1993-08-13,Active,Male,Defender,13.105206489562988,Sarr P.,True,False,False,REVIEW_REQUIRED,TheSportsDB,https://www.thesportsdb.com/player/34146603,2026-09-14T07:36:27.045911+00:00
34148423,133682,Stephan El Shaarawy,Roma,Soccer,https://r2.thesportsdb.com/images/media/player/thumb/m7bv7o1533987336.jpg,https://r2.thesportsdb.com/images/media/player/cutout/u84zag1758815313.png,Italy,1992-10-27,Active,Male,Winger,29.06248664855957,El Shaarawy,True,False,False,REVIEW_REQUIRED,TheSportsDB,https://www.thesportsdb.com/player/34148423,2026-09-14T07:36:29.489977+00:00
34172616,134781,Tommaso Pobega,Bologna,Soccer,https://r2.thesportsdb.com/images/media/player/thumb/4qzpax1611002512.jpg,https://r2.thesportsdb.com/images/media/player/cutout/856mb71758897503.png,Italy,1999-07-15,Active,Male,Midfielder,29.06248664855957,Pobega,True,False,False,REVIEW_REQUIRED,TheSportsDB,https://www.thesportsdb.com/player/34172616,2026-09-14T07:36:31.905678+00:00
34146215,134783,Harry Winks,Cagliari,Soccer,https://r2.thesportsdb.com/images/media/player/thumb/beu2g01533751449.jpg,https://r2.thesportsdb.com/images/media/player/cutout/q9nxwy1761861923.png,England,1996-02-02,Active,Male,Defensive Midfield,29.06248664855957,Winks,True,False,False,REVIEW_REQUIRED,TheSportsDB,https://www.thesportsdb.com/player/34146215,2026-09-14T07:36:34.116004+00:00
34190048,140973,Luca Fazzini,Lugano,Ice Hockey,https://r2.thesportsdb.com/images/media/player/thumb/6zs6e11624922276.jpg,,Switzerland,1995-03-17,Active,Male,Wing,25.907421112060547,Fazzini,True,False,False,REVIEW_REQUIRED,TheSportsDB,https://www.thesportsdb.com/player/34190048,2026-09-14T07:36:36.360598+00:00
34158448,135181,Chris Millar,_Retired Soccer,Soccer,,https://r2.thesportsdb.com/images/media/player/cutout/5204715.png,Scotland,1983-03-30,Retired,Male,Midfielder,12.755036354064941,Milla,True,False,False,REVIEW_REQUIRED,TheSportsDB,https://www.thesportsdb.com/player/34158448,2026-09-14T07:36:38.614599+00:00
34172186,134243,Maxence Caqueret,Como,Soccer,https://r2.thesportsdb.com/images/media/player/thumb/9c8ulq1597579975.jpg,https://r2.thesportsdb.com/images/media/player/cutout/1sm2uu1764278154.png,France,2000-02-15,Active,Male,Midfielder,29.06248664855957,Caqueret,True,False,False,REVIEW_REQUIRED,TheSportsDB,https://www.thesportsdb.com/player/34172186,2026-09-14T07:36:40.833068+00:00
34252185,148674,Mattia Liberali,Milan Futuro,Soccer,,,Italy,2007-04-06,Active,Male,Attacking Midfield,29.06248664855957,Liberali,True,False,False,REVIEW_REQUIRED,TheSportsDB,https://www.thesportsdb.com/player/34252185,2026-09-14T07:36:43.121004+00:00
34247860,134253,Christian Kouan Oulaï,Cosenza,Soccer,,,Ivory Coast,1999-12-20,,Male,Midfielder,24.145843505859375,Oulai,True,False,False,REVIEW_REQUIRED,TheSportsDB,https://www.thesportsdb.com/player/34247860,2026-09-14T07:36:45.414265+00:00
34194581,134224,Alessio Zerbin,Cremonese,Soccer,https://r2.thesportsdb.com/images/media/player/thumb/amp8l91637631542.jpg,https://r2.thesportsdb.com/images/media/player/cutout/k6lda81758886595.png,Italy,1999-03-03,Active,Male,Left Wing,22.933595657348633,Zerbin,True,False,False,REVIEW_REQUIRED,TheSportsDB,https://www.thesportsdb.com/player/34194581,2026-09-14T07:36:47.735414+00:00
34200462,133675,Mikael Egill Ellertsson,Genoa,Soccer,https://r2.thesportsdb.com/images/media/player/thumb/yrssqs1741955032.jpg,https://r2.thesportsdb.com/images/media/player/cutout/o42gxk1758989060.png,Iceland,2002-03-11,Active,Male,Forward,29.06248664855957,Ellertsson,True,False,False,REVIEW_REQUIRED,TheSportsDB,https://www.thesportsdb.com/player/34200462,2026-09-14T07:36:50.113424+00:00
34196464,133676,Edon Zhegrova,Juventus,Soccer,https://r2.thesportsdb.com/images/media/player/thumb/g1klsb1653486280.jpg,https://r2.thesportsdb.com/images/media/player/cutout/0cl9vy1759225607.png,Germany,1999-03-31,Active,Male,Midfielder,29.06248664855957,Zhegrova,True,False,False,REVIEW_REQUIRED,TheSportsDB,https://www.thesportsdb.com/player/34196464,2026-09-14T07:36:52.561541+00:00
34218718,133678,Santiago Pierotti,Lecce,Soccer,https://r2.thesportsdb.com/images/media/player/thumb/pidww71731099862.jpg,https://r2.thesportsdb.com/images/media/player/cutout/srky461759693262.png,Argentina,2001-04-03,Active,Male,Attacker,24.145843505859375,Pierotti,True,False,False,REVIEW_REQUIRED,TheSportsDB,https://www.thesportsdb.com/player/34218718,2026-09-14T07:36:54.781119+00:00
34164232,134270,Matteo Pessina,Monza,Soccer,https://r2.thesportsdb.com/images/media/player/thumb/pi7eo51546084569.jpg,https://r2.thesportsdb.com/images/media/player/cutout/zmgsxf1679666402.png,Italy,1997-04-21,Active,Male,Attacking Midfield,25.907421112060547,Pessina,True,False,False,REVIEW_REQUIRED,TheSportsDB,https://www.thesportsdb.com/player/34164232,2026-09-14T07:36:57.022580+00:00
34175829,135728,Hans Nicolussi Caviglia,Parma,Soccer,https://r2.thesportsdb.com/images/media/player/thumb/i0l20d1610448906.jpg,https://r2.thesportsdb.com/images/media/player/cutout/cfsog11777708265.png,Italy,2000-06-18,Active,Male,Midfielder,53.20832824707031,Nicolussi Caviglia,True,False,False,REVIEW_REQUIRED,TheSportsDB,https://www.thesportsdb.com/player/34175829,2026-09-14T07:36:59.241334+00:00
34145509,133701,Nemanja Matic,Sassuolo,Soccer,https://r2.thesportsdb.com/images/media/player/thumb/kdiqkt1510319092.jpg,https://r2.thesportsdb.com/images/media/player/cutout/wuygyf1764106091.png,Serbia,1988-08-01,Active,Male,Midfielder,15.433626174926758,Matic,True,False,False,REVIEW_REQUIRED,TheSportsDB,https://www.thesportsdb.com/player/34145509,2026-09-14T07:37:01.534484+00:00
34170402,139222,Luka Adžić,Bangkok United,Soccer,https://r2.thesportsdb.com/images/media/player/thumb/80f1241687614333.jpg,,Serbia,1998-09-17,Active,Male,Left Wing,22.933595657348633,Adzic,True,False,False,REVIEW_REQUIRED,TheSportsDB,https://www.thesportsdb.com/player/34170402,2026-09-14T07:37:03.801234+00:00
34271292,135181,Apostolos Bakolas,_Retired-Soccer,Soccer,,,Greece,1993-10-10,Retired,Male,Goalkeeper,25.907421112060547,Bakola,True,False,False,REVIEW_REQUIRED,TheSportsDB,https://www.thesportsdb.com/player/34271292,2026-09-14T07:37:06.018435+00:00
34433663,133696,Alessio Cacciamani,Juve Stabia,Soccer,,,Italy,2007-06-29,,Male,Attacker,29.06248664855957,Cacciamani,True,False,False,REVIEW_REQUIRED,TheSportsDB,https://www.thesportsdb.com/player/34433663,2026-09-14T07:37:08.287192+00:00
34218489,135728,Gaetano Oristanio,Parma,Soccer,https://r2.thesportsdb.com/images/media/player/thumb/s5mt9u1692622681.jpg,https://r2.thesportsdb.com/images/media/player/cutout/1ljtjv1759780766.png,Italy,2002-09-28,Active,Male,Midfielder,29.06248664855957,Oristanio,True,False,False,REVIEW_REQUIRED,TheSportsDB,https://www.thesportsdb.com/player/34218489,2026-09-14T07:37:10.504099+00:00
34178479,133679,Jakub Piotrowski,Udinese,Soccer,https://r2.thesportsdb.com/images/media/player/thumb/pb40gc1719012263.jpg,https://r2.thesportsdb.com/images/media/player/cutout/pajueo1764172535.png,Poland,1997-10-04,Active,Male,Midfielder,22.933595657348633,Piotrowski,True,False,False,REVIEW_REQUIRED,TheSportsDB,https://www.thesportsdb.com/player/34178479,2026-09-14T07:37:12.730443+00:00
34173243,133668,Toma Bašić,Lazio,Soccer,https://r2.thesportsdb.com/images/media/player/thumb/ifu98c1607636793.jpg,https://r2.thesportsdb.com/images/media/player/cutout/7d0yab1698231270.png,Croatia,1996-11-25,Active,Male,Midfielder,21.27803611755371,Basic,True,False,False,REVIEW_REQUIRED,TheSportsDB,https://www.thesportsdb.com/player/34173243,2026-09-14T07:37:14.970294+00:00
34145606,135181,Yaya Toure,_Retired Soccer,Soccer,https://r2.thesportsdb.com/images/media/player/thumb/br18c51510521838.jpg,https://r2.thesportsdb.com/images/media/player/cutout/hvmjx81654243164.png,Ivory Coast,1983-05-13,,Male,Centre Midfielder,13.052411079406738,Tourè I.,True,False,False,REVIEW_REQUIRED,TheSportsDB,https://www.thesportsdb.com/player/34145606,2026-09-14T07:37:17.256446+00:00
34181130,135708,Daniel Bragança,Sporting CP,Soccer,https://r2.thesportsdb.com/images/media/player/thumb/szquh91724522475.jpg,https://r2.thesportsdb.com/images/media/player/cutout/skv69a1724522410.png,Portugal,1999-05-27,Active,Male,Central Midfield,29.06248664855957,Braganca,True,False,False,REVIEW_REQUIRED,TheSportsDB,https://www.thesportsdb.com/player/34181130,2026-09-14T07:37:19.537908+00:00
34145349,138319,Maximiliano Amondarain,Cienciano,Soccer,https://r2.thesportsdb.com/images/media/player/thumb/6o59bx1642850880.jpg,https://r2.thesportsdb.com/images/media/player/cutout/43gkg81642851590.png,Uruguay,1993-01-22,Active,Male,Centre-Back,24.145843505859375,Amondarain,True,False,False,REVIEW_REQUIRED,TheSportsDB,https://www.thesportsdb.com/player/34145349,2026-09-14T07:37:21.756150+00:00
34160673,146733,Cristiano Felício,Sendai 89ers,Basketball,https://r2.thesportsdb.com/images/media/player/thumb/lrri2k1549195504.jpg,https://r2.thesportsdb.com/images/media/player/cutout/werl4j1653679111.png,Brazil,1992-07-07,Active,Male,Power Forward,14.525091171264648,Felici,True,False,False,REVIEW_REQUIRED,TheSportsDB,https://www.thesportsdb.com/player/34160673,2026-09-14T07:37:24.014828+00:00
34435504,134394,Franz-Ethan Meichtry,Thun,Soccer,https://r2.thesportsdb.com/images/media/player/thumb/195fou1777914904.jpg,https://r2.thesportsdb.com/images/media/player/cutout/or26hk1777914881.png,Switzerland,2005-07-08,Active,Male,Midfielder,29.06248664855957,Meichtry,True,False,False,REVIEW_REQUIRED,TheSportsDB,https://www.thesportsdb.com/player/34435504,2026-09-14T07:37:26.235081+00:00
34163271,135675,Luís Henrique,Feirense,Soccer,https://r2.thesportsdb.com/images/media/player/thumb/nazanp1527521197.jpg,,Brazil,1998-03-17,Active,Male,Forward,16.437345504760742,Luis Henrique,True,True,False,REVIEW_REQUIRED,TheSportsDB,https://www.thesportsdb.com/player/34163271,2026-09-14T07:37:28.463044+00:00
34170165,133798,Tom Dele-Bashiru,Gençlerbirliği,Soccer,https://r2.thesportsdb.com/images/media/player/thumb/qmoob71585658926.jpg,https://r2.thesportsdb.com/images/media/player/cutout/iicmih1694523029.png,Nigeria,1999-09-17,Active,Male,Central Midfield,38.670936584472656,Dele-Bashiru,True,False,False,REVIEW_REQUIRED,TheSportsDB,https://www.thesportsdb.com/player/34170165,2026-09-14T07:37:30.685549+00:00
34202607,133667,Ardon Jashari,AC Milan,Soccer,https://r2.thesportsdb.com/images/media/player/thumb/hj7nqf1668522659.jpg,https://r2.thesportsdb.com/images/media/player/cutout/yvd5v21762956511.png,Switzerland,2002-07-30,Active,Male,Defensive Midfield,22.014801025390625,Jashari,True,False,False,REVIEW_REQUIRED,TheSportsDB,https://www.thesportsdb.com/player/34202607,2026-09-14T07:37:32.990848+00:00
34146845,135181,Alphousseyni Keita,_Retired Soccer,Soccer,,https://r2.thesportsdb.com/images/media/player/cutout/8627885.png,Mali,1985-11-13,Retired,Male,Midfielder,12.529511451721191,Keita M.,True,False,False,REVIEW_REQUIRED,TheSportsDB,https://www.thesportsdb.com/player/34146845,2026-09-14T07:37:35.250838+00:00
34216728,133772,Kian Fitz-Jim,Ajax,Soccer,https://r2.thesportsdb.com/images/media/player/thumb/66hn0j1679148413.jpg,https://r2.thesportsdb.com/images/media/player/cutout/c8pm8v1722883221.png,The Netherlands,2003-07-05,Active,Male,Midfielder,15.512811660766602,Fitz-Jim,True,False,False,REVIEW_REQUIRED,TheSportsDB,https://www.thesportsdb.com/player/34216728,2026-09-14T07:37:37.646173+00:00
34215765,133687,Gvidas Gineitis,Torino,Soccer,https://r2.thesportsdb.com/images/media/player/thumb/arbzce1679578033.jpg,https://r2.thesportsdb.com/images/media/player/cutout/ihkzws1766831086.png,Lithuania,2004-04-15,Active,Male,Central Midfield,29.06248664855957,Gineitis,True,False,False,REVIEW_REQUIRED,TheSportsDB,https://www.thesportsdb.com/player/34215765,2026-09-14T07:37:40.097562+00:00
34180861,134234,Gianluca Busio,Venezia,Soccer,https://r2.thesportsdb.com/images/media/player/thumb/4vb8xe1633103028.jpg,https://r2.thesportsdb.com/images/media/player/cutout/wdglw11633103034.png,United States,2002-05-28,Active,Male,Midfielder,29.06248664855957,Busio,True,False,False,REVIEW_REQUIRED,TheSportsDB,https://www.thesportsdb.com/player/34180861,2026-09-14T07:37:42.370451+00:00
34172383,134781,Simon Sohm,Bologna,Soccer,https://r2.thesportsdb.com/images/media/player/thumb/qsq1mr1601835331.jpg,https://r2.thesportsdb.com/images/media/player/cutout/ssk8f71776674671.png,Switzerland,2001-04-11,Active,Male,Central Midfield,25.907421112060547,Sohm,True,False,False,REVIEW_REQUIRED,TheSportsDB,https://www.thesportsdb.com/player/34172383,2026-09-14T07:37:44.598673+00:00
34234157,136856,Sebastián Pérez Bouquet Pérez,Atlético de San Luis,Soccer,,,Mexico,2003-06-22,,Male,Midfielder,15.389741897583008,Perez K.,True,False,False,REVIEW_REQUIRED,TheSportsDB,https://www.thesportsdb.com/player/34234157,2026-09-14T07:37:46.828127+00:00
34152609,135181,Djibril Cisse,_Retired Soccer,Soccer,https://r2.thesportsdb.com/images/media/player/thumb/65bdkb1578400111.jpg,https://r2.thesportsdb.com/images/media/player/cutout/uwtrrt1425221920.png,France,1981-08-12,,Male,Forward,13.159012794494629,Cissè A.,True,False,False,REVIEW_REQUIRED,TheSportsDB,https://www.thesportsdb.com/player/34152609,2026-09-14T07:37:49.061006+00:00
34145657,135181,Wayne Rooney,_Retired Soccer,Soccer,https://r2.thesportsdb.com/images/media/player/thumb/w561fs1732109007.jpg,https://r2.thesportsdb.com/images/media/player/cutout/voz09s1609529985.png,England,1985-10-24,Retired,Male,Manager,15.0995454788208,De Roon,True,False,False,REVIEW_REQUIRED,TheSportsDB,https://www.thesportsdb.com/player/34145657,2026-09-14T07:37:51.422501+00:00
34148047,135181,Davide Moro,_Retired Soccer,Soccer,,https://r2.thesportsdb.com/images/media/player/cutout/830857.png,Italy,1982-01-02,,Male,Midfielder,11.811050415039062,Moro N.,True,False,False,REVIEW_REQUIRED,TheSportsDB,https://www.thesportsdb.com/player/34148047,2026-09-14T07:37:53.735478+00:00
34146406,135677,Juan Dominguez,Reus,Soccer,https://r2.thesportsdb.com/images/media/player/thumb/2eyslt1532264479.jpg,,Spain,1990-01-08,Active,Male,Midfielder,11.383403778076172,Dominguez B.,True,False,False,REVIEW_REQUIRED,TheSportsDB,https://www.thesportsdb.com/player/34146406,2026-09-14T07:37:56.003514+00:00
34149931,135356,Joseph Addai,_Retired American Football,American Football,https://r2.thesportsdb.com/images/media/player/thumb/t9233a1486817106.jpg,https://r2.thesportsdb.com/images/media/player/cutout/9inv9i1732915465.png,United States,1983-05-03,,Male,Running Back,20.664892196655273,Addai,True,False,False,REVIEW_REQUIRED,TheSportsDB,https://www.thesportsdb.com/player/34149931,2026-09-14T07:37:58.225790+00:00
34206353,135828,Thomas Fabbiano,_Retired Tennis,Tennis,,,Italy,1989-05-26,Retired,Male,Tennis Player,25.907421112060547,Fabbian,True,False,False,REVIEW_REQUIRED,TheSportsDB,https://www.thesportsdb.com/player/34206353,2026-09-14T07:38:00.444082+00:00
34247661,133818,Matteo Cichella,Frosinone,Soccer,,,Italy,2005-10-04,,Male,Midfielder,29.06248664855957,Cichella,True,False,False,REVIEW_REQUIRED,TheSportsDB,https://www.thesportsdb.com/player/34247661,2026-09-14T07:38:02.678934+00:00
34170657,135181,Finidi George,_Retired Soccer,Soccer,https://r2.thesportsdb.com/images/media/player/thumb/vfb6481586639168.jpg,,Nigeria,1971-04-15,,Male,Winger,21.27803611755371,Fini ,True,False,False,REVIEW_REQUIRED,TheSportsDB,https://www.thesportsdb.com/player/34170657,2026-09-14T07:38:04.985719+00:00
34146517,135181,Ruben Amorim,_Retired Soccer,Soccer,https://r2.thesportsdb.com/images/media/player/thumb/fd2lef1739279664.jpg,https://r2.thesportsdb.com/images/media/player/cutout/2zneum1739279529.png,Portugal,1985-01-27,Retired,Male,Manager,16.554677963256836,Amorim,True,False,False,REVIEW_REQUIRED,TheSportsDB,https://www.thesportsdb.com/player/34146517,2026-09-14T07:38:07.208745+00:00
34172575,133675,Junior Messias,Genoa,Soccer,https://r2.thesportsdb.com/images/media/player/thumb/awp7091608193597.jpg,https://r2.thesportsdb.com/images/media/player/cutout/f1e1p91758989854.png,Brazil,1991-05-13,Active,Male,Forward,18.918764114379883,Messias,True,False,False,REVIEW_REQUIRED,TheSportsDB,https://www.thesportsdb.com/player/34172575,2026-09-14T07:38:09.638332+00:00
34146115,137154,Armand Traore,_Free Agent Soccer,Soccer,https://r2.thesportsdb.com/images/media/player/thumb/6s8q9i1506516862.jpg,,Senegal,1989-10-08,Free Agent,Male,Defender,11.811050415039062,Traorè Hj.,True,False,False,REVIEW_REQUIRED,TheSportsDB,https://www.thesportsdb.com/player/34146115,2026-09-14T07:38:11.971452+00:00
34154870,133681,Henrikh Mkhitaryan,Inter Milan,Soccer,https://r2.thesportsdb.com/images/media/player/thumb/qvwcq31520755890.jpg,https://r2.thesportsdb.com/images/media/player/cutout/mx2agf1759408938.png,Armenia,1989-01-21,Active,Male,Central Midfield,29.06248664855957,Mkhitaryan,True,False,False,REVIEW_REQUIRED,TheSportsDB,https://www.thesportsdb.com/player/34154870,2026-09-14T07:38:14.182725+00:00
34161348,133676,Douglas Luiz,Juventus,Soccer,https://r2.thesportsdb.com/images/media/player/thumb/wwihws1628614265.jpg,https://r2.thesportsdb.com/images/media/player/cutout/wiqihs1757163098.png,Brazil,1998-05-09,Active,Male,Central Midfield,21.197895050048828,Douglas Luiz,True,True,False,REVIEW_REQUIRED,TheSportsDB,https://www.thesportsdb.com/player/34161348,2026-09-14T07:38:16.455308+00:00
34164460,133668,Danilo Cataldi,Lazio,Soccer,https://r2.thesportsdb.com/images/media/player/thumb/z09t6e1546545279.jpg,https://r2.thesportsdb.com/images/media/player/cutout/6gaeg81698231313.png,Italy,1994-08-06,Active,Male,Midfielder,29.06248664855957,Cataldi,True,False,False,REVIEW_REQUIRED,TheSportsDB,https://www.thesportsdb.com/player/34164460,2026-09-14T07:38:18.779378+00:00
34199566,138893,Serge Ngoma,Birmingham Legion,Soccer,https://r2.thesportsdb.com/images/media/player/thumb/dtkr0e1662056914.jpg,https://r2.thesportsdb.com/images/media/player/cutout/k9jur01786999601.png,United States,2005-07-09,Active,Male,,18.59146499633789,Ngom,True,False,False,REVIEW_REQUIRED,TheSportsDB,https://www.thesportsdb.com/player/34199566,2026-09-14T07:38:20.993880+00:00
34147241,143606,Valmir Berisha,Malisheva,Soccer,https://r2.thesportsdb.com/images/media/player/thumb/8nrr5f1531689274.jpg,,Sweden,1996-06-06,Active,Male,Centre-Forward,17.30988121032715,Berisha M.,True,False,False,REVIEW_REQUIRED,TheSportsDB,https://www.thesportsdb.com/player/34147241,2026-09-14T07:38:23.262991+00:00
34220653,133781,Omri Gandelman,Gent,Soccer,https://r2.thesportsdb.com/images/media/player/thumb/bjpb5r1767374412.jpg,https://r2.thesportsdb.com/images/media/player/cutout/tr1f0z1767536638.png,Israel,2000-05-16,Active,Male,Defender,29.06248664855957,Gandelman,True,False,False,REVIEW_REQUIRED,TheSportsDB,https://www.thesportsdb.com/player/34220653,2026-09-14T07:38:25.590561+00:00
34147221,133683,Matteo Ricci,Sampdoria,Soccer,https://r2.thesportsdb.com/images/media/player/thumb/17myoq1533986196.jpg,https://r2.thesportsdb.com/images/media/player/cutout/c24m1y1611002637.png,Italy,1994-05-27,Active,Male,Midfielder,15.0995454788208,Ricci S.,True,False,False,REVIEW_REQUIRED,TheSportsDB,https://www.thesportsdb.com/player/34147221,2026-09-14T07:38:27.988642+00:00
34145543,133667,Ruben Loftus-Cheek,AC Milan,Soccer,https://r2.thesportsdb.com/images/media/player/thumb/nqx3zx1510409052.jpg,https://r2.thesportsdb.com/images/media/player/cutout/hydb081758892631.png,England,1996-01-23,Active,Male,Central Midfield,40.933563232421875,Loftus-Cheek,True,False,False,REVIEW_REQUIRED,TheSportsDB,https://www.thesportsdb.com/player/34145543,2026-09-14T07:38:30.436209+00:00
34174557,134783,Michael Folorunsho,Cagliari,Soccer,https://r2.thesportsdb.com/images/media/player/thumb/q3n0vu1692481390.jpg,https://r2.thesportsdb.com/images/media/player/cutout/yysf3d1764336240.png,Italy,1998-02-07,Active,Male,Midfielder,29.06248664855957,Folorunsho,True,False,False,REVIEW_REQUIRED,TheSportsDB,https://www.thesportsdb.com/player/34174557,2026-09-14T07:38:32.706970+00:00
34178091,135728,Pontus Almqvist,Parma Calcio 1913,Soccer,https://r2.thesportsdb.com/images/media/player/thumb/gznuvd1638528958.jpg,https://r2.thesportsdb.com/images/media/player/cutout/73qyd01759779587.png,Sweden,1999-07-10,Active,Male,Forward,25.907421112060547,Almqvist,True,False,False,REVIEW_REQUIRED,TheSportsDB,https://www.thesportsdb.com/player/34178091,2026-09-14T07:38:34.958776+00:00
34200134,133687,Emirhan İlkhan,Torino,Soccer,https://r2.thesportsdb.com/images/media/player/thumb/k543be1679569702.jpg,https://r2.thesportsdb.com/images/media/player/cutout/zjuwat1764099842.png,Turkey,2004-01-06,Active,Male,Midfielder,25.907421112060547,Ilkhan,True,False,False,REVIEW_REQUIRED,TheSportsDB,https://www.thesportsdb.com/player/34200134,2026-09-14T07:38:37.174026+00:00
34149421,135181,Bubacar Njie Kambi,_Retired Soccer,Soccer,,,Spain,1988-03-14,,Male,Forward,17.765146255493164,Njie,True,False,False,REVIEW_REQUIRED,TheSportsDB,https://www.thesportsdb.com/player/34149421,2026-09-14T07:38:39.400475+00:00
34147913,137154,Ishmael Miller,_Free Agent Soccer,Soccer,https://r2.thesportsdb.com/images/media/player/thumb/y0xhvp1545227074.jpg,https://r2.thesportsdb.com/images/media/player/cutout/5005672.png,England,1987-03-05,Free Agent,Male,Forward,7.826998233795166,Miller L.,True,False,False,REVIEW_REQUIRED,TheSportsDB,https://www.thesportsdb.com/player/34147913,2026-09-14T07:38:41.758016+00:00
34169207,134098,Florian Grillitsch,Braga,Soccer,https://r2.thesportsdb.com/images/media/player/thumb/qu7fyc1622121368.jpg,https://r2.thesportsdb.com/images/media/player/cutout/0bk2ad1709933135.png,Austria,1995-08-07,Active,Male,Defensive Midfield,29.06248664855957,Grillitsch,True,False,False,REVIEW_REQUIRED,TheSportsDB,https://www.thesportsdb.com/player/34169207,2026-09-14T07:38:44.067078+00:00
34201966,133700,Yanis Massolin,Modena,Soccer,https://r2.thesportsdb.com/images/media/player/thumb/jvq8hs1681053221.jpg,https://r2.thesportsdb.com/images/media/player/cutout/78uot91681056711.png,France,2002-09-20,Active,Male,Central Midfield,29.06248664855957,Massolin,True,False,False,REVIEW_REQUIRED,TheSportsDB,https://www.thesportsdb.com/player/34201966,2026-09-14T07:38:46.336697+00:00
34192115,134782,Kamaldeen Sulemana,Atalanta,Soccer,https://r2.thesportsdb.com/images/media/player/thumb/w9stoi1630490492.jpg,https://r2.thesportsdb.com/images/media/player/cutout/8761hy1764331699.png,Ghana,2002-02-15,Active,Male,Left Wing,22.014801025390625,Sulemana I.,True,False,False,REVIEW_REQUIRED,TheSportsDB,https://www.thesportsdb.com/player/34192115,2026-09-14T07:38:48.559769+00:00
34169422,134783,Alessandro Deiola,Cagliari,Soccer,https://r2.thesportsdb.com/images/media/player/thumb/iywfj81600891861.jpg,https://r2.thesportsdb.com/images/media/player/cutout/c0xapn1764336191.png,Italy,1995-08-01,Active,Male,Midfielder,29.06248664855957,Deiola,True,False,False,REVIEW_REQUIRED,TheSportsDB,https://www.thesportsdb.com/player/34169422,2026-09-14T07:38:50.781484+00:00
34174347,134782,Marco Brescianini,Atalanta,Soccer,https://r2.thesportsdb.com/images/media/player/thumb/8dw8xj1724511164.jpg,https://r2.thesportsdb.com/images/media/player/cutout/ocq8f91764281054.png,Italy,2000-01-20,Active,Male,Central Midfield,29.06248664855957,Brescianini,True,False,False,REVIEW_REQUIRED,TheSportsDB,https://www.thesportsdb.com/player/34174347,2026-09-14T07:38:52.990455+00:00
34171255,137159,Anthony Gelling,_Free Agent Rugby,Rugby,https://r2.thesportsdb.com/images/media/player/thumb/zsnb7s1589559544.jpg,https://r2.thesportsdb.com/images/media/player/cutout/0poz8b1590606415.png,New Zealand,1990-10-18,Free Agent,Male,Center,25.907421112060547,Gelli F.,True,False,False,REVIEW_REQUIRED,TheSportsDB,https://www.thesportsdb.com/player/34171255,2026-09-14T07:38:55.249824+00:00
34225629,138088,Nicola Masini,Cailungo,Soccer,,,Italy,1996-06-04,Active,Male,Goalkeeper,22.933595657348633,Masini,True,False,False,REVIEW_REQUIRED,TheSportsDB,https://www.thesportsdb.com/player/34225629,2026-09-14T07:38:57.476081+00:00
34161861,137154,Dejan Stanković,_Free Agent Soccer,Soccer,https://www.thesportsdb.com/images/media/player/thumb/59eiky1789144107.jpg,,Serbia,1978-09-11,Free Agent,Male,Manager,18.29290008544922,Stankovic A.,True,False,False,REVIEW_REQUIRED,TheSportsDB,https://www.thesportsdb.com/player/34161861,2026-09-14T07:38:59.797239+00:00
34196012,137928,Jay Gorter,Pafos,Soccer,https://r2.thesportsdb.com/images/media/player/thumb/bym0z71646657957.jpg,https://r2.thesportsdb.com/images/media/player/cutout/p4zq2y1722882731.png,The Netherlands,2000-05-30,Active,Male,Goalkeeper,22.933595657348633,Gorter,True,False,False,REVIEW_REQUIRED,TheSportsDB,https://www.thesportsdb.com/player/34196012,2026-09-14T07:39:02.241643+00:00
34174477,133678,Youssef Maleh,Lecce,Soccer,https://r2.thesportsdb.com/images/media/player/thumb/5qcdro1632410177.jpg,https://r2.thesportsdb.com/images/media/player/cutout/cflpkw1764194621.png,Morocco,1998-08-22,Active,Male,Midfielder,29.06248664855957,Maleh,True,False,False,REVIEW_REQUIRED,TheSportsDB,https://www.thesportsdb.com/player/34174477,2026-09-14T07:39:04.482066+00:00
34172821,134782,Yunus Musah,Atalanta,Soccer,https://r2.thesportsdb.com/images/media/player/thumb/ofx11d1603374505.jpg,https://r2.thesportsdb.com/images/media/player/cutout/wpi3ym1764281224.png,United States,2002-11-29,Active,Male,Midfielder,20.141006469726562,Musah,True,False,False,REVIEW_REQUIRED,TheSportsDB,https://www.thesportsdb.com/player/34172821,2026-09-14T07:39:06.785300+00:00
34172626,133675,Lorenzo Colombo,Genoa,Soccer,https://r2.thesportsdb.com/images/media/player/thumb/8vq3vj1602959747.jpg,https://r2.thesportsdb.com/images/media/player/cutout/zapyo21758989021.png,Italy,2002-03-08,Active,Male,Forward,16.554677963256836,Colombo L.,True,False,False,REVIEW_REQUIRED,TheSportsDB,https://www.thesportsdb.com/player/34172626,2026-09-14T07:39:09.017157+00:00
34169971,133670,Billy Gilmour,Napoli,Soccer,https://r2.thesportsdb.com/images/media/player/thumb/vc6ads1771246454.jpg,https://r2.thesportsdb.com/images/media/player/cutout/axk63s1764089469.png,Scotland,2001-06-11,Injured,Male,Defensive Midfield,18.29290008544922,Gilmour,True,False,False,REVIEW_REQUIRED,TheSportsDB,https://www.thesportsdb.com/player/34169971,2026-09-14T07:39:11.235788+00:00
34197945,143084,Diana Ordoñez,Tigres Femenil,Soccer,https://r2.thesportsdb.com/images/media/player/thumb/f7afdx1654366082.jpg,https://r2.thesportsdb.com/images/media/player/cutout/005gn31654366005.png,Mexico,2001-09-26,Active,Female,Centre-Forward,16.727554321289062,Ordonez C.,True,False,False,REVIEW_REQUIRED,TheSportsDB,https://www.thesportsdb.com/player/34197945,2026-09-14T07:39:13.477872+00:00
34433806,134221,Mamadou Diallo Diallo,Deportivo Alavés,Soccer,,,Spain,2003-10-01,,Male,Attacker,25.416860580444336,Diallo O.,True,False,False,REVIEW_REQUIRED,TheSportsDB,https://www.thesportsdb.com/player/34433806,2026-09-14T07:39:15.873045+00:00
34170375,133687,Zakaria Aboukhlal,Torino,Soccer,https://r2.thesportsdb.com/images/media/player/thumb/9uqn681659970512.jpg,https://r2.thesportsdb.com/images/media/player/cutout/qub2901758813269.png,Morocco,2000-02-18,Active,Male,Forward,29.06248664855957,Aboukhlal,True,False,False,REVIEW_REQUIRED,TheSportsDB,https://www.thesportsdb.com/player/34170375,2026-09-14T07:39:18.089807+00:00
34193287,133678,Þórir Jóhann Helgason,Lecce,Soccer,https://r2.thesportsdb.com/images/media/player/thumb/zec1g21678972662.jpg,https://r2.thesportsdb.com/images/media/player/cutout/rse52w1759691984.png,Iceland,2000-09-28,Active,Male,Midfielder,20.664892196655273,Helgason,True,False,False,REVIEW_REQUIRED,TheSportsDB,https://www.thesportsdb.com/player/34193287,2026-09-14T07:39:20.307618+00:00
34148363,134784,Roberto Gagliardini,Hellas Verona,Soccer,https://r2.thesportsdb.com/images/media/player/thumb/6gi14y1546190502.jpg,https://r2.thesportsdb.com/images/media/player/cutout/cw8sfv1759162792.png,Italy,1994-04-07,Free Agent,Male,Central Midfield,25.907421112060547,Gagliardini,True,False,False,REVIEW_REQUIRED,TheSportsDB,https://www.thesportsdb.com/player/34148363,2026-09-14T07:39:22.568001+00:00
34145809,135160,Federico Fernandez,Estudiantes de la Plata,Soccer,https://r2.thesportsdb.com/images/media/player/thumb/ppxkky1509544351.jpg,https://r2.thesportsdb.com/images/media/player/cutout/nwr5gq1716567877.png,Argentina,1989-02-21,Active,Male,Defender,8.126113891601562,Fernandez T.,True,False,False,REVIEW_REQUIRED,TheSportsDB,https://www.thesportsdb.com/player/34145809,2026-09-14T07:39:24.789459+00:00
34216589,134788,Oussama El Azzouzi,Auxerre,Soccer,https://r2.thesportsdb.com/images/media/player/thumb/0izl3r1689969187.jpg,https://r2.thesportsdb.com/images/media/player/cutout/s5st461765920311.png,The Netherlands,2001-05-29,Active,Male,Midfielder,22.933595657348633,El Azzouzi O.,True,False,False,REVIEW_REQUIRED,TheSportsDB,https://www.thesportsdb.com/player/34216589,2026-09-14T07:39:27.038733+00:00
34218045,133701,Alieu Fadera,Sassuolo,Soccer,https://r2.thesportsdb.com/images/media/player/thumb/6aqc3q1717947664.jpg,https://r2.thesportsdb.com/images/media/player/cutout/mybs2a1764106004.png,Gambia,2001-11-03,Active,Male,Left Wing,25.907421112060547,Fadera,True,False,False,REVIEW_REQUIRED,TheSportsDB,https://www.thesportsdb.com/player/34218045,2026-09-14T07:39:29.327250+00:00
34156890,138959,Hasan Kaldirim,Amed,Soccer,,,Turkey,1989-12-09,Active,Male,Defender,10.783036231994629,Hasa,True,False,False,REVIEW_REQUIRED,TheSportsDB,https://www.thesportsdb.com/player/34156890,2026-09-14T07:39:31.670991+00:00
34301784,133675,Lorenzo Venturino,Genoa,Soccer,https://r2.thesportsdb.com/images/media/player/thumb/ei276i1758997860.jpg,https://r2.thesportsdb.com/images/media/player/cutout/vpbq4c1758997748.png,Italy,2006-06-22,Active,Male,Forward,29.06248664855957,Venturino,True,False,False,REVIEW_REQUIRED,TheSportsDB,https://www.thesportsdb.com/player/34301784,2026-09-14T07:39:33.885658+00:00
34216481,133668,Reda Belahyane,Lazio,Soccer,https://r2.thesportsdb.com/images/media/player/thumb/h67x4a1681392175.jpg,https://r2.thesportsdb.com/images/media/player/cutout/lo20t91759646210.png,France,2004-06-01,Active,Male,Midfielder,29.06248664855957,Belahyane,True,False,False,REVIEW_REQUIRED,TheSportsDB,https://www.thesportsdb.com/player/34216481,2026-09-14T07:39:36.142465+00:00
34174433,134270,Patrick Ciurria,Monza,Soccer,https://r2.thesportsdb.com/images/media/player/thumb/nj3nef1679663902.jpg,https://r2.thesportsdb.com/images/media/player/cutout/yczdd01679663938.png,Italy,1995-02-09,Active,Male,Forward,29.06248664855957,Ciurria,True,False,False,REVIEW_REQUIRED,TheSportsDB,https://www.thesportsdb.com/player/34174433,2026-09-14T07:39:38.362649+00:00
34217577,135728,Benjamin Cremaschi,Parma,Soccer,https://r2.thesportsdb.com/images/media/player/thumb/ajnmq41682676772.jpg,https://r2.thesportsdb.com/images/media/player/cutout/enedma1759779839.png,United States,2005-03-02,Active,Male,Central Midfield,24.145843505859375,Cremaschi,True,False,False,REVIEW_REQUIRED,TheSportsDB,https://www.thesportsdb.com/player/34217577,2026-09-14T07:39:40.596564+00:00
34174259,133701,Daniel Boloca,Sassuolo,Soccer,https://r2.thesportsdb.com/images/media/player/thumb/t5xyjs1637631275.jpg,https://r2.thesportsdb.com/images/media/player/cutout/a6095q1764105839.png,Italy,1998-12-22,Active,Male,,25.907421112060547,Boloca,True,False,False,REVIEW_REQUIRED,TheSportsDB,https://www.thesportsdb.com/player/34174259,2026-09-14T07:39:42.815616+00:00
34227064,133701,Luca Lipani,Sassuolo,Soccer,https://r2.thesportsdb.com/images/media/player/thumb/7eem9a1764102928.jpg,https://r2.thesportsdb.com/images/media/player/cutout/9wjpqy1764106074.png,Italy,2005-05-18,Active,Male,Midfielder,22.014801025390625,Lipani,True,False,False,REVIEW_REQUIRED,TheSportsDB,https://www.thesportsdb.com/player/34227064,2026-09-14T07:39:45.113714+00:00
34172967,133679,Oier Zarraga,Udinese,Soccer,https://r2.thesportsdb.com/images/media/player/thumb/jsyw6r1605268398.jpg,https://r2.thesportsdb.com/images/media/player/cutout/cn6qk71764172636.png,Spain,1999-01-04,Active,Male,Midfielder,24.145843505859375,Zarraga,True,False,False,REVIEW_REQUIRED,TheSportsDB,https://www.thesportsdb.com/player/34172967,2026-09-14T07:39:47.329809+00:00
34214204,135828,Anna Chakvetadze,_Retired Tennis,Tennis,,,Russia,1987-03-05,Retired,Female,Tennis Player,25.907421112060547,Chakvetadze,True,False,False,REVIEW_REQUIRED,TheSportsDB,https://www.thesportsdb.com/player/34214204,2026-09-14T07:39:49.547153+00:00
34146158,134231,Duncan Watmore,Rotherham United,Soccer,https://r2.thesportsdb.com/images/media/player/thumb/wtyxqs1447764451.jpg,https://r2.thesportsdb.com/images/media/player/cutout/uq104p1695243990.png,England,1994-03-08,Free Agent,Male,Forward,11.193309783935547,Duncan,True,False,False,REVIEW_REQUIRED,TheSportsDB,https://www.thesportsdb.com/player/34146158,2026-09-14T07:39:51.769744+00:00
34216073,134799,Forson Amankwah,Hapoel Be'er Sheva,Soccer,https://r2.thesportsdb.com/images/media/player/thumb/gp2xya1726071986.jpg,https://r2.thesportsdb.com/images/media/player/cutout/m2rsnx1761684041.png,Ghana,2002-12-31,Active,Male,Midfielder,24.145843505859375,Forson O.,True,False,False,REVIEW_REQUIRED,TheSportsDB,https://www.thesportsdb.com/player/34216073,2026-09-14T07:39:54.034740+00:00
34297656,135181,Manga Foe Ondoa,_Retired-Soccer,Soccer,,,France,2005-12-12,Retired,Male,Midfielder,45.42388153076172,Foe Ondoa,True,False,False,REVIEW_REQUIRED,TheSportsDB,https://www.thesportsdb.com/player/34297656,2026-09-14T07:39:56.265736+00:00
34165391,133957,Đorđe Jovanović,Basel,Soccer,https://r2.thesportsdb.com/images/media/player/thumb/hfk1ga1549049866.jpg,,Serbia,1999-02-15,Free Agent,Male,Forward,15.206892967224121,Jovanovic,True,False,False,REVIEW_REQUIRED,TheSportsDB,https://www.thesportsdb.com/player/34165391,2026-09-14T07:39:58.482548+00:00
34433550,134783,Joseph Liteta,Cagliari,Soccer,https://r2.thesportsdb.com/images/media/player/thumb/zf139u1769865943.jpg,https://r2.thesportsdb.com/images/media/player/cutout/0261f41769866510.png,Zambia,2006-02-22,Active,Male,Central Midfield,29.06248664855957,Liteta,True,False,False,REVIEW_REQUIRED,TheSportsDB,https://www.thesportsdb.com/player/34433550,2026-09-14T07:40:00.783915+00:00
34218083,133861,Mayckel Lahdo,Nantes,Soccer,https://r2.thesportsdb.com/images/media/player/thumb/o2aogq1697460921.jpg,https://r2.thesportsdb.com/images/media/player/cutout/ogmy461765877008.png,Sweden,2002-12-30,Active,Male,Right Winger,25.907421112060547,Lahdo,True,False,False,REVIEW_REQUIRED,TheSportsDB,https://www.thesportsdb.com/player/34218083,2026-09-14T07:40:03.013148+00:00
34216589,134788,Oussama El Azzouzi,Auxerre,Soccer,https://r2.thesportsdb.com/images/media/player/thumb/0izl3r1689969187.jpg,https://r2.thesportsdb.com/images/media/player/cutout/s5st461765920311.png,The Netherlands,2001-05-29,Active,Male,Midfielder,22.933595657348633,El Azzouzi A.,True,False,False,REVIEW_REQUIRED,TheSportsDB,https://www.thesportsdb.com/player/34216589,2026-09-14T07:40:05.318229+00:00
34145841,135181,Arouna Kone,_Retired Soccer,Soccer,https://r2.thesportsdb.com/images/media/player/thumb/tsvywx1471027001.jpg,,Ivory Coast,1983-11-11,,Male,Forward,12.949718475341797,Kone B.,True,False,False,REVIEW_REQUIRED,TheSportsDB,https://www.thesportsdb.com/player/34145841,2026-09-14T07:40:07.598921+00:00
34234193,135302,Adrian Przyborek,Pogon Szczecin,Soccer,,,Poland,2007-01-01,,Male,Midfielder,29.06248664855957,Przyborek,True,False,False,REVIEW_REQUIRED,TheSportsDB,https://www.thesportsdb.com/player/34234193,2026-09-14T07:40:09.818023+00:00
34153361,133679,Christian Kabasele,Udinese,Soccer,https://r2.thesportsdb.com/images/media/player/thumb/rhfw1q1509375216.jpg,https://r2.thesportsdb.com/images/media/player/cutout/3ze59q1764172362.png,Belgium,1991-02-24,Active,Male,Defender,13.829960823059082,Kaba,True,False,False,REVIEW_REQUIRED,TheSportsDB,https://www.thesportsdb.com/player/34153361,2026-09-14T07:40:12.053183+00:00
34148636,134114,Seko Fofana,FC Porto,Soccer,https://r2.thesportsdb.com/images/media/player/thumb/jby1d51546354375.jpg,https://r2.thesportsdb.com/images/media/player/cutout/hu70nu1766137589.png,Ivory Coast,1995-05-07,Active,Male,Central Midfield,13.899516105651855,Fofana Sa.,True,False,False,REVIEW_REQUIRED,TheSportsDB,https://www.thesportsdb.com/player/34148636,2026-09-14T07:40:14.288231+00:00
34148465,133948,Josip Ilicic,NK Maribor,Soccer,https://r2.thesportsdb.com/images/media/player/thumb/qv1qr81546085478.jpg,https://r2.thesportsdb.com/images/media/player/cutout/h85wy81586272814.png,Slovenia,1988-01-29,Active,Male,Forward,15.678428649902344,Ilic,True,False,False,REVIEW_REQUIRED,TheSportsDB,https://www.thesportsdb.com/player/34148465,2026-09-14T07:40:16.573572+00:00
34349084,133685,Matteo Dagasso,Pescara,Soccer,,,Italy,2004-04-01,,Male,Midfielder,29.06248664855957,Dagasso,True,False,False,REVIEW_REQUIRED,TheSportsDB,https://www.thesportsdb.com/player/34349084,2026-09-14T07:40:18.795978+00:00
34192592,141745,Lærke Nolsøe,Denmark Handball Women,Handball,https://r2.thesportsdb.com/images/media/player/thumb/pdsg4t1629197886.jpg,https://r2.thesportsdb.com/images/media/player/cutout/jovf0v1629198006.png,Denmark,1996-02-19,Active,Female,Left Wing,25.907421112060547,Laerke,True,False,False,REVIEW_REQUIRED,TheSportsDB,https://www.thesportsdb.com/player/34192592,2026-09-14T07:40:21.067595+00:00
34252193,148674,Cristian Comotto,Milan Futuro,Soccer,,,Italy,2008-04-25,Active,Male,Central Midfield,29.06248664855957,Comotto,True,False,False,REVIEW_REQUIRED,TheSportsDB,https://www.thesportsdb.com/player/34252193,2026-09-14T07:40:23.326738+00:00
34152722,134098,Joao Moutinho,Braga,Soccer,https://r2.thesportsdb.com/images/media/player/thumb/trdlg41534020249.jpg,https://r2.thesportsdb.com/images/media/player/cutout/1et28k1632477988.png,Portugal,1986-09-08,Active,Male,Midfielder,15.0995454788208,Mout,True,False,False,REVIEW_REQUIRED,TheSportsDB,https://www.thesportsdb.com/player/34152722,2026-09-14T07:40:25.777967+00:00
34193308,133669,Riccardo Ciervo,Cesena,Soccer,https://r2.thesportsdb.com/images/media/player/thumb/622hzd1631214701.jpg,https://r2.thesportsdb.com/images/media/player/cutout/1wfpx91632488627.png,Italy,2002-04-01,Active,Male,Forward,29.06248664855957,Ciervo,True,False,False,REVIEW_REQUIRED,TheSportsDB,https://www.thesportsdb.com/player/34193308,2026-09-14T07:40:28.107278+00:00
34177933,136020,Vincent Sierro,Al-Shabab,Soccer,https://r2.thesportsdb.com/images/media/player/thumb/s08gpz1633007847.jpg,https://r2.thesportsdb.com/images/media/player/cutout/78ybn51765968579.png,Switzerland,1995-10-08,Active,Male,Midfielder,29.06248664855957,Sierro,True,False,False,REVIEW_REQUIRED,TheSportsDB,https://www.thesportsdb.com/player/34177933,2026-09-14T07:40:30.364517+00:00
34164178,133682,Donyell Malen,Roma,Soccer,https://r2.thesportsdb.com/images/media/player/thumb/y6zoqt1770201257.jpg,https://r2.thesportsdb.com/images/media/player/cutout/t2xdih1777708654.png,The Netherlands,1999-01-19,Active,Male,Right Winger,17.30988121032715,Malen,True,False,False,REVIEW_REQUIRED,TheSportsDB,https://www.thesportsdb.com/player/34164178,2026-09-14T07:40:32.602375+00:00
34145423,133610,Emiliano Martinez,Chelsea,Soccer,https://r2.thesportsdb.com/images/media/player/thumb/7drp311770201331.jpg,https://r2.thesportsdb.com/images/media/player/cutout/ffr5xx1756984715.png,Argentina,1992-09-02,Active,Male,Goalkeeper,7.196033954620361,Martinez L.,True,False,False,REVIEW_REQUIRED,TheSportsDB,https://www.thesportsdb.com/player/34145423,2026-09-14T07:40:34.924571+00:00
34169231,133681,Marcus Thuram,Inter Milan,Soccer,https://r2.thesportsdb.com/images/media/player/thumb/qo7y1v1724515703.jpg,https://r2.thesportsdb.com/images/media/player/cutout/aykui01759408989.png,France,1997-08-06,Active,Male,Centre-Forward,21.27803611755371,Thuram,True,False,False,REVIEW_REQUIRED,TheSportsDB,https://www.thesportsdb.com/player/34169231,2026-09-14T07:40:37.180074+00:00
34175960,133670,Rasmus Højlund,Napoli,Soccer,https://r2.thesportsdb.com/images/media/player/thumb/hiwj7i1771246544.jpg,https://r2.thesportsdb.com/images/media/player/cutout/jop7ho1762288170.png,Denmark,2003-02-04,Active,Male,Centre-Forward,22.933595657348633,Hojlund,True,False,False,REVIEW_REQUIRED,TheSportsDB,https://www.thesportsdb.com/player/34175960,2026-09-14T07:40:39.579380+00:00
34146294,137154,Sergio Ramos,_Free Agent Soccer,Soccer,https://r2.thesportsdb.com/images/media/player/thumb/4qhc7x1712489854.jpg,https://r2.thesportsdb.com/images/media/player/cutout/ztj6241701091276.png,Spain,1986-03-30,Free Agent,Male,Centre-Back,9.909433364868164,Ramos G.,True,False,False,REVIEW_REQUIRED,TheSportsDB,https://www.thesportsdb.com/player/34146294,2026-09-14T07:40:42.199749+00:00
34173252,133714,Randal Kolo Muani,Paris Saint-Germain,Soccer,https://r2.thesportsdb.com/images/media/player/thumb/r8fy8t1770893965.jpg,https://r2.thesportsdb.com/images/media/player/cutout/h89zyk1768679563.png,France,1998-12-05,Active,Male,Centre-Forward,42.507083892822266,Kolo Muani,True,False,False,REVIEW_REQUIRED,TheSportsDB,https://www.thesportsdb.com/player/34173252,2026-09-14T07:40:44.440068+00:00
34145663,133615,Michael Keane,Everton,Soccer,https://r2.thesportsdb.com/images/media/player/thumb/z5qm2y1771945041.jpg,https://r2.thesportsdb.com/images/media/player/cutout/o4b6o71788879147.png,England,1993-01-11,Active,Male,Centre-Back,13.56738567352295,Kean,True,False,False,REVIEW_REQUIRED,TheSportsDB,https://www.thesportsdb.com/player/34145663,2026-09-14T07:40:46.653484+00:00
34170126,133676,Nick Woltemade,Juventus,Soccer,https://r2.thesportsdb.com/images/media/player/thumb/ni1l1b1779386915.jpg,https://r2.thesportsdb.com/images/media/player/cutout/guakb31766824614.png,Germany,2002-02-14,Active,Male,Centre-Forward,29.06248664855957,Woltemade,True,False,False,REVIEW_REQUIRED,TheSportsDB,https://www.thesportsdb.com/player/34170126,2026-09-14T07:40:48.900805+00:00
34194992,134243,Tasos Douvikas,Como,Soccer,https://r2.thesportsdb.com/images/media/player/thumb/g3dj2n1700830144.jpg,https://r2.thesportsdb.com/images/media/player/cutout/akylpr1764278278.png,Greece,1999-08-02,Active,Male,Centre-Forward,25.907421112060547,Douvikas,True,False,False,REVIEW_REQUIRED,TheSportsDB,https://www.thesportsdb.com/player/34194992,2026-09-14T07:40:51.179290+00:00
34222078,136066,Burak Can Yildizli,Anadolu Efes SK,Basketball,https://r2.thesportsdb.com/images/media/player/thumb/pccqym1697016255.jpg,https://r2.thesportsdb.com/images/media/player/cutout/v3w0y71751785150.png,Turkey,1994-04-22,Active,Male,Power Forward,18.29290008544922,Yildiz,True,False,False,REVIEW_REQUIRED,TheSportsDB,https://www.thesportsdb.com/player/34222078,2026-09-14T07:40:53.399101+00:00
34172633,134782,Gianluca Scamacca,Atalanta,Soccer,https://r2.thesportsdb.com/images/media/player/thumb/hg6sbl1761950864.jpg,https://r2.thesportsdb.com/images/media/player/cutout/xp4bqm1695157525.png,Italy,1999-01-01,Active,Male,Centre-Forward,29.06248664855957,Scamacca,True,False,False,REVIEW_REQUIRED,TheSportsDB,https://www.thesportsdb.com/player/34172633,2026-09-14T07:40:55.831923+00:00
34147867,140612,Gaetano Berardi,Bellinzona,Soccer,https://r2.thesportsdb.com/images/media/player/thumb/mq61121506935053.jpg,https://r2.thesportsdb.com/images/media/player/cutout/qyozca1604350124.png,Switzerland,1988-08-21,Active,Male,Defender,22.014801025390625,Berardi,True,False,False,REVIEW_REQUIRED,TheSportsDB,https://www.thesportsdb.com/player/34147867,2026-09-14T07:40:58.282287+00:00
34145726,135181,Kelvin Davis,_Retired Soccer,Soccer,,https://r2.thesportsdb.com/images/media/player/cutout/2003901.png,England,1976-09-29,,Male,Goalkeeper,7.021502494812012,Davis K.,True,False,False,REVIEW_REQUIRED,TheSportsDB,https://www.thesportsdb.com/player/34145726,2026-09-14T07:41:00.549847+00:00
34199450,134782,Nikola Krstović,Atalanta,Soccer,https://r2.thesportsdb.com/images/media/player/thumb/s9zucw1692393405.jpg,https://r2.thesportsdb.com/images/media/player/cutout/yzjqgt1764331191.png,Montenegro,2000-04-05,Active,Male,Forward,25.907421112060547,Krstovic,True,False,False,REVIEW_REQUIRED,TheSportsDB,https://www.thesportsdb.com/player/34199450,2026-09-14T07:41:02.765258+00:00
34171323,134782,Charles De Ketelaere,Atalanta,Soccer,https://r2.thesportsdb.com/images/media/player/thumb/q597y21779039802.jpg,https://r2.thesportsdb.com/images/media/player/cutout/wqo9ia1695157273.png,Belgium,2001-03-10,Active,Male,Attacking Midfield,29.06248664855957,De Ketelaere,True,False,False,REVIEW_REQUIRED,TheSportsDB,https://www.thesportsdb.com/player/34171323,2026-09-14T07:41:04.980506+00:00
34169453,134783,Sebastiano Esposito,Cagliari,Soccer,https://r2.thesportsdb.com/images/media/player/thumb/uy6vwx1601148945.jpg,https://r2.thesportsdb.com/images/media/player/cutout/50t7vi1764336205.png,Italy,2002-07-02,Active,Male,Forward,16.727554321289062,Esposito F.P.,True,False,False,REVIEW_REQUIRED,TheSportsDB,https://www.thesportsdb.com/player/34169453,2026-09-14T07:41:07.195507+00:00
34148200,133682,Paulo Dybala,Roma,Soccer,https://r2.thesportsdb.com/images/media/player/thumb/csf3qy1515954038.jpg,https://r2.thesportsdb.com/images/media/player/cutout/pjupvq1758815223.png,Argentina,1993-11-15,Active,Male,Second Striker,29.06248664855957,Dybala,True,False,False,REVIEW_REQUIRED,TheSportsDB,https://www.thesportsdb.com/player/34148200,2026-09-14T07:41:09.461421+00:00
34179197,133682,Artem Dovbyk,Roma,Soccer,https://r2.thesportsdb.com/images/media/player/thumb/lkj5hc1715904648.jpg,https://r2.thesportsdb.com/images/media/player/cutout/ef1yx51758815098.png,Ukraine,1997-06-21,Active,Male,Centre-Forward,29.06248664855957,Dovbyk,True,False,False,REVIEW_REQUIRED,TheSportsDB,https://www.thesportsdb.com/player/34179197,2026-09-14T07:41:11.844803+00:00
34173365,133701,Armand Laurienté,Sassuolo,Soccer,https://r2.thesportsdb.com/images/media/player/thumb/r48ihk1608388475.jpg,https://r2.thesportsdb.com/images/media/player/cutout/gg38it1764106062.png,France,1998-12-04,Active,Male,Forward,29.06248664855957,Laurientè,True,False,False,REVIEW_REQUIRED,TheSportsDB,https://www.thesportsdb.com/player/34173365,2026-09-14T07:41:14.064728+00:00
34169528,134782,Giacomo Raspadori,Atalanta,Soccer,https://r2.thesportsdb.com/images/media/player/thumb/ba218n1610884021.jpg,https://r2.thesportsdb.com/images/media/player/cutout/i9aw1q1762288549.png,Italy,2000-02-18,Active,Male,Forward,29.06248664855957,Raspadori,True,False,False,REVIEW_REQUIRED,TheSportsDB,https://www.thesportsdb.com/player/34169528,2026-09-14T07:41:16.536637+00:00
34146876,135181,Aderlan Santos,_Retired Soccer,Soccer,https://r2.thesportsdb.com/images/media/player/thumb/xpysxw1421695578.jpg,,Brazil,1989-04-04,,Male,Defender,7.237496852874756,Santos A.,True,False,False,REVIEW_REQUIRED,TheSportsDB,https://www.thesportsdb.com/player/34146876,2026-09-14T07:41:18.964756+00:00
34165737,135165,Mauricio Pellegrino,Lanús,Soccer,https://r2.thesportsdb.com/images/media/player/thumb/qqw0gy1549918302.jpg,,Argentina,1971-10-05,Coaching,Male,Manager,19.684492111206055,Pellegrino M.,True,False,False,REVIEW_REQUIRED,TheSportsDB,https://www.thesportsdb.com/player/34165737,2026-09-14T07:41:21.182637+00:00
34146435,134118,Ze Castro,Associação Académica de Coimbra,Soccer,https://r2.thesportsdb.com/images/media/player/thumb/tqystu1422381080.jpg,,Portugal,1983-01-13,Active,Male,Centre-Back,10.070971488952637,Castro S.,True,False,False,REVIEW_REQUIRED,TheSportsDB,https://www.thesportsdb.com/player/34146435,2026-09-14T07:41:23.404109+00:00
34163764,133729,Diego Simeone,Ath Madrid,Soccer,https://r2.thesportsdb.com/images/media/player/thumb/2f8abw1534444128.jpg,https://r2.thesportsdb.com/images/media/player/cutout/3xg9gq1534530862.png,Argentina,1970-04-28,Active,Male,Manager,22.933595657348633,Simeone,True,False,False,REVIEW_REQUIRED,TheSportsDB,https://www.thesportsdb.com/player/34163764,2026-09-14T07:41:25.710552+00:00
34149632,135891,Beto,Goztepe,Soccer,https://r2.thesportsdb.com/images/media/player/thumb/owpqo11571809448.jpg,https://r2.thesportsdb.com/images/media/player/cutout/qyrytt1472741062.png,Portugal,1982-05-01,Active,Male,Goalkeeper,22.014801025390625,Beto,True,True,False,REVIEW_REQUIRED,TheSportsDB,https://www.thesportsdb.com/player/34149632,2026-09-14T07:41:27.969692+00:00
34146216,135181,Souleymane Coulibaly,_Retired Soccer,Soccer,https://r2.thesportsdb.com/images/media/player/thumb/uyturr1431565848.jpg,https://r2.thesportsdb.com/images/media/player/cutout/rrvpqs1424827568.png,Ivory Coast,1994-12-26,,Male,Forward,14.613506317138672,Soulè,True,False,False,REVIEW_REQUIRED,TheSportsDB,https://www.thesportsdb.com/player/34146216,2026-09-14T07:41:30.189265+00:00
34169453,134783,Sebastiano Esposito,Cagliari,Soccer,https://r2.thesportsdb.com/images/media/player/thumb/uy6vwx1601148945.jpg,https://r2.thesportsdb.com/images/media/player/cutout/50t7vi1764336205.png,Italy,2002-07-02,Active,Male,Forward,16.727554321289062,Esposito Se.,True,False,False,REVIEW_REQUIRED,TheSportsDB,https://www.thesportsdb.com/player/34169453,2026-09-14T07:41:33.632584+00:00
34174033,135181,Salif Diao,_Retired Soccer,Soccer,https://r2.thesportsdb.com/images/media/player/thumb/9xoefu1621344561.jpg,,Senegal,1977-02-10,,Male,Defensive Midfield,21.27803611755371,Diao,True,False,False,REVIEW_REQUIRED,TheSportsDB,https://www.thesportsdb.com/player/34174033,2026-09-14T07:41:35.857615+00:00
34169451,133701,Andrea Pinamonti,Sassuolo,Soccer,https://r2.thesportsdb.com/images/media/player/thumb/l52ouu1602960855.jpg,https://r2.thesportsdb.com/images/media/player/cutout/on94c11764106218.png,Italy,1999-05-19,Active,Male,Forward,29.06248664855957,Pinamonti,True,False,False,REVIEW_REQUIRED,TheSportsDB,https://www.thesportsdb.com/player/34169451,2026-09-14T07:41:38.062243+00:00
34224659,133957,Kevin Carlos,Basel,Soccer,https://r2.thesportsdb.com/images/media/player/thumb/zfx4p41761290874.jpg,https://r2.thesportsdb.com/images/media/player/cutout/e4meya1766319660.png,Spain,2001-04-10,Active,Male,Centre-Forward,11.459417343139648,Kevin Carlos,True,True,False,REVIEW_REQUIRED,TheSportsDB,https://www.thesportsdb.com/player/34224659,2026-09-14T07:41:40.385325+00:00
34172626,133675,Lorenzo Colombo,Genoa,Soccer,https://r2.thesportsdb.com/images/media/player/thumb/8vq3vj1602959747.jpg,https://r2.thesportsdb.com/images/media/player/cutout/zapyo21758989021.png,Italy,2002-03-08,Active,Male,Forward,16.554677963256836,Colombo,True,False,False,REVIEW_REQUIRED,TheSportsDB,https://www.thesportsdb.com/player/34172626,2026-09-14T07:41:42.598698+00:00
34148971,135181,Charlee Adams,_Retired Soccer,Soccer,,,England,1995-02-16,Retired,Male,Midfielder,9.053757667541504,Adams A.,True,False,False,REVIEW_REQUIRED,TheSportsDB,https://www.thesportsdb.com/player/34148971,2026-09-14T07:41:44.822292+00:00
34148971,135181,Charlee Adams,_Retired Soccer,Soccer,,,England,1995-02-16,Retired,Male,Midfielder,9.053757667541504,Adams C.,True,False,False,REVIEW_REQUIRED,TheSportsDB,https://www.thesportsdb.com/player/34148971,2026-09-14T07:41:47.037040+00:00
34145606,135181,Yaya Toure,_Retired Soccer,Soccer,https://r2.thesportsdb.com/images/media/player/thumb/br18c51510521838.jpg,https://r2.thesportsdb.com/images/media/player/cutout/hvmjx81654243164.png,Ivory Coast,1983-05-13,,Male,Centre Midfielder,13.052411079406738,Tourè E.,True,False,False,REVIEW_REQUIRED,TheSportsDB,https://www.thesportsdb.com/player/34145606,2026-09-14T07:41:49.305362+00:00
34148085,135151,Sergio Romero,Argentinos Juniors,Soccer,https://r2.thesportsdb.com/images/media/player/thumb/iaqwm21510319417.jpg,https://r2.thesportsdb.com/images/media/player/cutout/an3fxz1750030046.png,Argentina,1987-02-22,Active,Male,Goalkeeper,9.89385986328125,Romero D.,True,False,False,REVIEW_REQUIRED,TheSportsDB,https://www.thesportsdb.com/player/34148085,2026-09-14T07:41:51.527693+00:00
34198520,133818,Antonio Raimondo,Frosinone,Soccer,https://r2.thesportsdb.com/images/media/player/thumb/9ph2tj1678801932.jpg,https://r2.thesportsdb.com/images/media/player/cutout/3zkhvo1678801967.png,Italy,2004-03-18,Active,Male,Forward,29.06248664855957,Raimondo,True,False,False,REVIEW_REQUIRED,TheSportsDB,https://www.thesportsdb.com/player/34198520,2026-09-14T07:41:53.744977+00:00
34162312,134270,Patrick Cutrone,Monza,Soccer,https://r2.thesportsdb.com/images/media/player/thumb/9fziuj1520157098.jpg,https://r2.thesportsdb.com/images/media/player/cutout/5bzbp41759779863.png,Italy,1998-01-03,Active,Male,Centre-Forward,29.06248664855957,Cutrone,True,False,False,REVIEW_REQUIRED,TheSportsDB,https://www.thesportsdb.com/player/34162312,2026-09-14T07:41:56.025926+00:00
34187673,147018,Tori Bowie,_Deceased Athletics,Athletics,https://r2.thesportsdb.com/images/media/player/thumb/1gkfxe1624831999.jpg,https://r2.thesportsdb.com/images/media/player/cutout/m0sxbc1624887852.png,United States,1990-08-27,Deceased,Male,Sprinter,18.29290008544922,Bowie,True,False,False,REVIEW_REQUIRED,TheSportsDB,https://www.thesportsdb.com/player/34187673,2026-09-14T07:41:58.329490+00:00
34170618,134234,John Yeboah,Venezia,Soccer,https://r2.thesportsdb.com/images/media/player/thumb/xv21mj1735536238.jpg,https://r2.thesportsdb.com/images/media/player/cutout/2qvbyn1780328386.png,Ecuador,2000-06-23,Active,Male,Second Striker,16.910268783569336,Yeboah J.,True,False,False,REVIEW_REQUIRED,TheSportsDB,https://www.thesportsdb.com/player/34170618,2026-09-14T07:42:00.544354+00:00
34229419,135299,Tomáš Bobček,Lechia Gdańsk,Soccer,,,Slovakia,2001-09-08,Active,Male,Attacker,29.06248664855957,Bobcek,True,False,False,REVIEW_REQUIRED,TheSportsDB,https://www.thesportsdb.com/player/34229419,2026-09-14T07:42:02.938602+00:00
34169364,134781,Roberto Piccoli,Bologna,Soccer,https://r2.thesportsdb.com/images/media/player/thumb/8tqb6k1611002471.jpg,https://r2.thesportsdb.com/images/media/player/cutout/jtmqm31758892088.png,Italy,2001-01-27,Active,Male,Forward,20.664892196655273,Piccoli,True,False,False,REVIEW_REQUIRED,TheSportsDB,https://www.thesportsdb.com/player/34169364,2026-09-14T07:42:05.387097+00:00
34228039,133818,Farès Ghedjemis,Frosinone,Soccer,https://r2.thesportsdb.com/images/media/player/thumb/r1ozup1780251969.jpg,https://r2.thesportsdb.com/images/media/player/cutout/4agbqr1780303327.png,Algeria,2002-09-06,Active,Male,Right Winger,29.06248664855957,Ghedjemis,True,False,False,REVIEW_REQUIRED,TheSportsDB,https://www.thesportsdb.com/player/34228039,2026-09-14T07:42:07.655218+00:00
34173911,133714,Vitinha,Paris SG,Soccer,https://r2.thesportsdb.com/images/media/player/thumb/a0b12b1770218109.jpg,https://r2.thesportsdb.com/images/media/player/cutout/q6mw6n1766335544.png,Portugal,2000-02-13,Active,Male,Central Midfield,29.06248664855957,Vitinha O.,True,False,False,REVIEW_REQUIRED,TheSportsDB,https://www.thesportsdb.com/player/34173911,2026-09-14T07:42:10.074435+00:00
34163680,133678,Willem Geubbels,Lecce,Soccer,https://r2.thesportsdb.com/images/media/player/thumb/kxiqya1777897390.jpg,https://r2.thesportsdb.com/images/media/player/cutout/r2w3cx1766329083.png,France,2001-08-16,Active,Male,Forward,25.907421112060547,Geubbels,True,False,False,REVIEW_REQUIRED,TheSportsDB,https://www.thesportsdb.com/player/34163680,2026-09-14T07:42:12.284626+00:00
34192754,133675,Milutin Osmajić,Genoa,Soccer,https://r2.thesportsdb.com/images/media/player/thumb/06cfkz1629539351.jpg,https://r2.thesportsdb.com/images/media/player/cutout/q5cpko1761495673.png,Montenegro,1999-07-25,Active,Male,Midfielder,29.06248664855957,Osmajic,True,False,False,REVIEW_REQUIRED,TheSportsDB,https://www.thesportsdb.com/player/34192754,2026-09-14T07:42:14.535184+00:00
34229850,133681,Ange-Yoan Bonny,Inter Milan,Soccer,https://r2.thesportsdb.com/images/media/player/thumb/zf08mq1718898087.jpg,https://r2.thesportsdb.com/images/media/player/cutout/d7uly91759408116.png,Ivory Coast,2003-10-25,Active,Male,Centre-Forward,25.907421112060547,Bonny,True,False,False,REVIEW_REQUIRED,TheSportsDB,https://www.thesportsdb.com/player/34229850,2026-09-14T07:42:16.748357+00:00
34145542,133676,Jeremie Boga,Juventus,Soccer,https://r2.thesportsdb.com/images/media/player/thumb/xyrvyq1431625747.jpg,https://r2.thesportsdb.com/images/media/player/cutout/9dndpt1776674931.png,Ivory Coast,1997-01-03,Active,Male,Forward,14.439230918884277,Boga,True,False,False,REVIEW_REQUIRED,TheSportsDB,https://www.thesportsdb.com/player/34145542,2026-09-14T07:42:19.190482+00:00
34145646,134287,Guillermo Varela,Flamengo,Soccer,https://r2.thesportsdb.com/images/media/player/thumb/64tm5q1718084552.jpg,https://r2.thesportsdb.com/images/media/player/cutout/qpcwtj1750919188.png,Uruguay,1993-03-24,Active,Male,Right-Back,13.505331039428711,Varela G.,True,False,False,REVIEW_REQUIRED,TheSportsDB,https://www.thesportsdb.com/player/34145646,2026-09-14T07:42:21.519326+00:00
34169562,133670,Amir Rrahmani,Napoli,Soccer,https://r2.thesportsdb.com/images/media/player/thumb/6flxn41610363303.jpg,https://r2.thesportsdb.com/images/media/player/cutout/hvd5tq1762288248.png,Kosovo,1994-02-24,Active,Male,Defender,24.145843505859375,Rrahmani Al.,True,False,False,REVIEW_REQUIRED,TheSportsDB,https://www.thesportsdb.com/player/34169562,2026-09-14T07:42:23.735729+00:00
34197611,133635,Wilfried Gnonto,Leeds United,Soccer,https://r2.thesportsdb.com/images/media/player/thumb/3jb3nz1662115855.jpg,https://r2.thesportsdb.com/images/media/player/cutout/dfttgz1757085689.png,Italy,2003-11-05,Active,Male,Left Wing,22.933595657348633,Gnonto,True,False,False,REVIEW_REQUIRED,TheSportsDB,https://www.thesportsdb.com/player/34197611,2026-09-14T07:42:26.007820+00:00
34192115,134782,Kamaldeen Sulemana,Atalanta,Soccer,https://r2.thesportsdb.com/images/media/player/thumb/w9stoi1630490492.jpg,https://r2.thesportsdb.com/images/media/player/cutout/8761hy1764331699.png,Ghana,2002-02-15,Active,Male,Left Wing,22.014801025390625,Sulemana K.,True,False,False,REVIEW_REQUIRED,TheSportsDB,https://www.thesportsdb.com/player/34192115,2026-09-14T07:42:28.228439+00:00
34226363,133818,Giorgi Kvernadze,Frosinone,Soccer,,,Georgia,2003-02-07,Active,Male,Attacker,29.06248664855957,Kvernadze,True,False,False,REVIEW_REQUIRED,TheSportsDB,https://www.thesportsdb.com/player/34226363,2026-09-14T07:42:30.450439+00:00
34195012,133668,Tijjani Noslin,Lazio,Soccer,https://r2.thesportsdb.com/images/media/player/thumb/0g3nqa1700771271.jpg,https://r2.thesportsdb.com/images/media/player/cutout/5jh8ab1759646531.png,The Netherlands,1999-07-07,Active,Male,Forward,24.145843505859375,Noslin,True,False,False,REVIEW_REQUIRED,TheSportsDB,https://www.thesportsdb.com/player/34195012,2026-09-14T07:42:32.693733+00:00
34220612,133678,Nikola Štulić,Lecce,Soccer,https://r2.thesportsdb.com/images/media/player/thumb/uyzv651759693878.jpg,https://r2.thesportsdb.com/images/media/player/cutout/d57apt1759693844.png,Serbia,2001-09-08,Active,Male,Attacker,29.06248664855957,Stulic,True,False,False,REVIEW_REQUIRED,TheSportsDB,https://www.thesportsdb.com/player/34220612,2026-09-14T07:42:34.976201+00:00
34167119,133670,David Neres,Napoli,Soccer,https://r2.thesportsdb.com/images/media/player/thumb/vhhqie1771248629.jpg,https://r2.thesportsdb.com/images/media/player/cutout/8i5j8e1762288449.png,Brazil,1997-03-03,Active,Male,Forward,25.907421112060547,Neres,True,False,False,REVIEW_REQUIRED,TheSportsDB,https://www.thesportsdb.com/player/34167119,2026-09-14T07:42:37.255238+00:00
34148402,137606,Cristián Zapata,Atlético Bucaramanga,Soccer,https://r2.thesportsdb.com/images/media/player/thumb/z3wicw1520101463.jpg,https://r2.thesportsdb.com/images/media/player/cutout/1gq4ke1608647286.png,Colombia,1986-09-30,Active,Male,Centre-Back,15.0995454788208,Zapata D.,True,False,False,REVIEW_REQUIRED,TheSportsDB,https://www.thesportsdb.com/player/34148402,2026-09-14T07:42:39.637280+00:00
34206006,135828,Horacio Zeballos,_Retired Tennis,Tennis,,,Argentina,1985-04-27,Retired,Male,Tennis Player,18.59146499633789,Zeballos,True,False,False,REVIEW_REQUIRED,TheSportsDB,https://www.thesportsdb.com/player/34206006,2026-09-14T07:42:41.852726+00:00
34161111,135181,Paolo Maldini,_Retired Soccer,Soccer,https://r2.thesportsdb.com/images/media/player/thumb/gmed2k1711199499.jpg,https://r2.thesportsdb.com/images/media/player/cutout/9ccmbp1665653152.png,Italy,1968-06-26,Retired,Male,Left-Back,22.933595657348633,Maldini,True,False,False,REVIEW_REQUIRED,TheSportsDB,https://www.thesportsdb.com/player/34161111,2026-09-14T07:42:44.067524+00:00
34232756,134005,Daniel Bîrligea,FCSB,Soccer,https://r2.thesportsdb.com/images/media/player/thumb/gijq8u1718633726.jpg,https://r2.thesportsdb.com/images/media/player/cutout/ylayb11718633744.png,Romania,2000-04-19,Active,Male,Attacker,29.06248664855957,Birligea,True,False,False,REVIEW_REQUIRED,TheSportsDB,https://www.thesportsdb.com/player/34232756,2026-09-14T07:42:46.285401+00:00
34195006,133687,Cyril Ngonge,Torino,Soccer,https://r2.thesportsdb.com/images/media/player/thumb/lii5381679667790.jpg,https://r2.thesportsdb.com/images/media/player/cutout/mu8vhd1758814013.png,Belgium,2000-05-26,Active,Male,Winger,29.06248664855957,Ngonge,True,False,False,REVIEW_REQUIRED,TheSportsDB,https://www.thesportsdb.com/player/34195006,2026-09-14T07:42:48.543812+00:00
34148002,135302,Benjamin Mendy,Pogoń Szczecin,Soccer,https://r2.thesportsdb.com/images/media/player/thumb/mcr8cb1510520804.jpg,https://r2.thesportsdb.com/images/media/player/cutout/43sftn1727952835.png,France,1994-07-17,Free Agent,Male,Left-Back,14.118767738342285,Mendy P.,True,False,False,REVIEW_REQUIRED,TheSportsDB,https://www.thesportsdb.com/player/34148002,2026-09-14T07:42:50.757673+00:00
34163750,134015,Milan Havel,Viktoria Plzeň,Soccer,https://r2.thesportsdb.com/images/media/player/thumb/omv7561534350963.jpg,,Czechia,1994-08-07,Active,Male,Left-Back,18.918764114379883,Havel,True,False,False,REVIEW_REQUIRED,TheSportsDB,https://www.thesportsdb.com/player/34163750,2026-09-14T07:42:52.989291+00:00
34145698,135181,Danny Drinkwater,_Retired Soccer,Soccer,https://r2.thesportsdb.com/images/media/player/thumb/xkd46a1709629428.jpg,https://r2.thesportsdb.com/images/media/player/cutout/tzq3go1634823389.png,England,1990-03-05,Retired,Male,Midfielder,11.090668678283691,N'Dri,True,False,False,REVIEW_REQUIRED,TheSportsDB,https://www.thesportsdb.com/player/34145698,2026-09-14T07:42:55.200470+00:00
34224289,141806,Fernando Camarda,Central Español,Soccer,,,Uruguay,2003-11-08,Active,Male,Right Winger,22.014801025390625,Camarda,True,False,False,REVIEW_REQUIRED,TheSportsDB,https://www.thesportsdb.com/player/34224289,2026-09-14T07:42:57.522337+00:00
34176061,134734,Jean Mota,Vila Nova,Soccer,https://r2.thesportsdb.com/images/media/player/thumb/gc71841647079643.jpg,https://r2.thesportsdb.com/images/media/player/cutout/zs49n31647079665.png,Brazil,1993-10-15,Active,Male,Central Midfield,14.798603057861328,Mota,True,False,False,REVIEW_REQUIRED,TheSportsDB,https://www.thesportsdb.com/player/34176061,2026-09-14T07:42:59.733577+00:00
34170670,135181,Giováne Élber,_Retired Soccer,Soccer,https://r2.thesportsdb.com/images/media/player/thumb/3rf8x61610998198.jpg,,Brazil,1972-07-23,,Male,Centre-Forward,22.014801025390625,Giovane,True,False,False,REVIEW_REQUIRED,TheSportsDB,https://www.thesportsdb.com/player/34170670,2026-09-14T07:43:01.947789+00:00
34152767,134552,Steeven Langil,Mouscron-Peruwelz,Soccer,,,France,1988-03-04,Active,Male,Midfielder,8.916970252990723,Lang,True,False,False,REVIEW_REQUIRED,TheSportsDB,https://www.thesportsdb.com/player/34152767,2026-09-14T07:43:04.171817+00:00
34179314,135182,Lucca Staiger,_Retired Basketball,Basketball,https://r2.thesportsdb.com/images/media/player/thumb/f23zo11694895089.jpg,,Germany,1988-06-14,,Male,Shooting Guard,15.678428649902344,Lucca,True,False,False,REVIEW_REQUIRED,TheSportsDB,https://www.thesportsdb.com/player/34179314,2026-09-14T07:43:06.431993+00:00
34220639,135728,Matija Frigan,Parma,Soccer,https://r2.thesportsdb.com/images/media/player/thumb/g9rjmo1733490557.jpg,https://r2.thesportsdb.com/images/media/player/cutout/0ie9241759779947.png,Croatia,2003-02-11,Active,Male,Centre-Forward,29.06248664855957,Frigan,True,False,False,REVIEW_REQUIRED,TheSportsDB,https://www.thesportsdb.com/player/34220639,2026-09-14T07:43:08.722760+00:00
34221297,133687,Sandro Kulenović,Torino,Soccer,https://r2.thesportsdb.com/images/media/player/thumb/jwtvi91777707089.jpg,https://r2.thesportsdb.com/images/media/player/cutout/i091ro1777707046.png,Croatia,1999-12-04,Active,Male,Centre-Forward,25.907421112060547,Kulenovic,True,False,False,REVIEW_REQUIRED,TheSportsDB,https://www.thesportsdb.com/player/34221297,2026-09-14T07:43:11.269187+00:00
34147351,135181,Idrissa Gueye,_Retired Soccer,Soccer,https://r2.thesportsdb.com/images/media/player/thumb/707lot1771944827.jpg,https://r2.thesportsdb.com/images/media/player/cutout/ag9fm11756976825.png,Senegal,1989-09-26,Retired,Male,Defensive Midfield,15.206892967224121,Gueye,True,False,False,REVIEW_REQUIRED,TheSportsDB,https://www.thesportsdb.com/player/34147351,2026-09-14T07:43:13.714650+00:00
34175828,134234,Andrea Adorante,Venezia,Soccer,https://r2.thesportsdb.com/images/media/player/thumb/08wzeu1610385048.jpg,https://r2.thesportsdb.com/images/media/player/cutout/697pts1610383940.png,Italy,2000-02-05,Active,Male,Forward,29.06248664855957,Adorante,True,False,False,REVIEW_REQUIRED,TheSportsDB,https://www.thesportsdb.com/player/34175828,2026-09-14T07:43:15.929385+00:00
34320640,136796,"Roy Robinson, 1st Baron Robinson",_Retired Cricket,Cricket,,,United Kingdom,1883-03-08,Retired,Male,Cricketer,15.87021255493164,Robinson J.,True,False,False,REVIEW_REQUIRED,TheSportsDB,https://www.thesportsdb.com/player/34320640,2026-09-14T07:43:18.144043+00:00
34155400,133676,Arkadiusz Milik,Juventus,Soccer,https://r2.thesportsdb.com/images/media/player/thumb/dg5t011533750617.jpg,https://r2.thesportsdb.com/images/media/player/cutout/3wwsgd1759225651.png,Poland,1994-02-28,Active,Male,Forward,29.06248664855957,Milik,True,False,False,REVIEW_REQUIRED,TheSportsDB,https://www.thesportsdb.com/player/34155400,2026-09-14T07:43:20.356202+00:00
34234220,139276,Fatah Achour,ASO Chlef,Soccer,,,Algeria,1994-08-15,,Male,Defender,25.907421112060547,Fatah,True,False,False,REVIEW_REQUIRED,TheSportsDB,https://www.thesportsdb.com/player/34234220,2026-09-14T07:43:22.628494+00:00
34172670,133859,M’Bala Nzola,Pisa,Soccer,https://r2.thesportsdb.com/images/media/player/thumb/8nhcsd1611002435.jpg,https://r2.thesportsdb.com/images/media/player/cutout/i6625q1764188951.png,Angola,1996-08-18,Active,Male,Forward,29.06248664855957,Nzola,True,False,False,REVIEW_REQUIRED,TheSportsDB,https://www.thesportsdb.com/player/34172670,2026-09-14T07:43:24.841388+00:00
34249727,133675,Jeff Ekhator,Genoa,Soccer,https://r2.thesportsdb.com/images/media/player/thumb/zbgikd1731101120.jpg,https://r2.thesportsdb.com/images/media/player/cutout/v0zi6i1758997489.png,Italy,2006-11-11,Active,Male,Attacker,29.06248664855957,Ekhator,True,False,False,REVIEW_REQUIRED,TheSportsDB,https://www.thesportsdb.com/player/34249727,2026-09-14T07:43:27.172773+00:00
34295690,135728,Nesta Elphege,Parma,Soccer,https://r2.thesportsdb.com/images/media/player/thumb/z53k9z1769868553.jpg,https://r2.thesportsdb.com/images/media/player/cutout/vmfx7c1769868781.png,France,2001-01-09,Active,Male,Forward,29.06248664855957,Elphege,True,False,False,REVIEW_REQUIRED,TheSportsDB,https://www.thesportsdb.com/player/34295690,2026-09-14T07:43:29.440916+00:00
34432794,135728,Simone Lontani,Parma,Soccer,,,Italy,2008-01-18,Active,Male,Centre-Forward,29.06248664855957,Lontani,True,False,False,REVIEW_REQUIRED,TheSportsDB,https://www.thesportsdb.com/player/34432794,2026-09-14T07:43:31.653847+00:00
34252016,133954,Santiago Eneme Bocari,Liberec,Soccer,,,Equatorial Guinea,2000-09-29,,Male,Midfielder,21.27803611755371,Enem,True,False,False,REVIEW_REQUIRED,TheSportsDB,https://www.thesportsdb.com/player/34252016,2026-09-14T07:43:33.889557+00:00
,,,,,,,,,,,,,Trepy,False,False,,,TheSportsDB,,2026-09-14T07:43:36.103983+00:00
34174963,138092,Mohamed Bayo,Gaziantep,Soccer,https://r2.thesportsdb.com/images/media/player/thumb/ubfka91631704867.jpg,https://r2.thesportsdb.com/images/media/player/cutout/izd8mq1702293114.png,Guinea,1998-06-04,Active,Male,Forward,18.29290008544922,Bayo V.,True,False,False,REVIEW_REQUIRED,TheSportsDB,https://www.thesportsdb.com/player/34174963,2026-09-14T07:43:38.355389+00:00
34349237,134010,Kornel Lisman,Lech Poznań,Soccer,https://r2.thesportsdb.com/images/media/player/thumb/wg550s1770496619.jpg,https://r2.thesportsdb.com/images/media/player/cutout/4tgqog1770496688.png,Poland,2006-02-20,,Male,Left Wing,29.06248664855957,Lisman,True,False,False,REVIEW_REQUIRED,TheSportsDB,https://www.thesportsdb.com/player/34349237,2026-09-14T07:43:40.573519+00:00
34216999,133787,Lion Lauberbach,Mechelen,Soccer,https://r2.thesportsdb.com/images/media/player/thumb/74o1k91767359369.jpg,https://r2.thesportsdb.com/images/media/player/cutout/uaoiny1767362399.png,Germany,1998-02-15,Active,Male,Forward,29.06248664855957,Lauberbach,True,False,False,REVIEW_REQUIRED,TheSportsDB,https://www.thesportsdb.com/player/34216999,2026-09-14T07:43:42.888480+00:00
34173998,134481,Antonis Martis,Perth Glory,Soccer,https://r2.thesportsdb.com/images/media/player/thumb/ugbpb41653247054.jpg,https://r2.thesportsdb.com/images/media/player/cutout/vf026d1716055266.png,Cyprus,2000-09-08,Active,Male,Midfielder,22.014801025390625,De Martis,True,False,False,REVIEW_REQUIRED,TheSportsDB,https://www.thesportsdb.com/player/34173998,2026-09-14T07:43:45.170811+00:00
34433692,134286,Robinho Júnior,Santos,Soccer,https://r2.thesportsdb.com/images/media/player/thumb/iku8521767783154.jpg,https://r2.thesportsdb.com/images/media/player/cutout/1ee2jh1767783202.png,Brazil,2007-12-17,Active,Male,Forward,29.590343475341797,Robinho Junior,True,True,False,REVIEW_REQUIRED,TheSportsDB,https://www.thesportsdb.com/player/34433692,2026-09-14T07:43:47.388297+00:00
